s_m,x_m,y_m,h_m,grade
0.0000,2334.1550,714.3169,168.3446,-0.0075
1.0003,2334.4131,715.2830,168.3372,-0.0075
2.0005,2334.6258,716.2601,168.3297,-0.0074
3.0008,2334.8022,717.2445,168.3223,-0.0074
4.0010,2334.9506,718.2334,168.3150,-0.0073
5.0012,2335.0751,719.2256,168.3078,-0.0071
6.0014,2335.1779,720.2203,168.3008,-0.0069
7.0016,2335.2381,721.2185,168.2940,-0.0067
8.0017,2335.2515,722.2184,168.2874,-0.0064
9.0019,2335.2172,723.2178,168.2812,-0.0060
10.0021,2335.1363,724.2145,168.2754,-0.0057
11.0023,2335.0129,725.2069,168.2699,-0.0053
12.0025,2334.8480,726.1932,168.2647,-0.0049
13.0027,2334.6468,727.1727,168.2600,-0.0045
14.0030,2334.4120,728.1448,168.2557,-0.0041
15.0033,2334.1384,729.1066,168.2518,-0.0037
16.0037,2333.8283,730.0573,168.2483,-0.0033
17.0040,2333.4864,730.9970,168.2451,-0.0030
18.0045,2333.1145,731.9253,168.2423,-0.0027
19.0050,2332.7121,732.8408,168.2398,-0.0024
20.0056,2332.2803,733.7428,168.2376,-0.0021
21.0062,2331.8183,734.6297,168.2356,-0.0019
22.0067,2331.3267,735.5004,168.2338,-0.0017
23.0075,2330.8037,736.3528,168.2323,-0.0015
24.0082,2330.2526,737.1872,168.2309,-0.0013
25.0091,2329.6720,738.0014,168.2296,-0.0012
26.0099,2329.0649,738.7960,168.2284,-0.0012
27.0109,2328.4284,739.5673,168.2273,-0.0011
28.0120,2327.7640,740.3147,168.2262,-0.0011
29.0130,2327.0754,741.0398,168.2252,-0.0011
30.0143,2326.3605,741.7391,168.2241,-0.0011
31.0155,2325.6193,742.4103,168.2230,-0.0011
32.0168,2324.8546,743.0547,168.2219,-0.0011
33.0182,2324.0661,743.6698,168.2208,-0.0012
34.0197,2323.2529,744.2518,168.2195,-0.0013
35.0211,2322.4145,744.7967,168.2182,-0.0014
36.0227,2321.5551,745.3080,168.2168,-0.0015
37.0244,2320.6744,745.7817,168.2152,-0.0016
38.0263,2319.7699,746.2083,168.2135,-0.0017
39.0281,2318.8444,746.5870,168.2117,-0.0019
40.0300,2317.9045,746.9285,168.2097,-0.0020
41.0319,2316.9528,747.2353,168.2076,-0.0022
42.0338,2315.9893,747.5029,168.2053,-0.0023
43.0359,2315.0151,747.7289,168.2029,-0.0025
44.0380,2314.0328,747.9163,168.2003,-0.0026
45.0400,2313.0454,748.0741,168.1976,-0.0027
46.0421,2312.0539,748.2045,168.1949,-0.0028
47.0442,2311.0597,748.3118,168.1920,-0.0029
48.0463,2310.0637,748.4009,168.1891,-0.0029
49.0485,2309.0662,748.4727,168.1861,-0.0029
50.0506,2308.0678,748.5291,168.1832,-0.0029
51.0527,2307.0688,748.5739,168.1804,-0.0028
52.0548,2306.0694,748.6081,168.1776,-0.0027
53.0570,2305.0697,748.6320,168.1750,-0.0025
54.0591,2304.0698,748.6438,168.1725,-0.0024
55.0612,2303.0698,748.6468,168.1702,-0.0022
56.0633,2302.0698,748.6411,168.1682,-0.0019
57.0655,2301.0699,748.6267,168.1663,-0.0017
58.0675,2300.0702,748.6034,168.1648,-0.0014
59.0697,2299.0707,748.5704,168.1635,-0.0012
60.0718,2298.0716,748.5278,168.1624,-0.0009
61.0740,2297.0730,748.4748,168.1616,-0.0006
62.0761,2296.0751,748.4103,168.1611,-0.0004
63.0781,2295.0785,748.3283,168.1609,-0.0001
64.0803,2294.0836,748.2271,168.1610,0.0002
65.0823,2293.0918,748.0997,168.1613,0.0005
66.0844,2292.1049,747.9382,168.1619,0.0008
67.0865,2291.1247,747.7400,168.1629,0.0011
68.0885,2290.1528,747.5047,168.1641,0.0014
69.0905,2289.1907,747.2320,168.1657,0.0017
70.0924,2288.2401,746.9218,168.1676,0.0021
71.0943,2287.3023,746.5746,168.1698,0.0024
72.0961,2286.3798,746.1886,168.1724,0.0028
73.0979,2285.4739,745.7651,168.1753,0.0031
74.0995,2284.5848,745.3075,168.1787,0.0035
75.1012,2283.7145,744.8149,168.1823,0.0038
76.1028,2282.8646,744.2880,168.1864,0.0042
77.1043,2282.0354,743.7290,168.1907,0.0045
78.1058,2281.2274,743.1398,168.1954,0.0048
79.1071,2280.4430,742.5196,168.2003,0.0050
80.1085,2279.6844,741.8680,168.2055,0.0053
81.1097,2278.9531,741.1859,168.2108,0.0054
82.1107,2278.2533,740.4717,168.2163,0.0055
83.1118,2277.5804,739.7319,168.2219,0.0056
84.1128,2276.9355,738.9677,168.2274,0.0055
85.1137,2276.3202,738.1794,168.2330,0.0055
86.1145,2275.7363,737.3676,168.2384,0.0053
87.1153,2275.1826,736.5348,168.2436,0.0052
88.1160,2274.6640,735.6798,168.2487,0.0050
89.1166,2274.1836,734.8028,168.2536,0.0047
90.1172,2273.7371,733.9080,168.2582,0.0045
91.1177,2273.3251,732.9968,168.2625,0.0042
92.1181,2272.9494,732.0701,168.2667,0.0040
93.1185,2272.6128,731.1285,168.2706,0.0038
94.1189,2272.3153,730.1737,168.2743,0.0036
95.1191,2272.0573,729.2076,168.2778,0.0035
96.1193,2271.8403,728.2315,168.2813,0.0034
97.1196,2271.6620,727.2475,168.2847,0.0034
98.1198,2271.5174,726.2580,168.2880,0.0034
99.1200,2271.4009,725.2648,168.2915,0.0035
100.1202,2271.3138,724.2686,168.2950,0.0036
101.1204,2271.2574,723.2702,168.2987,0.0038
102.1205,2271.2265,722.2707,168.3026,0.0041
103.1205,2271.2391,721.2709,168.3069,0.0044
104.1206,2271.4378,720.2910,168.3115,0.0048
105.1207,2271.4699,719.2916,168.3166,0.0053
106.1209,2271.5130,718.2925,168.3222,0.0059
107.1212,2271.5653,717.2938,168.3284,0.0066
108.1213,2271.6243,716.2956,168.3353,0.0073
109.1214,2271.6885,715.2977,168.3430,0.0082
110.1216,2271.7553,714.2999,168.3517,0.0091
111.1218,2271.8249,713.3023,168.3613,0.0101
112.1220,2271.8962,712.3049,168.3719,0.0112
113.1222,2271.9690,711.3075,168.3837,0.0124
114.1224,2272.0436,710.3103,168.3967,0.0136
115.1225,2272.1180,709.3131,168.4109,0.0149
116.1228,2272.1911,708.3157,168.4265,0.0162
117.1229,2272.2631,707.3184,168.4433,0.0174
118.1230,2272.2785,706.3185,168.4613,0.0187
119.1230,2272.2054,705.3214,168.4807,0.0199
120.1232,2272.2788,704.3241,168.5012,0.0211
121.1233,2272.3558,703.3271,168.5229,0.0222
122.1235,2272.4324,702.3300,168.5457,0.0232
123.1237,2272.5087,701.3329,168.5694,0.0242
124.1238,2272.5837,700.3358,168.5940,0.0250
125.1240,2272.6588,699.3386,168.6193,0.0256
126.1242,2272.7330,698.3414,168.6453,0.0262
127.1244,2272.8067,697.3441,168.6716,0.0265
128.1246,2272.8813,696.3469,168.6983,0.0267
129.1247,2272.9562,695.3497,168.7251,0.0268
130.1250,2273.0484,694.3539,168.7519,0.0266
131.1251,2273.1889,693.3639,168.7784,0.0263
132.1253,2273.2623,692.3666,168.8044,0.0258
133.1255,2273.3270,691.3687,168.8299,0.0251
134.1256,2273.3671,690.3695,168.8547,0.0243
135.1257,2273.4435,689.3725,168.8785,0.0233
136.1260,2273.5088,688.3746,168.9014,0.0223
137.1261,2273.5802,687.3772,168.9231,0.0211
138.1263,2273.6515,686.3797,168.9436,0.0199
139.1265,2273.7234,685.3823,168.9630,0.0187
140.1267,2273.7956,684.3849,168.9811,0.0175
141.1269,2273.8682,683.3875,168.9981,0.0164
142.1270,2273.9411,682.3902,169.0139,0.0153
143.1273,2274.0138,681.3928,169.0287,0.0143
144.1273,2274.0859,680.3955,169.0425,0.0134
145.1276,2274.1128,679.3958,169.0555,0.0127
146.1277,2274.1501,678.3965,169.0678,0.0120
147.1279,2274.2262,677.3994,169.0796,0.0115
148.1281,2274.3305,676.4049,169.0909,0.0112
149.1283,2274.4134,675.4083,169.1019,0.0109
150.1284,2274.4927,674.4115,169.1128,0.0108
151.1286,2274.5695,673.4145,169.1235,0.0107
152.1288,2274.6451,672.4173,169.1342,0.0107
153.1290,2274.7208,671.4202,169.1450,0.0108
154.1292,2274.7963,670.4230,169.1559,0.0110
155.1293,2274.8720,669.4259,169.1669,0.0111
156.1295,2274.9479,668.4288,169.1781,0.0113
157.1297,2275.0237,667.4317,169.1894,0.0114
158.1299,2275.0993,666.4345,169.2009,0.0115
159.1301,2275.1737,665.4373,169.2125,0.0117
160.1302,2275.2480,664.4401,169.2243,0.0117
161.1304,2275.3217,663.4428,169.2360,0.0118
162.1306,2275.3946,662.4454,169.2478,0.0118
163.1308,2275.4664,661.4480,169.2596,0.0118
164.1309,2275.5377,660.4506,169.2714,0.0117
165.1311,2275.6087,659.4531,169.2830,0.0116
166.1313,2275.6803,658.4557,169.2946,0.0115
167.1315,2275.7515,657.4582,169.3059,0.0113
168.1317,2275.8225,656.4607,169.3171,0.0111
169.1318,2275.8922,655.4632,169.3281,0.0109
170.1320,2275.9570,654.4653,169.3389,0.0106
171.1322,2276.0198,653.4672,169.3494,0.0104
172.1324,2276.0867,652.4695,169.3597,0.0101
173.1326,2276.1551,651.4718,169.3697,0.0099
174.1328,2276.2246,650.4742,169.3794,0.0096
175.1330,2276.2940,649.4766,169.3889,0.0093
176.1331,2276.3640,648.4791,169.3980,0.0090
177.1332,2276.4341,647.4816,169.4068,0.0087
178.1335,2276.5044,646.4840,169.4153,0.0084
179.1337,2276.5737,645.4864,169.4236,0.0081
180.1338,2276.6418,644.4888,169.4315,0.0078
181.1340,2276.7070,643.4909,169.4391,0.0075
182.1341,2276.7714,642.4930,169.4465,0.0072
183.1344,2276.8325,641.4948,169.4536,0.0069
184.1345,2276.8933,640.4967,169.4604,0.0067
185.1347,2276.9534,639.4985,169.4669,0.0064
186.1349,2277.0048,638.4998,169.4732,0.0062
187.1351,2277.0453,637.5006,169.4793,0.0060
188.1353,2277.0769,636.5011,169.4852,0.0058
189.1353,2277.0981,635.5014,169.4909,0.0056
190.1356,2277.1102,634.5014,169.4963,0.0054
191.1358,2277.1124,633.5014,169.5016,0.0052
192.1359,2277.1027,632.5015,169.5067,0.0050
193.1360,2277.0796,631.5018,169.5116,0.0048
194.1363,2277.0401,630.5025,169.5163,0.0046
195.1364,2276.9768,629.5046,169.5208,0.0044
196.1366,2276.8915,628.5082,169.5251,0.0042
197.1367,2276.7827,627.5142,169.5291,0.0039
198.1369,2276.6465,626.5235,169.5329,0.0037
199.1372,2276.4858,625.5365,169.5365,0.0034
200.1374,2276.2978,624.5543,169.5398,0.0032
201.1377,2276.0774,623.5789,169.5428,0.0029
202.1379,2275.8220,622.6121,169.5455,0.0026
203.1382,2275.5328,621.6549,169.5479,0.0022
204.1386,2275.2018,620.7113,169.5500,0.0019
205.1391,2274.8346,619.7811,169.5518,0.0016
206.1395,2274.4356,618.8642,169.5532,0.0013
207.1400,2274.0058,617.9613,169.5544,0.0009
208.1406,2273.5537,617.0693,169.5551,0.0006
209.1412,2273.0780,616.1897,169.5556,0.0003
210.1419,2272.5856,615.3193,169.5557,-0.0001
211.1425,2272.0706,614.4622,169.5554,-0.0004
212.1433,2271.5424,613.6130,169.5549,-0.0007
213.1441,2270.9991,612.7735,169.5540,-0.0010
214.1448,2270.4467,611.9399,169.5528,-0.0014
215.1456,2269.8868,611.1114,169.5513,-0.0017
216.1464,2269.3296,610.2810,169.5495,-0.0020
217.1471,2268.7752,609.4488,169.5474,-0.0022
218.1480,2268.2184,608.6181,169.5450,-0.0025
219.1487,2267.6644,607.7856,169.5424,-0.0028
220.1495,2267.1108,606.9528,169.5395,-0.0030
221.1503,2266.5597,606.1184,169.5364,-0.0032
222.1511,2266.0091,605.2836,169.5331,-0.0034
223.1518,2265.4530,604.4525,169.5297,-0.0035
224.1527,2264.8996,603.6195,169.5261,-0.0036
225.1534,2264.3452,602.7873,169.5224,-0.0037
226.1542,2263.7928,601.9537,169.5187,-0.0038
227.1549,2263.2416,601.1194,169.5149,-0.0038
228.1557,2262.6897,600.2855,169.5111,-0.0038
229.1565,2262.1348,599.4535,169.5073,-0.0038
230.1573,2261.5788,598.6223,169.5036,-0.0037
231.1581,2261.0234,597.7908,169.4999,-0.0036
232.1589,2260.4668,596.9600,169.4964,-0.0035
233.1597,2259.9065,596.1317,169.4929,-0.0034
234.1604,2259.3513,595.3000,169.4896,-0.0032
235.1612,2258.7974,594.4674,169.4865,-0.0031
236.1620,2258.2445,593.6342,169.4835,-0.0029
237.1629,2257.6897,592.8021,169.4807,-0.0027
238.1636,2257.1370,591.9688,169.4781,-0.0025
239.1644,2256.5840,591.1356,169.4757,-0.0023
240.1651,2256.0303,590.3029,169.4736,-0.0021
241.1659,2255.4739,589.4720,169.4716,-0.0018
242.1667,2254.9151,588.6427,169.4699,-0.0016
243.1675,2254.3591,587.8115,169.4685,-0.0013
244.1683,2253.8054,586.9787,169.4673,-0.0010
245.1691,2253.2529,586.1452,169.4664,-0.0007
246.1698,2252.6975,585.3137,169.4658,-0.0004
247.1706,2252.1405,584.4832,169.4655,-0.0001
248.1714,2251.5870,583.6503,169.4656,0.0003
249.1722,2251.0293,582.8203,169.4660,0.0007
250.1730,2250.4734,581.9890,169.4669,0.0011
251.1738,2249.9129,581.1609,169.4682,0.0016
252.1746,2249.3546,580.3312,169.4701,0.0021
253.1754,2248.7933,579.5036,169.4724,0.0026
254.1761,2248.2383,578.6718,169.4753,0.0032
255.1769,2247.6796,577.8424,169.4788,0.0038
256.1777,2247.1294,577.0074,169.4830,0.0045
257.1785,2246.5770,576.1738,169.4878,0.0052
258.1793,2246.0253,575.3397,169.4934,0.0059
259.1801,2245.4739,574.5055,169.4996,0.0066
260.1808,2244.9234,573.6707,169.5066,0.0073
261.1816,2244.3717,572.8366,169.5143,0.0081
262.1824,2243.8195,572.0029,169.5227,0.0088
263.1832,2243.2667,571.1696,169.5318,0.0095
264.1840,2242.7181,570.3335,169.5416,0.0101
265.1847,2242.1727,569.4953,169.5521,0.0107
266.1854,2241.6273,568.6572,169.5631,0.0113
267.1862,2241.0816,567.8192,169.5747,0.0118
268.1869,2240.5322,566.9837,169.5867,0.0123
269.1878,2239.9788,566.1507,169.5992,0.0127
270.1886,2239.4221,565.3200,169.6121,0.0130
271.1894,2238.8688,564.4870,169.6253,0.0133
272.1901,2238.3096,563.6580,169.6388,0.0136
273.1909,2237.7498,562.8294,169.6525,0.0138
274.1918,2237.1872,562.0026,169.6663,0.0139
275.1925,2236.6246,561.1759,169.6803,0.0140
276.1933,2236.0617,560.3494,169.6944,0.0141
277.1941,2235.4989,559.5228,169.7086,0.0142
278.1950,2234.9352,558.6968,169.7228,0.0142
279.1958,2234.3718,557.8706,169.7371,0.0142
280.1965,2233.8101,557.0433,169.7513,0.0142
281.1974,2233.2419,556.2204,169.7656,0.0143
282.1982,2232.6704,555.3998,169.7799,0.0143
283.1990,2232.1046,554.5753,169.7941,0.0143
284.1998,2231.5410,553.7492,169.8084,0.0143
285.2006,2230.9804,552.9211,169.8228,0.0143
286.2014,2230.4213,552.0920,169.8372,0.0144
287.2022,2229.8624,551.2628,169.8516,0.0145
288.2031,2229.3030,550.4338,169.8662,0.0146
289.2038,2228.7442,549.6046,169.8808,0.0147
290.2046,2228.1903,548.7720,169.8956,0.0149
291.2054,2227.6358,547.9398,169.9106,0.0150
292.2061,2227.0826,547.1068,169.9257,0.0152
293.2069,2226.5303,546.2731,169.9411,0.0155
294.2077,2225.9771,545.4401,169.9567,0.0157
295.2085,2225.4220,544.6083,169.9725,0.0160
296.2093,2224.8724,543.7728,169.9886,0.0162
297.2101,2224.3189,542.9400,170.0050,0.0165
298.2108,2223.7663,542.1066,170.0216,0.0168
299.2116,2223.2148,541.2724,170.0385,0.0170
300.2124,2222.6632,540.4383,170.0557,0.0173
301.2132,2222.1101,539.6051,170.0731,0.0175
302.2140,2221.5563,538.7725,170.0907,0.0177
303.2148,2221.0010,537.9408,170.1085,0.0179
304.2155,2220.4443,537.1102,170.1265,0.0181
305.2164,2219.8885,536.2788,170.1447,0.0182
306.2172,2219.3334,535.4470,170.1629,0.0183
307.2179,2218.7762,534.6167,170.1813,0.0183
308.2187,2218.2220,533.7843,170.1996,0.0184
309.2195,2217.6649,532.9538,170.2180,0.0183
310.2203,2217.1084,532.1230,170.2363,0.0183
311.2211,2216.5514,531.2925,170.2546,0.0182
312.2219,2215.9920,530.4636,170.2727,0.0181
313.2226,2215.4395,529.6301,170.2907,0.0179
314.2234,2214.8805,528.8009,170.3086,0.0177
315.2242,2214.3250,527.9694,170.3262,0.0175
316.2250,2213.7716,527.1365,170.3436,0.0173
317.2258,2213.2171,526.3043,170.3608,0.0170
318.2265,2212.6645,525.4709,170.3777,0.0168
319.2274,2212.1098,524.6388,170.3944,0.0165
320.2281,2211.5533,523.8080,170.4108,0.0163
321.2289,2210.9977,522.9765,170.4270,0.0160
322.2297,2210.4459,522.1426,170.4429,0.0158
323.2305,2209.8988,521.3054,170.4585,0.0155
324.2313,2209.3487,520.4703,170.4739,0.0153
325.2321,2208.8003,519.6341,170.4891,0.0150
326.2329,2208.2522,518.7977,170.5040,0.0148
327.2336,2207.7012,517.9632,170.5188,0.0146
328.2344,2207.1534,517.1266,170.5334,0.0145
329.2352,2206.6025,516.2920,170.5477,0.0143
330.2359,2206.0545,515.4556,170.5620,0.0142
331.2367,2205.5111,514.6161,170.5761,0.0140
332.2374,2204.9627,513.7799,170.5901,0.0139
333.2382,2204.4141,512.9438,170.6039,0.0138
334.2390,2203.8651,512.1080,170.6177,0.0138
335.2398,2203.3144,511.2733,170.6315,0.0137
336.2405,2202.7592,510.4416,170.6452,0.0137
337.2413,2202.2059,509.6086,170.6588,0.0137
338.2421,2201.6522,508.7759,170.6725,0.0136
339.2430,2201.0985,507.9431,170.6862,0.0137
340.2437,2200.5474,507.1087,170.6998,0.0137
341.2445,2199.9938,506.2759,170.7135,0.0137
342.2453,2199.4383,505.4444,170.7273,0.0138
343.2461,2198.8822,504.6133,170.7411,0.0138
344.2469,2198.3282,503.7808,170.7549,0.0139
345.2477,2197.7719,502.9498,170.7688,0.0139
346.2485,2197.2169,502.1179,170.7828,0.0140
347.2493,2196.6642,501.2845,170.7968,0.0141
348.2501,2196.1147,500.4490,170.8110,0.0142
349.2509,2195.5637,499.6145,170.8252,0.0142
350.2516,2195.0098,498.7820,170.8394,0.0143
351.2524,2194.4545,497.9503,170.8538,0.0144
352.2531,2193.9010,497.1175,170.8682,0.0144
353.2540,2193.3493,496.2834,170.8827,0.0145
354.2547,2192.7937,495.4520,170.8972,0.0145
355.2555,2192.2381,494.6206,170.9118,0.0146
356.2564,2191.6901,493.7840,170.9264,0.0146
357.2571,2191.1384,492.9500,170.9410,0.0146
358.2578,2190.5866,492.1161,170.9556,0.0146
359.2587,2190.0342,491.2824,170.9703,0.0146
360.2595,2189.4807,490.4496,170.9849,0.0146
361.2602,2188.9314,489.6140,170.9996,0.0146
362.2610,2188.3793,488.7802,171.0142,0.0146
363.2618,2187.8252,487.9477,171.0287,0.0145
364.2626,2187.2705,487.1157,171.0433,0.0145
365.2633,2186.7179,486.2823,171.0577,0.0144
366.2642,2186.1651,485.4489,171.0721,0.0143
367.2650,2185.6097,484.6173,171.0864,0.0143
368.2657,2185.0510,483.7880,171.1007,0.0142
369.2665,2184.4957,482.9564,171.1149,0.0141
370.2673,2183.9392,482.1255,171.1290,0.0140
371.2681,2183.3841,481.2937,171.1430,0.0140
372.2689,2182.8309,480.4607,171.1569,0.0139
373.2697,2182.2780,479.6274,171.1708,0.0138
374.2704,2181.7286,478.7919,171.1845,0.0137
375.2712,2181.1728,477.9606,171.1982,0.0137
376.2721,2180.6130,477.1319,171.2119,0.0136
377.2729,2180.0546,476.3023,171.2254,0.0135
378.2737,2179.5009,475.4696,171.2389,0.0135
379.2744,2178.9494,474.6355,171.2524,0.0134
380.2752,2178.3974,473.8016,171.2658,0.0134
381.2760,2177.8432,472.9692,171.2791,0.0133
382.2768,2177.2935,472.1339,171.2924,0.0133
383.2775,2176.7425,471.2994,171.3057,0.0132
384.2783,2176.1909,470.4653,171.3189,0.0132
385.2792,2175.6387,469.6315,171.3321,0.0132
386.2800,2175.0847,468.7990,171.3453,0.0132
387.2807,2174.5339,467.9644,171.3585,0.0131
388.2815,2173.9836,467.1294,171.3716,0.0131
389.2823,2173.4324,466.2950,171.3847,0.0131
390.2831,2172.8831,465.4594,171.3978,0.0130
391.2838,2172.3299,464.6264,171.4108,0.0130
392.2846,2171.7745,463.7948,171.4238,0.0129
393.2854,2171.2185,462.9636,171.4367,0.0129
394.2863,2170.6634,462.1318,171.4495,0.0128
395.2871,2170.1125,461.2972,171.4623,0.0127
396.2878,2169.5638,460.4612,171.4749,0.0126
397.2886,2169.0148,459.6254,171.4875,0.0125
398.2893,2168.4628,458.7916,171.4999,0.0123
399.2902,2167.9075,457.9599,171.5121,0.0122
400.2909,2167.3507,457.1293,171.5242,0.0120
401.2918,2166.7957,456.2974,171.5362,0.0118
402.2926,2166.2395,455.4663,171.5479,0.0116
403.2933,2165.6837,454.6351,171.5594,0.0114
404.2941,2165.1286,453.8033,171.5707,0.0112
405.2950,2164.5737,452.9713,171.5817,0.0109
406.2957,2164.0190,452.1393,171.5925,0.0107
407.2966,2163.4634,451.3078,171.6031,0.0104
408.2973,2162.9066,450.4772,171.6134,0.0102
409.2981,2162.3525,449.6447,171.6234,0.0099
410.2989,2161.7960,448.8139,171.6332,0.0096
411.2997,2161.2394,447.9831,171.6427,0.0094
412.3005,2160.6855,447.1505,171.6520,0.0091
413.3013,2160.1333,446.3168,171.6610,0.0089
414.3021,2159.5796,445.4841,171.6697,0.0086
415.3029,2159.0243,444.6524,171.6783,0.0084
416.3037,2158.4694,443.8205,171.6866,0.0082
417.3044,2157.9132,442.9895,171.6946,0.0080
418.3052,2157.3564,442.1589,171.7025,0.0077
419.3061,2156.7991,441.3285,171.7101,0.0075
420.3068,2156.2426,440.4977,171.7176,0.0073
421.3077,2155.6861,439.6668,171.7248,0.0071
422.3084,2155.1299,438.8358,171.7318,0.0069
423.3092,2154.5740,438.0046,171.7387,0.0068
424.3100,2154.0194,437.1724,171.7453,0.0066
425.3108,2153.4657,436.3397,171.7518,0.0064
426.3116,2152.9125,435.5067,171.7581,0.0062
427.3124,2152.3587,434.6740,171.7643,0.0061
428.3132,2151.8068,433.8401,171.7703,0.0059
429.3140,2151.2541,433.0067,171.7761,0.0058
430.3148,2150.6999,432.1743,171.7818,0.0056
431.3156,2150.1474,431.3408,171.7873,0.0055
432.3164,2149.5940,430.5079,171.7928,0.0054
433.3171,2149.0406,429.6750,171.7980,0.0052
434.3179,2148.4878,428.8417,171.8032,0.0051
435.3187,2147.9360,428.0077,171.8083,0.0051
436.3195,2147.3848,427.1733,171.8134,0.0050
437.3203,2146.8342,426.3386,171.8183,0.0049
438.3210,2146.2844,425.5033,171.8232,0.0049
439.3218,2145.7364,424.6668,171.8281,0.0048
440.3226,2145.1905,423.8290,171.8329,0.0048
441.3234,2144.6430,422.9921,171.8377,0.0048
442.3242,2144.0944,422.1560,171.8425,0.0048
443.3250,2143.5453,421.3203,171.8473,0.0048
444.3257,2142.9952,420.4852,171.8521,0.0048
445.3266,2142.4438,419.6509,171.8568,0.0048
446.3274,2141.8916,418.8172,171.8616,0.0048
447.3281,2141.3386,417.9841,171.8664,0.0047
448.3289,2140.7841,417.1519,171.8711,0.0047
449.3297,2140.2260,416.3221,171.8758,0.0046
450.3306,2139.6667,415.4931,171.8804,0.0046
451.3314,2139.1054,414.6655,171.8849,0.0044
452.3322,2138.5436,413.8382,171.8893,0.0043
453.3329,2137.9836,413.0098,171.8935,0.0042
454.3337,2137.4255,412.1800,171.8976,0.0040
455.3345,2136.8648,411.3520,171.9015,0.0038
456.3354,2136.3017,410.5256,171.9052,0.0036
457.3362,2135.7394,409.6986,171.9086,0.0033
458.3370,2135.1794,408.8701,171.9118,0.0031
459.3378,2134.6195,408.0416,171.9147,0.0028
460.3386,2134.0637,407.2103,171.9174,0.0025
461.3394,2133.5016,406.3832,171.9197,0.0022
462.3402,2132.9387,405.5567,171.9218,0.0019
463.3411,2132.3774,404.7290,171.9236,0.0017
464.3419,2131.8178,403.9003,171.9251,0.0014
465.3427,2131.2582,403.0715,171.9264,0.0011
466.3435,2130.7045,402.2388,171.9273,0.0008
467.3443,2130.1547,401.4035,171.9280,0.0006
468.3450,2129.6071,400.5668,171.9285,0.0003
469.3458,2129.0618,399.7285,171.9287,0.0001
470.3466,2128.5171,398.8899,171.9287,-0.0001
471.3474,2127.9702,398.0527,171.9284,-0.0004
472.3482,2127.4213,397.2168,171.9280,-0.0006
473.3489,2126.8734,396.3803,171.9273,-0.0008
474.3497,2126.3293,395.5412,171.9264,-0.0010
475.3505,2125.7815,394.7046,171.9253,-0.0012
476.3513,2125.2336,393.8681,171.9240,-0.0014
477.3520,2124.6830,393.0334,171.9225,-0.0016
478.3527,2124.1334,392.1980,171.9208,-0.0018
479.3536,2123.5873,391.3602,171.9189,-0.0020
480.3544,2123.0395,390.5236,171.9168,-0.0021
481.3551,2122.4887,389.6890,171.9146,-0.0023
482.3560,2121.9373,388.8547,171.9122,-0.0025
483.3567,2121.3806,388.0240,171.9097,-0.0026
484.3576,2120.8222,387.1944,171.9070,-0.0028
485.3584,2120.2665,386.3630,171.9041,-0.0029
486.3591,2119.7114,385.5313,171.9011,-0.0030
487.3599,2119.1550,384.7004,171.8981,-0.0031
488.3607,2118.5977,383.8701,171.8949,-0.0032
489.3616,2118.0395,383.0403,171.8916,-0.0033
490.3624,2117.4806,382.2111,171.8882,-0.0034
491.3631,2116.9213,381.3822,171.8847,-0.0035
492.3640,2116.3592,380.5551,171.8812,-0.0035
493.3648,2115.8003,379.7258,171.8777,-0.0036
494.3656,2115.2436,378.8951,171.8741,-0.0036
495.3664,2114.6896,378.0626,171.8705,-0.0036
496.3671,2114.1361,377.2298,171.8668,-0.0036
497.3680,2113.5828,376.3968,171.8632,-0.0036
498.3688,2113.0312,375.5626,171.8596,-0.0036
499.3696,2112.4795,374.7286,171.8561,-0.0035
500.3704,2111.9237,373.8973,171.8526,-0.0035
501.3711,2111.3688,373.0654,171.8491,-0.0034
502.3720,2110.8140,372.2334,171.8457,-0.0034
503.3727,2110.2591,371.4015,171.8423,-0.0034
504.3736,2109.7029,370.5704,171.8389,-0.0034
505.3743,2109.1475,369.7389,171.8355,-0.0034
506.3752,2108.5950,368.9053,171.8321,-0.0034
507.3759,2108.0522,368.0655,171.8287,-0.0035
508.3767,2107.5218,367.2177,171.8251,-0.0037
509.3774,2106.9851,366.3740,171.8214,-0.0039
510.3782,2106.4352,365.5387,171.8174,-0.0042
511.3790,2105.8836,364.7046,171.8130,-0.0045
512.3798,2105.3325,363.8702,171.8083,-0.0050
513.3806,2104.7833,363.0345,171.8031,-0.0055
514.3814,2104.2299,362.2016,171.7974,-0.0061
515.3822,2103.6750,361.3696,171.7910,-0.0067
516.3830,2103.1230,360.5358,171.7840,-0.0074
517.3837,2102.5766,359.6983,171.7762,-0.0081
518.3846,2102.0272,358.8627,171.7677,-0.0088
519.3853,2101.4830,358.0238,171.7586,-0.0095
520.3861,2100.9385,357.1850,171.7487,-0.0101
521.3869,2100.3921,356.3475,171.7383,-0.0106
522.3877,2099.8435,355.5114,171.7275,-0.0110
523.3884,2099.2928,354.6767,171.7163,-0.0112
524.3893,2098.7359,353.8461,171.7050,-0.0113
525.3901,2098.1594,353.0290,171.6937,-0.0111
526.3910,2097.5673,352.2232,171.6827,-0.0108
527.3918,2096.9891,351.4073,171.6721,-0.0102
528.3926,2096.4275,350.5799,171.6622,-0.0095
529.3934,2095.8703,349.7495,171.6531,-0.0086
530.3942,2095.3165,348.9169,171.6451,-0.0075
531.3951,2094.7646,348.0829,171.6381,-0.0063
532.3958,2094.2152,347.2474,171.6324,-0.0050
533.3966,2093.6596,346.4159,171.6280,-0.0037
534.3974,2093.1024,345.5856,171.6250,-0.0024
535.3982,2092.5400,344.7587,171.6232,-0.0011
536.3991,2091.9816,343.9291,171.6227,0.0001
537.3998,2091.4280,343.0964,171.6234,0.0012
538.4006,2090.8771,342.2618,171.6252,0.0022
539.4014,2090.3307,341.4243,171.6279,0.0031
540.4021,2089.7950,340.5799,171.6314,0.0039
541.4029,2089.2599,339.7351,171.6356,0.0044
542.4037,2088.7209,338.8928,171.6403,0.0048
543.4045,2088.1741,338.0555,171.6453,0.0051
544.4053,2087.6234,337.2208,171.6505,0.0052
545.4061,2087.0700,336.3878,171.6557,0.0052
546.4069,2086.5185,335.5537,171.6609,0.0051
547.4076,2085.9639,334.7216,171.6659,0.0049
548.4084,2085.4087,333.8899,171.6706,0.0046
549.4092,2084.8529,333.0586,171.6750,0.0042
550.4101,2084.2988,332.2261,171.6790,0.0038
551.4109,2083.7424,331.3952,171.6826,0.0033
552.4117,2083.1859,330.5643,171.6857,0.0029
553.4125,2082.6278,329.7345,171.6884,0.0024
554.4133,2082.0712,328.9038,171.6906,0.0019
555.4140,2081.5159,328.0722,171.6923,0.0015
556.4149,2080.9614,327.2399,171.6935,0.0010
557.4157,2080.4028,326.4105,171.6943,0.0005
558.4165,2079.8452,325.5804,171.6946,0.0001
559.4173,2079.2880,324.7500,171.6945,-0.0004
560.4181,2078.7283,323.9213,171.6938,-0.0008
561.4189,2078.1676,323.0933,171.6928,-0.0013
562.4197,2077.6142,322.2604,171.6912,-0.0018
563.4205,2077.0572,321.4299,171.6891,-0.0023
564.4214,2076.4894,320.6067,171.6866,-0.0029
565.4222,2075.9248,319.7813,171.6834,-0.0034
566.4230,2075.3664,318.9518,171.6797,-0.0040
567.4239,2074.8015,318.1266,171.6754,-0.0047
568.4247,2074.2396,317.2994,171.6704,-0.0053
569.4255,2073.6758,316.4735,171.6647,-0.0060
570.4263,2073.1104,315.6487,171.6584,-0.0067
571.4272,2072.5414,314.8263,171.6514,-0.0073
572.4280,2071.9759,314.0016,171.6437,-0.0080
573.4288,2071.4085,313.1781,171.6354,-0.0086
574.4296,2070.8351,312.3589,171.6264,-0.0092
575.4305,2070.2644,311.5377,171.6170,-0.0096
576.4313,2069.6882,310.7204,171.6072,-0.0100
577.4322,2069.1073,309.9064,171.5970,-0.0102
578.4330,2068.5295,309.0903,171.5867,-0.0104
579.4339,2067.9597,308.2685,171.5762,-0.0104
580.4347,2067.3623,307.4666,171.5659,-0.0103
581.4357,2066.7649,306.6646,171.5557,-0.0100
582.4365,2066.1646,305.8649,171.5458,-0.0096
583.4374,2065.5583,305.0697,171.5364,-0.0092
584.4384,2064.9519,304.2745,171.5274,-0.0087
585.4393,2064.3431,303.4812,171.5191,-0.0081
586.4403,2063.7327,302.6891,171.5113,-0.0075
587.4413,2063.1222,301.8970,171.5041,-0.0068
588.4422,2062.5028,301.1120,171.4976,-0.0062
589.4432,2061.8825,300.3276,171.4917,-0.0056
590.4441,2061.2611,299.5441,171.4864,-0.0050
591.4451,2060.6360,298.7636,171.4816,-0.0045
592.4461,2060.0108,297.9831,171.4773,-0.0041
593.4471,2059.3824,297.2052,171.4734,-0.0037
594.4480,2058.7508,296.4300,171.4698,-0.0034
595.4490,2058.1191,295.6547,171.4665,-0.0032
596.4500,2057.4814,294.8844,171.4634,-0.0030
597.4511,2056.8421,294.1154,171.4605,-0.0029
598.4521,2056.2023,293.3469,171.4576,-0.0029
599.4531,2055.5569,292.5831,171.4547,-0.0029
600.4541,2054.9115,291.8192,171.4519,-0.0029
601.4551,2054.2638,291.0574,171.4489,-0.0030
602.4562,2053.6124,290.2986,171.4459,-0.0031
603.4572,2052.9610,289.5399,171.4428,-0.0032
604.4581,2052.2912,288.7976,171.4396,-0.0033
605.4593,2051.6127,288.0629,171.4362,-0.0034
606.4604,2050.9320,287.3304,171.4327,-0.0035
607.4615,2050.2470,286.6019,171.4291,-0.0037
608.4626,2049.5606,285.8747,171.4254,-0.0038
609.4638,2048.8742,285.1474,171.4216,-0.0039
610.4649,2048.1827,284.4251,171.4177,-0.0039
611.4662,2047.4884,283.7053,171.4137,-0.0040
612.4673,2046.7940,282.9857,171.4097,-0.0040
613.4685,2046.0974,282.2683,171.4057,-0.0040
614.4696,2045.3969,281.5547,171.4017,-0.0040
615.4708,2044.6950,280.8424,171.3977,-0.0040
616.4720,2043.9931,280.1301,171.3938,-0.0039
617.4732,2043.2868,279.4222,171.3899,-0.0039
618.4744,2042.5782,278.7166,171.3860,-0.0038
619.4756,2041.8695,278.0111,171.3823,-0.0037
620.4768,2041.1587,277.3077,171.3786,-0.0036
621.4781,2040.4443,276.6079,171.3750,-0.0036
622.4792,2039.7288,275.9094,171.3715,-0.0035
623.4805,2039.0133,275.2108,171.3680,-0.0034
624.4817,2038.2932,274.5169,171.3647,-0.0033
625.4830,2037.5708,273.8254,171.3613,-0.0033
626.4842,2036.8483,273.1341,171.3581,-0.0033
627.4854,2036.1209,272.4479,171.3548,-0.0032
628.4867,2035.3910,271.7643,171.3516,-0.0032
629.4881,2034.6609,271.0809,171.3484,-0.0032
630.4893,2033.9258,270.4030,171.3451,-0.0032
631.4906,2033.1881,269.7279,171.3419,-0.0033
632.4919,2032.4479,269.0555,171.3386,-0.0033
633.4932,2031.7034,268.3879,171.3352,-0.0034
634.4945,2030.9576,267.7217,171.3318,-0.0034
635.4959,2030.2061,267.0619,171.3284,-0.0035
636.4972,2029.4519,266.4053,171.3248,-0.0036
637.4986,2028.6949,265.7519,171.3211,-0.0037
638.4999,2027.9332,265.1040,171.3173,-0.0038
639.5012,2027.1702,264.4577,171.3135,-0.0039
640.5027,2026.4016,263.8179,171.3095,-0.0040
641.5040,2025.6305,263.1813,171.3054,-0.0042
642.5055,2024.8568,262.5476,171.3011,-0.0043
643.5069,2024.0791,261.9190,171.2968,-0.0044
644.5083,2023.3002,261.2918,171.2923,-0.0045
645.5097,2022.5163,260.6710,171.2876,-0.0047
646.5112,2021.7301,260.0530,171.2829,-0.0048
647.5126,2020.9437,259.4353,171.2780,-0.0050
648.5141,2020.1525,258.8237,171.2730,-0.0051
649.5155,2019.3592,258.2150,171.2678,-0.0052
650.5170,2018.5656,257.6065,171.2625,-0.0054
651.5185,2017.7678,257.0036,171.2570,-0.0055
652.5200,2016.9681,256.4032,171.2514,-0.0056
653.5214,2016.1683,255.8030,171.2457,-0.0058
654.5230,2015.3667,255.2051,171.2399,-0.0059
655.5245,2014.5621,254.6113,171.2339,-0.0060
656.5260,2013.7566,254.0187,171.2278,-0.0061
657.5275,2012.9511,253.4261,171.2217,-0.0062
658.5290,2012.1456,252.8335,171.2155,-0.0062
659.5305,2011.3371,252.2450,171.2092,-0.0063
660.5321,2010.5273,251.6582,171.2029,-0.0063
661.5336,2009.7175,251.0716,171.1966,-0.0063
662.5351,2008.9076,250.4850,171.1903,-0.0063
663.5367,2008.0978,249.8983,171.1840,-0.0062
664.5382,2007.2879,249.3117,171.1778,-0.0061
665.5397,2006.4749,248.7295,171.1717,-0.0060
666.5413,2005.6605,248.1491,171.1657,-0.0059
667.5428,2004.8461,247.5689,171.1598,-0.0058
668.5444,2004.0316,246.9887,171.1540,-0.0057
669.5459,2003.2125,246.4151,171.1484,-0.0056
670.5474,2002.3915,245.8442,171.1428,-0.0055
671.5490,2001.5703,245.2735,171.1373,-0.0054
672.5505,2000.7438,244.7107,171.1320,-0.0053
673.5522,1999.9150,244.1511,171.1267,-0.0053
674.5538,1999.0836,243.5954,171.1214,-0.0052
675.5554,1998.2480,243.0461,171.1162,-0.0052
676.5570,1997.4090,242.5020,171.1110,-0.0052
677.5587,1996.5659,241.9642,171.1058,-0.0052
678.5603,1995.7192,241.4321,171.1006,-0.0052
679.5620,1994.8682,240.9070,171.0954,-0.0052
680.5637,1994.0161,240.3836,171.0901,-0.0053
681.5653,1993.1586,239.8692,171.0848,-0.0053
682.5671,1992.2989,239.3583,171.0795,-0.0053
683.5687,1991.4370,238.8513,171.0742,-0.0054
684.5705,1990.5713,238.3507,171.0688,-0.0054
685.5722,1989.7048,237.8516,171.0634,-0.0054
686.5739,1988.8363,237.3558,171.0580,-0.0053
687.5756,1987.9646,236.8659,171.0527,-0.0053
688.5774,1987.0921,236.3772,171.0474,-0.0052
689.5792,1986.2196,235.8886,171.0422,-0.0051
690.5809,1985.3436,235.4064,171.0371,-0.0050
691.5827,1984.4662,234.9265,171.0321,-0.0049
692.5844,1983.5888,234.4468,171.0273,-0.0048
693.5862,1982.7098,233.9699,171.0226,-0.0046
694.5880,1981.8283,233.4977,171.0180,-0.0045
695.5897,1980.9463,233.0266,171.0136,-0.0043
696.5915,1980.0642,232.5555,171.0094,-0.0041
697.5933,1979.1786,232.0911,171.0053,-0.0040
698.5951,1978.2918,231.6290,171.0014,-0.0038
699.5969,1977.4049,231.1670,170.9976,-0.0037
700.5988,1976.5144,230.7119,170.9939,-0.0036
701.6006,1975.6228,230.2591,170.9904,-0.0035
702.6024,1974.7312,229.8064,170.9869,-0.0034
703.6043,1973.8358,229.3610,170.9835,-0.0034
704.6061,1972.9393,228.9180,170.9802,-0.0034
705.6079,1972.0427,228.4751,170.9768,-0.0034
706.6097,1971.1445,228.0356,170.9734,-0.0034
707.6116,1970.2436,227.6016,170.9700,-0.0035
708.6134,1969.3422,227.1686,170.9665,-0.0036
709.6153,1968.4393,226.7388,170.9629,-0.0037
710.6171,1967.5339,226.3143,170.9591,-0.0039
711.6190,1966.6280,225.8908,170.9551,-0.0040
712.6209,1965.7206,225.4705,170.9510,-0.0043
713.6229,1964.8106,225.0557,170.9466,-0.0045
714.6247,1963.9003,224.6419,170.9420,-0.0047
715.6266,1962.9899,224.2281,170.9371,-0.0050
716.6285,1962.0764,223.8214,170.9320,-0.0052
717.6304,1961.1618,223.4169,170.9266,-0.0055
718.6324,1960.2472,223.0125,170.9210,-0.0058
719.6343,1959.3313,222.6111,170.9151,-0.0060
720.6362,1958.4133,222.2146,170.9089,-0.0063
721.6380,1957.4950,221.8188,170.9024,-0.0066
722.6400,1956.5766,221.4231,170.8957,-0.0068
723.6419,1955.6554,221.0340,170.8888,-0.0070
724.6438,1954.7334,220.6469,170.8816,-0.0073
725.6458,1953.8113,220.2598,170.8742,-0.0075
726.6477,1952.8893,219.8728,170.8666,-0.0077
727.6497,1951.9645,219.4922,170.8587,-0.0079
728.6516,1951.0390,219.1135,170.8507,-0.0081
729.6535,1950.1135,218.7348,170.8424,-0.0083
730.6555,1949.1879,218.3562,170.8340,-0.0085
731.6575,1948.2614,217.9798,170.8253,-0.0087
732.6594,1947.3334,217.6073,170.8164,-0.0090
733.6614,1946.4052,217.2353,170.8074,-0.0092
734.6633,1945.4770,216.8632,170.7981,-0.0094
735.6653,1944.5488,216.4912,170.7885,-0.0096
736.6673,1943.6205,216.1192,170.7788,-0.0098
737.6692,1942.6923,215.7472,170.7688,-0.0101
738.6712,1941.7627,215.3787,170.7586,-0.0103
739.6732,1940.8327,215.0110,170.7482,-0.0106
740.6751,1939.9028,214.6434,170.7375,-0.0108
741.6771,1938.9728,214.2757,170.7265,-0.0110
742.6791,1938.0428,213.9081,170.7153,-0.0113
743.6811,1937.1128,213.5405,170.7039,-0.0115
744.6829,1936.1829,213.1729,170.6923,-0.0117
745.6850,1935.2522,212.8069,170.6804,-0.0119
746.6870,1934.3205,212.4437,170.6683,-0.0122
747.6889,1933.3887,212.0808,170.6560,-0.0124
748.6909,1932.4569,211.7179,170.6436,-0.0126
749.6928,1931.5251,211.3549,170.6309,-0.0128
750.6948,1930.5933,210.9920,170.6180,-0.0130
751.6968,1929.6592,210.6348,170.6049,-0.0132
752.6988,1928.7247,210.2789,170.5916,-0.0134
753.7008,1927.7902,209.9230,170.5781,-0.0136
754.7028,1926.8556,209.5671,170.5644,-0.0138
755.7047,1925.9185,209.2183,170.5504,-0.0141
756.7068,1924.9808,208.8708,170.5362,-0.0144
757.7088,1924.0430,208.5235,170.5216,-0.0147
758.7108,1923.1040,208.1796,170.5068,-0.0150
759.7128,1922.1630,207.8413,170.4916,-0.0154
760.7148,1921.2218,207.5035,170.4760,-0.0157
761.7168,1920.2792,207.1695,170.4600,-0.0162
762.7189,1919.3344,206.8417,170.4436,-0.0166
763.7209,1918.3895,206.5144,170.4268,-0.0170
764.7229,1917.4431,206.1914,170.4095,-0.0175
765.7250,1916.4945,205.8749,170.3918,-0.0179
766.7270,1915.5457,205.5590,170.3736,-0.0184
767.7290,1914.5956,205.2473,170.3549,-0.0189
768.7311,1913.6432,204.9423,170.3358,-0.0193
769.7331,1912.6907,204.6378,170.3162,-0.0197
770.7352,1911.7369,204.3375,170.2962,-0.0202
771.7373,1910.7810,204.0436,170.2758,-0.0206
772.7393,1909.8251,203.7501,170.2550,-0.0209
773.7414,1908.8662,203.4663,170.2338,-0.0213
774.7435,1907.9068,203.1842,170.2123,-0.0216
775.7456,1906.9460,202.9069,170.1905,-0.0219
776.7477,1905.9832,202.6368,170.1684,-0.0222
777.7498,1905.0202,202.3672,170.1459,-0.0225
778.7519,1904.0543,202.1085,170.1233,-0.0227
779.7540,1903.0878,201.8516,170.1004,-0.0230
780.7561,1902.1201,201.5996,170.0772,-0.0232
781.7582,1901.1505,201.3550,170.0539,-0.0234
782.7603,1900.1808,201.1108,170.0303,-0.0236
783.7625,1899.2084,200.8772,170.0066,-0.0237
784.7646,1898.2357,200.6453,169.9828,-0.0239
785.7668,1897.2618,200.4182,169.9587,-0.0240
786.7689,1896.2863,200.1984,169.9345,-0.0242
787.7712,1895.3106,199.9789,169.9102,-0.0243
788.7732,1894.3341,199.7638,169.8858,-0.0244
789.7754,1893.3561,199.5552,169.8613,-0.0246
790.7776,1892.3780,199.3469,169.8366,-0.0247
791.7798,1891.3999,199.1385,169.8118,-0.0247
792.7820,1890.4203,198.9376,169.7870,-0.0248
793.7841,1889.4405,198.7376,169.7621,-0.0249
794.7863,1888.4607,198.5377,169.7371,-0.0249
795.7884,1887.4809,198.3378,169.7121,-0.0250
796.7906,1886.5005,198.1406,169.6870,-0.0250
797.7928,1885.5193,197.9476,169.6620,-0.0250
798.7950,1884.5381,197.7547,169.6370,-0.0249
799.7971,1883.5569,197.5618,169.6120,-0.0249
800.7993,1882.5757,197.3689,169.5871,-0.0248
801.8014,1881.5940,197.1787,169.5624,-0.0246
802.8037,1880.6114,196.9926,169.5378,-0.0245
803.8058,1879.6289,196.8065,169.5133,-0.0243
804.8080,1878.6464,196.6204,169.4891,-0.0241
805.8102,1877.6638,196.4343,169.4650,-0.0239
806.8124,1876.6813,196.2482,169.4413,-0.0236
807.8145,1875.6978,196.0674,169.4177,-0.0234
808.8167,1874.7142,195.8871,169.3945,-0.0231
809.8190,1873.7305,195.7069,169.3714,-0.0228
810.8211,1872.7469,195.5267,169.3487,-0.0226
811.8233,1871.7633,195.3464,169.3262,-0.0223
812.8255,1870.7796,195.1663,169.3039,-0.0221
813.8277,1869.7950,194.9917,169.2818,-0.0219
814.8298,1868.8103,194.8177,169.2599,-0.0218
815.8321,1867.8255,194.6437,169.2382,-0.0216
816.8342,1866.8408,194.4698,169.2166,-0.0215
817.8364,1865.8560,194.2960,169.1950,-0.0215
818.8386,1864.8700,194.1293,169.1736,-0.0214
819.8409,1863.8838,193.9633,169.1521,-0.0214
820.8430,1862.8977,193.7974,169.1307,-0.0214
821.8453,1861.9115,193.6315,169.1092,-0.0214
822.8474,1860.9249,193.4687,169.0877,-0.0215
823.8496,1859.9375,193.3102,169.0661,-0.0216
824.8518,1858.9502,193.1518,169.0445,-0.0216
825.8540,1857.9628,192.9933,169.0228,-0.0217
826.8563,1856.9754,192.8348,169.0010,-0.0218
827.8584,1855.9880,192.6766,168.9791,-0.0219
828.8606,1854.9997,192.5244,168.9572,-0.0219
829.8629,1854.0112,192.3728,168.9352,-0.0220
830.8650,1853.0228,192.2213,168.9131,-0.0220
831.8673,1852.0343,192.0698,168.8910,-0.0221
832.8695,1851.0458,191.9186,168.8689,-0.0221
833.8716,1850.0564,191.7738,168.8468,-0.0221
834.8739,1849.0668,191.6297,168.8247,-0.0220
835.8761,1848.0772,191.4856,168.8027,-0.0220
836.8783,1847.0877,191.3415,168.7807,-0.0219
837.8805,1846.0981,191.1976,168.7587,-0.0218
838.8827,1845.1081,191.0563,168.7369,-0.0217
839.8849,1844.1176,190.9188,168.7152,-0.0216
840.8871,1843.1271,190.7813,168.6935,-0.0215
841.8894,1842.1366,190.6437,168.6721,-0.0214
842.8916,1841.1461,190.5062,168.6507,-0.0213
843.8937,1840.1556,190.3692,168.6294,-0.0211
844.8960,1839.1642,190.2380,168.6083,-0.0210
845.8982,1838.1727,190.1076,168.5874,-0.0209
846.9004,1837.1813,189.9771,168.5665,-0.0207
847.9027,1836.1898,189.8466,168.5458,-0.0206
848.9048,1835.1985,189.7156,168.5253,-0.0205
849.9071,1834.2073,189.5829,168.5048,-0.0204
850.9093,1833.2159,189.4523,168.4844,-0.0203
851.9115,1832.2241,189.3245,168.4642,-0.0202
852.9137,1831.2323,189.1966,168.4440,-0.0201
853.9160,1830.2405,189.0687,168.4239,-0.0200
854.9182,1829.2487,188.9408,168.4040,-0.0199
855.9204,1828.2569,188.8130,168.3841,-0.0198
856.9226,1827.2651,188.6851,168.3643,-0.0197
857.9249,1826.2733,188.5572,168.3446,-0.0196
858.9271,1825.2815,188.4293,168.3250,-0.0195
859.9293,1824.2898,188.3012,168.3055,-0.0194
860.9315,1823.2983,188.1710,168.2861,-0.0193
861.9338,1822.3068,188.0406,168.2669,-0.0191
862.9359,1821.3154,187.9102,168.2478,-0.0190
863.9382,1820.3239,187.7797,168.2288,-0.0188
864.9403,1819.3325,187.6493,168.2101,-0.0186
865.9426,1818.3410,187.5189,168.1915,-0.0184
866.9449,1817.3495,187.3885,168.1731,-0.0182
867.9470,1816.3581,187.2580,168.1549,-0.0180
868.9492,1815.3667,187.1274,168.1370,-0.0178
869.9515,1814.3754,186.9953,168.1192,-0.0176
870.9537,1813.3845,186.8611,168.1016,-0.0174
871.9559,1812.3935,186.7270,168.0842,-0.0173
872.9582,1811.4025,186.5928,168.0670,-0.0171
873.9603,1810.4116,186.4587,168.0499,-0.0169
874.9626,1809.4206,186.3245,168.0330,-0.0168
875.9647,1808.4297,186.1904,168.0162,-0.0167
876.9670,1807.4387,186.0563,167.9995,-0.0166
877.9692,1806.4477,185.9221,167.9829,-0.0165
878.9715,1805.4567,185.7883,167.9664,-0.0165
879.9737,1804.4655,185.6559,167.9499,-0.0164
880.9759,1803.4743,185.5238,167.9334,-0.0164
881.9780,1802.4831,185.3917,167.9170,-0.0164
882.9803,1801.4918,185.2595,167.9006,-0.0164
883.9825,1800.5006,185.1274,167.8842,-0.0164
884.9847,1799.5093,184.9959,167.8678,-0.0164
885.9869,1798.5176,184.8675,167.8514,-0.0163
886.9892,1797.5258,184.7396,167.8350,-0.0163
887.9914,1796.5340,184.6116,167.8186,-0.0163
888.9936,1795.5422,184.4837,167.8023,-0.0163
889.9959,1794.5504,184.3557,167.7859,-0.0163
890.9980,1793.5587,184.2278,167.7696,-0.0163
892.0003,1792.5669,184.0998,167.7532,-0.0163
893.0025,1791.5751,183.9719,167.7369,-0.0163
894.0048,1790.5833,183.8438,167.7205,-0.0164
895.0069,1789.5917,183.7149,167.7040,-0.0164
896.0091,1788.6002,183.5849,167.6875,-0.0165
897.0114,1787.6086,183.4550,167.6710,-0.0166
898.0136,1786.6171,183.3251,167.6544,-0.0166
899.0158,1785.6256,183.1952,167.6376,-0.0167
900.0180,1784.6341,183.0652,167.6208,-0.0168
901.0203,1783.6425,182.9353,167.6039,-0.0169
902.0225,1782.6511,182.8049,167.5869,-0.0170
903.0247,1781.6599,182.6722,167.5698,-0.0171
904.0269,1780.6688,182.5392,167.5527,-0.0172
905.0291,1779.6777,182.4062,167.5354,-0.0172
906.0313,1778.6866,182.2733,167.5182,-0.0172
907.0336,1777.6954,182.1403,167.5009,-0.0172
908.0358,1776.7043,182.0073,167.4836,-0.0172
909.0380,1775.7132,181.8744,167.4664,-0.0172
910.0402,1774.7221,181.7414,167.4491,-0.0171
911.0424,1773.7310,181.6084,167.4320,-0.0171
912.0446,1772.7399,181.4753,167.4150,-0.0170
913.0469,1771.7488,181.3420,167.3980,-0.0168
914.0491,1770.7577,181.2088,167.3812,-0.0167
915.0514,1769.7666,181.0755,167.3645,-0.0166
916.0536,1768.7755,180.9422,167.3479,-0.0165
917.0557,1767.7845,180.8090,167.3315,-0.0164
918.0580,1766.7934,180.6757,167.3151,-0.0162
919.0602,1765.8023,180.5424,167.2989,-0.0161
920.0624,1764.8112,180.4092,167.2828,-0.0160
921.0647,1763.8202,180.2754,167.2668,-0.0159
922.0668,1762.8295,180.1397,167.2509,-0.0159
923.0691,1761.8387,180.0038,167.2350,-0.0158
924.0713,1760.8480,179.8679,167.2192,-0.0158
925.0735,1759.8573,179.7320,167.2035,-0.0157
926.0757,1758.8666,179.5961,167.1877,-0.0157
927.0780,1757.8758,179.4602,167.1720,-0.0157
928.0802,1756.8851,179.3242,167.1563,-0.0157
929.0824,1755.8944,179.1883,167.1406,-0.0157
930.0846,1754.9036,179.0528,167.1249,-0.0156
931.0869,1753.9126,178.9189,167.1092,-0.0156
932.0891,1752.9214,178.7867,167.0936,-0.0156
933.0913,1751.9302,178.6545,167.0779,-0.0156
934.0935,1750.9390,178.5222,167.0623,-0.0155
935.0957,1749.9477,178.3904,167.0468,-0.0155
936.0979,1748.9563,178.2599,167.0313,-0.0154
937.1002,1747.9646,178.1309,167.0158,-0.0154
938.1023,1746.9730,178.0019,167.0005,-0.0153
939.1046,1745.9813,177.8729,166.9852,-0.0152
940.1068,1744.9897,177.7439,166.9701,-0.0151
941.1091,1743.9980,177.6149,166.9551,-0.0149
942.1113,1743.0064,177.4859,166.9401,-0.0148
943.1135,1742.0149,177.3555,166.9254,-0.0147
944.1157,1741.0240,177.2213,166.9107,-0.0145
945.1179,1740.0331,177.0867,166.8962,-0.0144
946.1201,1739.0422,176.9520,166.8818,-0.0143
947.1223,1738.0513,176.8174,166.8676,-0.0142
948.1246,1737.0604,176.6827,166.8534,-0.0141
949.1268,1736.0695,176.5481,166.8393,-0.0140
950.1290,1735.0786,176.4134,166.8254,-0.0139
951.1313,1734.0877,176.2788,166.8115,-0.0138
952.1335,1733.0968,176.1442,166.7976,-0.0138
953.1356,1732.1059,176.0099,166.7839,-0.0137
954.1379,1731.1149,175.8757,166.7701,-0.0137
955.1401,1730.1240,175.7416,166.7564,-0.0136
956.1423,1729.1330,175.6075,166.7428,-0.0136
957.1446,1728.1420,175.4734,166.7292,-0.0136
958.1467,1727.1511,175.3393,166.7156,-0.0135
959.1490,1726.1601,175.2051,166.7021,-0.0135
960.1512,1725.1691,175.0710,166.6886,-0.0134
961.1534,1724.1782,174.9369,166.6751,-0.0134
962.1556,1723.1872,174.8031,166.6617,-0.0133
963.1578,1722.1961,174.6699,166.6484,-0.0133
964.1601,1721.2050,174.5368,166.6351,-0.0132
965.1623,1720.2139,174.4038,166.6219,-0.0131
966.1646,1719.2227,174.2707,166.6088,-0.0131
967.1668,1718.2316,174.1376,166.5957,-0.0130
968.1690,1717.2405,174.0045,166.5827,-0.0129
969.1712,1716.2494,173.8715,166.5698,-0.0128
970.1734,1715.2583,173.7384,166.5570,-0.0128
971.1757,1714.2672,173.6053,166.5442,-0.0127
972.1778,1713.2761,173.4724,166.5316,-0.0126
973.1801,1712.2849,173.3396,166.5190,-0.0125
974.1823,1711.2938,173.2069,166.5064,-0.0124
975.1845,1710.3027,173.0741,166.4940,-0.0123
976.1867,1709.3115,172.9413,166.4817,-0.0122
977.1889,1708.3204,172.8085,166.4695,-0.0121
978.1912,1707.3292,172.6757,166.4574,-0.0120
979.1934,1706.3381,172.5429,166.4455,-0.0118
980.1957,1705.3469,172.4101,166.4338,-0.0116
981.1978,1704.3558,172.2775,166.4223,-0.0113
982.2000,1703.3646,172.1450,166.4110,-0.0111
983.2023,1702.3734,172.0126,166.4001,-0.0108
984.2045,1701.3822,171.8802,166.3894,-0.0104
985.2067,1700.3910,171.7478,166.3791,-0.0101
986.2089,1699.3998,171.6154,166.3692,-0.0097
987.2112,1698.4086,171.4829,166.3597,-0.0093
988.2134,1697.4174,171.3505,166.3506,-0.0089
989.2156,1696.4262,171.2181,166.3420,-0.0084
990.2179,1695.4350,171.0856,166.3337,-0.0080
991.2201,1694.4439,170.9526,166.3260,-0.0076
992.2222,1693.4529,170.8192,166.3186,-0.0072
993.2245,1692.4618,170.6859,166.3116,-0.0068
994.2267,1691.4707,170.5525,166.3050,-0.0064
995.2290,1690.4796,170.4192,166.2988,-0.0061
996.2311,1689.4886,170.2859,166.2929,-0.0058
997.2334,1688.4975,170.1525,166.2872,-0.0055
998.2356,1687.5064,170.0192,166.2818,-0.0053
999.2378,1686.5154,169.8858,166.2765,-0.0052
1000.2400,1685.5241,169.7542,166.2714,-0.0050
1001.2423,1684.5324,169.6254,166.2664,-0.0050
1002.2445,1683.5407,169.4969,166.2615,-0.0049
1003.2467,1682.5490,169.3684,166.2566,-0.0049
1004.2489,1681.5573,169.2400,166.2516,-0.0049
1005.2512,1680.5654,169.1126,166.2467,-0.0050
1006.2534,1679.5731,168.9887,166.2417,-0.0050
1007.2556,1678.5805,168.8675,166.2367,-0.0051
1008.2578,1677.5879,168.7463,166.2315,-0.0052
1009.2601,1676.5952,168.6250,166.2263,-0.0052
1010.2623,1675.6023,168.5068,166.2210,-0.0053
1011.2645,1674.6088,168.3930,166.2157,-0.0054
1012.2668,1673.6152,168.2798,166.2102,-0.0055
1013.2690,1672.6216,168.1666,166.2047,-0.0056
1014.2712,1671.6279,168.0546,166.1991,-0.0056
1015.2735,1670.6338,167.9462,166.1934,-0.0057
1016.2757,1669.6394,167.8404,166.1877,-0.0057
1017.2779,1668.6450,167.7347,166.1820,-0.0058
1018.2802,1667.6506,167.6289,166.1762,-0.0058
1019.2824,1666.6562,167.5231,166.1703,-0.0058
1020.2847,1665.6618,167.4173,166.1645,-0.0058
1021.2869,1664.6673,167.3133,166.1586,-0.0059
1022.2892,1663.6724,167.2117,166.1527,-0.0059
1023.2913,1662.6776,167.1105,166.1468,-0.0059
1024.2936,1661.6827,167.0092,166.1409,-0.0059
1025.2958,1660.6879,166.9079,166.1350,-0.0059
1026.2981,1659.6930,166.8066,166.1290,-0.0060
1027.3003,1658.6982,166.7054,166.1230,-0.0060
1028.3025,1657.7033,166.6041,166.1170,-0.0060
1029.3048,1656.7082,166.5054,166.1110,-0.0060
1030.3071,1655.7127,166.4100,166.1050,-0.0060
1031.3092,1654.7173,166.3150,166.0990,-0.0060
1032.3115,1653.7218,166.2201,166.0929,-0.0060
1033.3137,1652.7263,166.1251,166.0869,-0.0060
1034.3160,1651.7305,166.0333,166.0809,-0.0060
1035.3182,1650.7344,165.9454,166.0749,-0.0060
1036.3205,1649.7382,165.8581,166.0689,-0.0060
1037.3227,1648.7420,165.7707,166.0629,-0.0059
1038.3249,1647.7459,165.6834,166.0569,-0.0059
1039.3272,1646.7496,165.5970,166.0510,-0.0059
1040.3294,1645.7531,165.5134,166.0452,-0.0058
1041.3317,1644.7564,165.4317,166.0394,-0.0057
1042.3339,1643.7598,165.3499,166.0337,-0.0057
1043.3362,1642.7631,165.2682,166.0280,-0.0056
1044.3384,1641.7665,165.1864,166.0225,-0.0055
1045.3407,1640.7698,165.1047,166.0171,-0.0054
1046.3429,1639.7732,165.0229,166.0117,-0.0053
1047.3452,1638.7765,164.9412,166.0065,-0.0051
1048.3474,1637.7799,164.8594,166.0014,-0.0050
1049.3496,1636.7832,164.7785,165.9965,-0.0049
1050.3519,1635.7864,164.6984,165.9917,-0.0047
1051.3541,1634.7896,164.6186,165.9871,-0.0046
1052.3563,1633.7928,164.5387,165.9826,-0.0044
1053.3586,1632.7960,164.4588,165.9782,-0.0042
1054.3608,1631.7992,164.3789,165.9741,-0.0041
1055.3632,1630.8022,164.3004,165.9700,-0.0039
1056.3654,1629.8050,164.2257,165.9662,-0.0038
1057.3676,1628.8077,164.1533,165.9625,-0.0036
1058.3698,1627.8103,164.0810,165.9589,-0.0035
1059.3721,1626.8129,164.0086,165.9555,-0.0033
1060.3744,1625.8155,163.9366,165.9522,-0.0032
1061.3767,1624.8180,163.8654,165.9490,-0.0031
1062.3789,1623.8205,163.7948,165.9460,-0.0030
1063.3811,1622.8230,163.7242,165.9431,-0.0028
1064.3834,1621.8255,163.6536,165.9403,-0.0027
1065.3856,1620.8280,163.5830,165.9377,-0.0026
1066.3879,1619.8305,163.5124,165.9352,-0.0024
1067.3901,1618.8330,163.4418,165.9328,-0.0023
1068.3923,1617.8357,163.3688,165.9306,-0.0022
1069.3946,1616.8385,163.2932,165.9285,-0.0020
1070.3969,1615.8414,163.2174,165.9265,-0.0019
1071.3991,1614.8443,163.1416,165.9247,-0.0017
1072.4013,1613.8472,163.0657,165.9230,-0.0016
1073.4036,1612.8501,162.9899,165.9216,-0.0014
1074.4059,1611.8529,162.9141,165.9202,-0.0012
1075.4081,1610.8558,162.8382,165.9191,-0.0011
1076.4104,1609.8587,162.7621,165.9181,-0.0009
1077.4126,1608.8617,162.6851,165.9173,-0.0007
1078.4148,1607.8647,162.6076,165.9166,-0.0006
1079.4171,1606.8677,162.5301,165.9161,-0.0004
1080.4193,1605.8707,162.4527,165.9158,-0.0003
1081.4216,1604.8737,162.3752,165.9156,-0.0001
1082.4238,1603.8767,162.2978,165.9156,0.0000
1083.4260,1602.8796,162.2224,165.9157,0.0002
1084.4283,1601.8820,162.1523,165.9160,0.0003
1085.4306,1600.8843,162.0848,165.9163,0.0004
1086.4328,1599.8866,162.0174,165.9168,0.0005
1087.4350,1598.8889,161.9499,165.9174,0.0006
1088.4373,1597.8911,161.8831,165.9181,0.0007
1089.4396,1596.8932,161.8177,165.9188,0.0008
1090.4419,1595.8953,161.7530,165.9197,0.0009
1091.4441,1594.8974,161.6883,165.9206,0.0010
1092.4464,1593.8995,161.6236,165.9216,0.0010
1093.4486,1592.9016,161.5590,165.9227,0.0011
1094.4508,1591.9037,161.4943,165.9238,0.0012
1095.4531,1590.9058,161.4296,165.9250,0.0013
1096.4553,1589.9079,161.3650,165.9263,0.0013
1097.4576,1588.9100,161.3003,165.9277,0.0014
1098.4599,1587.9122,161.2336,165.9292,0.0015
1099.4621,1586.9145,161.1653,165.9308,0.0017
1100.4643,1585.9169,161.0968,165.9325,0.0018
1101.4666,1584.9192,161.0283,165.9344,0.0019
1102.4688,1583.9216,160.9598,165.9364,0.0021
1103.4711,1582.9239,160.8913,165.9385,0.0022
1104.4733,1581.9263,160.8228,165.9408,0.0024
1105.4756,1580.9288,160.7525,165.9433,0.0025
1106.4779,1579.9313,160.6808,165.9458,0.0026
1107.4801,1578.9339,160.6088,165.9485,0.0027
1108.4824,1577.9365,160.5369,165.9513,0.0028
1109.4846,1576.9391,160.4650,165.9542,0.0029
1110.4868,1575.9417,160.3931,165.9571,0.0029
1111.4891,1574.9443,160.3212,165.9600,0.0029
1112.4913,1573.9469,160.2493,165.9629,0.0028
1113.4936,1572.9495,160.1774,165.9657,0.0027
1114.4959,1571.9520,160.1058,165.9684,0.0026
1115.4981,1570.9545,160.0351,165.9709,0.0024
1116.5004,1569.9570,159.9647,165.9732,0.0022
1117.5026,1568.9595,159.8944,165.9753,0.0019
1118.5048,1567.9620,159.8240,165.9771,0.0017
1119.5071,1566.9644,159.7536,165.9786,0.0014
1120.5094,1565.9669,159.6832,165.9798,0.0011
1121.5116,1564.9694,159.6129,165.9808,0.0007
1122.5138,1563.9719,159.5425,165.9813,0.0004
1123.5161,1562.9744,159.4721,165.9816,0.0001
1124.5183,1561.9769,159.4011,165.9815,-0.0002
1125.5206,1560.9794,159.3297,165.9811,-0.0006
1126.5228,1559.9820,159.2583,165.9804,-0.0009
1127.5251,1558.9846,159.1868,165.9793,-0.0012
1128.5274,1557.9871,159.1154,165.9780,-0.0015
1129.5296,1556.9897,159.0439,165.9763,-0.0018
1130.5319,1555.9922,158.9725,165.9744,-0.0021
1131.5341,1554.9948,158.9010,165.9722,-0.0023
1132.5364,1553.9973,158.8296,165.9697,-0.0026
1133.5386,1552.9999,158.7582,165.9670,-0.0028
1134.5409,1552.0024,158.6870,165.9641,-0.0030
1135.5432,1551.0049,158.6160,165.9610,-0.0032
1136.5453,1550.0075,158.5449,165.9578,-0.0033
1137.5476,1549.0100,158.4738,165.9543,-0.0035
1138.5499,1548.0125,158.4027,165.9508,-0.0036
1139.5521,1547.0151,158.3316,165.9470,-0.0038
1140.5544,1546.0176,158.2605,165.9432,-0.0039
1141.5566,1545.0201,158.1894,165.9392,-0.0040
1142.5588,1544.0227,158.1183,165.9351,-0.0041
1143.5611,1543.0251,158.0483,165.9309,-0.0043
1144.5634,1542.0275,157.9790,165.9266,-0.0044
1145.5656,1541.0299,157.9098,165.9222,-0.0045
1146.5679,1540.0323,157.8406,165.9176,-0.0046
1147.5701,1539.0347,157.7714,165.9129,-0.0048
1148.5724,1538.0371,157.7022,165.9081,-0.0049
1149.5746,1537.0395,157.6330,165.9031,-0.0050
1150.5769,1536.0419,157.5638,165.8980,-0.0052
1151.5791,1535.0443,157.4945,165.8927,-0.0053
1152.5814,1534.0467,157.4256,165.8873,-0.0054
1153.5836,1533.0490,157.3572,165.8818,-0.0056
1154.5858,1532.0514,157.2889,165.8762,-0.0057
1155.5881,1531.0537,157.2206,165.8704,-0.0058
1156.5904,1530.0560,157.1524,165.8646,-0.0059
1157.5926,1529.0584,157.0841,165.8587,-0.0059
1158.5949,1528.0607,157.0159,165.8527,-0.0060
1159.5972,1527.0630,156.9476,165.8466,-0.0061
1160.5994,1526.0653,156.8794,165.8405,-0.0061
1161.6016,1525.0677,156.8111,165.8344,-0.0062
1162.6039,1524.0701,156.7418,165.8282,-0.0062
1163.6062,1523.0725,156.6719,165.8220,-0.0062
1164.6084,1522.0750,156.6019,165.8157,-0.0062
1165.6107,1521.0774,156.5319,165.8095,-0.0063
1166.6129,1520.0799,156.4620,165.8031,-0.0063
1167.6152,1519.0823,156.3920,165.7968,-0.0063
1168.6174,1518.0848,156.3220,165.7904,-0.0064
1169.6197,1517.0872,156.2521,165.7840,-0.0065
1170.6219,1516.0897,156.1821,165.7775,-0.0065
1171.6242,1515.0921,156.1124,165.7709,-0.0066
1172.6264,1514.0945,156.0432,165.7643,-0.0067
1173.6287,1513.0969,155.9742,165.7575,-0.0068
1174.6309,1512.0993,155.9052,165.7507,-0.0069
1175.6331,1511.1017,155.8362,165.7438,-0.0070
1176.6355,1510.1040,155.7672,165.7367,-0.0071
1177.6377,1509.1064,155.6982,165.7295,-0.0073
1178.6399,1508.1088,155.6292,165.7221,-0.0074
1179.6422,1507.1112,155.5602,165.7146,-0.0076
1180.6444,1506.1136,155.4912,165.7069,-0.0078
1181.6467,1505.1160,155.4221,165.6990,-0.0080
1182.6489,1504.1184,155.3530,165.6909,-0.0082
1183.6511,1503.1208,155.2839,165.6826,-0.0084
1184.6535,1502.1231,155.2148,165.6740,-0.0087
1185.6557,1501.1255,155.1457,165.6652,-0.0089
1186.6580,1500.1279,155.0766,165.6561,-0.0092
1187.6602,1499.1303,155.0075,165.6467,-0.0095
1188.6624,1498.1327,154.9384,165.6371,-0.0098
1189.6647,1497.1351,154.8693,165.6271,-0.0101
1190.6669,1496.1375,154.8003,165.6167,-0.0105
1191.6692,1495.1398,154.7318,165.6061,-0.0108
1192.6714,1494.1422,154.6634,165.5951,-0.0111
1193.6737,1493.1445,154.5950,165.5838,-0.0115
1194.6759,1492.1469,154.5266,165.5721,-0.0118
1195.6782,1491.1492,154.4582,165.5601,-0.0121
1196.6805,1490.1515,154.3897,165.5478,-0.0124
1197.6827,1489.1539,154.3213,165.5352,-0.0127
1198.6850,1488.1562,154.2529,165.5223,-0.0130
1199.6872,1487.1586,154.1845,165.5091,-0.0133
1200.6894,1486.1610,154.1154,165.4957,-0.0135
1201.6917,1485.1634,154.0461,165.4820,-0.0137
1202.6939,1484.1658,153.9768,165.4682,-0.0139
1203.6962,1483.1682,153.9075,165.4541,-0.0141
1204.6985,1482.1706,153.8382,165.4400,-0.0142
1205.7007,1481.1730,153.7688,165.4257,-0.0143
1206.7030,1480.1754,153.6995,165.4114,-0.0143
1207.7052,1479.1778,153.6302,165.3971,-0.0143
1208.7075,1478.1802,153.5609,165.3827,-0.0143
1209.7098,1477.1826,153.4915,165.3684,-0.0143
1210.7120,1476.1850,153.4221,165.3541,-0.0142
1211.7143,1475.1874,153.3527,165.3399,-0.0141
1212.7165,1474.1899,153.2832,165.3258,-0.0140
1213.7187,1473.1923,153.2138,165.3119,-0.0138
1214.7210,1472.1947,153.1444,165.2981,-0.0137
1215.7232,1471.1971,153.0749,165.2845,-0.0135
1216.7255,1470.1995,153.0055,165.2710,-0.0133
1217.7278,1469.2019,152.9361,165.2578,-0.0131
1218.7300,1468.2043,152.8666,165.2448,-0.0129
1219.7322,1467.2067,152.7982,165.2320,-0.0127
1220.7345,1466.2090,152.7301,165.2194,-0.0124
1221.7368,1465.2113,152.6621,165.2070,-0.0122
1222.7390,1464.2136,152.5941,165.1949,-0.0120
1223.7413,1463.2159,152.5261,165.1830,-0.0118
1224.7435,1462.2183,152.4580,165.1713,-0.0116
1225.7458,1461.2206,152.3900,165.1598,-0.0113
1226.7480,1460.2229,152.3220,165.1485,-0.0111
1227.7503,1459.2252,152.2539,165.1375,-0.0109
1228.7526,1458.2275,152.1857,165.1266,-0.0108
1229.7548,1457.2299,152.1173,165.1159,-0.0106
1230.7571,1456.2322,152.0487,165.1054,-0.0104
1231.7593,1455.2346,151.9802,165.0950,-0.0103
1232.7616,1454.2369,151.9117,165.0847,-0.0102
1233.7638,1453.2393,151.8431,165.0746,-0.0100
1234.7661,1452.2416,151.7746,165.0646,-0.0099
1235.7683,1451.2440,151.7061,165.0547,-0.0098
1236.7706,1450.2463,151.6375,165.0449,-0.0098
1237.7728,1449.2487,151.5690,165.0351,-0.0097
1238.7751,1448.2511,151.4994,165.0254,-0.0096
1239.7773,1447.2536,151.4295,165.0158,-0.0096
1240.7796,1446.2560,151.3595,165.0063,-0.0095
1241.7818,1445.2585,151.2896,164.9967,-0.0095
1242.7841,1444.2609,151.2197,164.9872,-0.0094
1243.7863,1443.2634,151.1497,164.9778,-0.0094
1244.7886,1442.2658,151.0798,164.9684,-0.0094
1245.7908,1441.2683,151.0099,164.9590,-0.0094
1246.7931,1440.2707,150.9399,164.9496,-0.0094
1247.7953,1439.2731,150.8708,164.9402,-0.0093
1248.7976,1438.2754,150.8033,164.9308,-0.0093
1249.7998,1437.2777,150.7359,164.9215,-0.0093
1250.8021,1436.2799,150.6685,164.9121,-0.0093
1251.8044,1435.2822,150.6011,164.9028,-0.0093
1252.8066,1434.2845,150.5338,164.8935,-0.0093
1253.8089,1433.2867,150.4664,164.8842,-0.0093
1254.8111,1432.2890,150.3990,164.8749,-0.0093
1255.8134,1431.2913,150.3316,164.8657,-0.0092
1256.8156,1430.2936,150.2643,164.8564,-0.0092
1257.8179,1429.2959,150.1957,164.8472,-0.0092
1258.8201,1428.2983,150.1268,164.8381,-0.0091
1259.8224,1427.3007,150.0579,164.8290,-0.0091
1260.8247,1426.3030,149.9890,164.8199,-0.0090
1261.8269,1425.3054,149.9200,164.8109,-0.0089
1262.8291,1424.3078,149.8511,164.8020,-0.0089
1263.8314,1423.3102,149.7822,164.7931,-0.0088
1264.8336,1422.3126,149.7133,164.7844,-0.0087
1265.8359,1421.3149,149.6444,164.7757,-0.0086
1266.8381,1420.3173,149.5758,164.7671,-0.0085
1267.8404,1419.3196,149.5079,164.7586,-0.0084
1268.8427,1418.3219,149.4400,164.7503,-0.0083
1269.8449,1417.3242,149.3720,164.7420,-0.0082
1270.8472,1416.3265,149.3041,164.7339,-0.0081
1271.8495,1415.3288,149.2362,164.7258,-0.0080
1272.8517,1414.3311,149.1683,164.7179,-0.0079
1273.8539,1413.3335,149.1004,164.7100,-0.0078
1274.8561,1412.3358,149.0325,164.7023,-0.0077
1275.8584,1411.3381,148.9645,164.6946,-0.0076
1276.8607,1410.3403,148.8980,164.6871,-0.0075
1277.8629,1409.3425,148.8318,164.6796,-0.0074
1278.8652,1408.3447,148.7656,164.6722,-0.0074
1279.8674,1407.3469,148.6994,164.6649,-0.0073
1280.8697,1406.3491,148.6332,164.6576,-0.0072
1281.8719,1405.3513,148.5670,164.6503,-0.0072
1282.8742,1404.3535,148.5008,164.6432,-0.0072
1283.8765,1403.3556,148.4345,164.6360,-0.0071
1284.8788,1402.3578,148.3683,164.6289,-0.0071
1285.8810,1401.3601,148.3016,164.6218,-0.0071
1286.8832,1400.3624,148.2338,164.6147,-0.0071
1287.8855,1399.3647,148.1661,164.6076,-0.0071
1288.8877,1398.3670,148.0983,164.6005,-0.0071
1289.8900,1397.3693,148.0305,164.5935,-0.0070
1290.8922,1396.3716,147.9627,164.5864,-0.0070
1291.8945,1395.3739,147.8950,164.5794,-0.0070
1292.8967,1394.3762,147.8272,164.5723,-0.0070
1293.8990,1393.3785,147.7594,164.5653,-0.0070
1294.9012,1392.3808,147.6917,164.5584,-0.0069
1295.9035,1391.3831,147.6240,164.5514,-0.0069
1296.9058,1390.3853,147.5563,164.5445,-0.0069
1297.9081,1389.3876,147.4887,164.5376,-0.0068
1298.9103,1388.3899,147.4210,164.5308,-0.0068
1299.9126,1387.3922,147.3534,164.5240,-0.0067
1300.9148,1386.3945,147.2857,164.5173,-0.0067
1301.9170,1385.3968,147.2181,164.5107,-0.0066
1302.9193,1384.3991,147.1504,164.5041,-0.0065
1303.9215,1383.4014,147.0828,164.4976,-0.0065
1304.9238,1382.4037,147.0153,164.4911,-0.0064
1305.9261,1381.4059,146.9481,164.4847,-0.0064
1306.9283,1380.4082,146.8810,164.4783,-0.0063
1307.9306,1379.4104,146.8138,164.4720,-0.0063
1308.9328,1378.4127,146.7466,164.4657,-0.0062
1309.9350,1377.4150,146.6795,164.4595,-0.0062
1310.9374,1376.4172,146.6123,164.4533,-0.0062
1311.9396,1375.4195,146.5452,164.4471,-0.0061
1312.9419,1374.4217,146.4780,164.4409,-0.0061
1313.9441,1373.4240,146.4108,164.4348,-0.0061
1314.9464,1372.4263,146.3426,164.4288,-0.0060
1315.9486,1371.4287,146.2742,164.4227,-0.0060
1316.9509,1370.4310,146.2058,164.4167,-0.0059
1317.9532,1369.4333,146.1373,164.4108,-0.0059
1318.9554,1368.4357,146.0689,164.4049,-0.0058
1319.9577,1367.4380,146.0005,164.3991,-0.0057
1320.9599,1366.4404,145.9321,164.3934,-0.0057
1321.9622,1365.4427,145.8637,164.3878,-0.0056
1322.9643,1364.4451,145.7953,164.3822,-0.0055
1323.9667,1363.4474,145.7266,164.3768,-0.0054
1324.9689,1362.4498,145.6574,164.3714,-0.0053
1325.9712,1361.4522,145.5882,164.3662,-0.0052
1326.9734,1360.4546,145.5190,164.3610,-0.0051
1327.9757,1359.4570,145.4499,164.3559,-0.0051
1328.9779,1358.4594,145.3807,164.3508,-0.0050
1329.9802,1357.4618,145.3115,164.3458,-0.0050
1330.9824,1356.4642,145.2424,164.3409,-0.0050
1331.9847,1355.4666,145.1732,164.3359,-0.0050
1332.9869,1354.4690,145.1041,164.3309,-0.0050
1333.9892,1353.4713,145.0359,164.3258,-0.0051
1334.9915,1352.4736,144.9679,164.3207,-0.0052
1335.9937,1351.4759,144.8999,164.3155,-0.0053
1336.9960,1350.4782,144.8319,164.3101,-0.0054
1337.9982,1349.4806,144.7639,164.3046,-0.0056
1339.0004,1348.4829,144.6959,164.2989,-0.0058
1340.0027,1347.4852,144.6279,164.2930,-0.0060
1341.0050,1346.4875,144.5599,164.2868,-0.0063
1342.0073,1345.4898,144.4918,164.2804,-0.0065
1343.0095,1344.4922,144.4233,164.2737,-0.0068
1344.0117,1343.4946,144.3541,164.2667,-0.0071
1345.0140,1342.4970,144.2850,164.2594,-0.0074
1346.0162,1341.4994,144.2158,164.2518,-0.0078
1347.0185,1340.5018,144.1466,164.2438,-0.0081
1348.0208,1339.5041,144.0775,164.2356,-0.0084
1349.0231,1338.5065,144.0083,164.2270,-0.0088
1350.0253,1337.5089,143.9391,164.2180,-0.0091
1351.0275,1336.5114,143.8693,164.2087,-0.0094
1352.0298,1335.5139,143.7986,164.1992,-0.0097
1353.0320,1334.5164,143.7280,164.1893,-0.0100
1354.0343,1333.5189,143.6573,164.1791,-0.0103
1355.0365,1332.5214,143.5867,164.1686,-0.0105
1356.0388,1331.5239,143.5160,164.1580,-0.0108
1357.0410,1330.5264,143.4454,164.1471,-0.0110
1358.0433,1329.5289,143.3747,164.1360,-0.0111
1359.0455,1328.5314,143.3041,164.1247,-0.0113
1360.0478,1327.5338,143.2338,164.1134,-0.0114
1361.0501,1326.5362,143.1652,164.1020,-0.0114
1362.0523,1325.5385,143.0970,164.0905,-0.0115
1363.0545,1324.5409,143.0287,164.0790,-0.0115
1364.0568,1323.5432,142.9605,164.0675,-0.0114
1365.0591,1322.5455,142.8923,164.0561,-0.0114
1366.0613,1321.5479,142.8241,164.0447,-0.0113
1367.0636,1320.5502,142.7558,164.0335,-0.0112
1368.0659,1319.5525,142.6876,164.0223,-0.0110
1369.0681,1318.5548,142.6194,164.0113,-0.0109
1370.0704,1317.5571,142.5515,164.0005,-0.0107
1371.0726,1316.5594,142.4841,163.9898,-0.0106
1372.0749,1315.5617,142.4166,163.9793,-0.0104
1373.0771,1314.5640,142.3492,163.9689,-0.0102
1374.0793,1313.5663,142.2818,163.9587,-0.0101
1375.0817,1312.5685,142.2143,163.9488,-0.0099
1376.0839,1311.5708,142.1469,163.9389,-0.0097
1377.0861,1310.5731,142.0794,163.9293,-0.0095
1378.0884,1309.5754,142.0120,163.9198,-0.0094
1379.0906,1308.5777,141.9443,163.9105,-0.0092
1380.0929,1307.5800,141.8755,163.9014,-0.0090
1381.0952,1306.5824,141.8066,163.8924,-0.0089
1382.0974,1305.5848,141.7376,163.8836,-0.0087
1383.0996,1304.5872,141.6687,163.8750,-0.0086
1384.1020,1303.5895,141.5997,163.8664,-0.0084
1385.1042,1302.5919,141.5307,163.8581,-0.0083
1386.1064,1301.5943,141.4618,163.8498,-0.0082
1387.1087,1300.5967,141.3928,163.8417,-0.0081
1388.1109,1299.5991,141.3239,163.8336,-0.0080
1389.1132,1298.6014,141.2554,163.8257,-0.0079
1390.1155,1297.6037,141.1873,163.8178,-0.0078
1391.1177,1296.6061,141.1193,163.8100,-0.0078
1392.1199,1295.6084,141.0512,163.8023,-0.0077
1393.1222,1294.6107,140.9831,163.7945,-0.0077
1394.1245,1293.6130,140.9151,163.7868,-0.0077
1395.1268,1292.6153,140.8470,163.7791,-0.0077
1396.1290,1291.6176,140.7790,163.7713,-0.0078
1397.1312,1290.6200,140.7109,163.7635,-0.0078
1398.1335,1289.6223,140.6428,163.7556,-0.0079
1399.1358,1288.6246,140.5745,163.7476,-0.0080
1400.1380,1287.6270,140.5062,163.7395,-0.0081
1401.1403,1286.6293,140.4378,163.7312,-0.0083
1402.1426,1285.6316,140.3695,163.7228,-0.0085
1403.1448,1284.6340,140.3011,163.7143,-0.0086
1404.1471,1283.6363,140.2328,163.7055,-0.0088
1405.1493,1282.6386,140.1645,163.6966,-0.0090
1406.1515,1281.6410,140.0961,163.6874,-0.0093
1407.1538,1280.6433,140.0278,163.6780,-0.0095
1408.1560,1279.6457,139.9596,163.6683,-0.0098
1409.1583,1278.6480,139.8916,163.6584,-0.0101
1410.1606,1277.6503,139.8236,163.6481,-0.0104
1411.1628,1276.6526,139.7556,163.6375,-0.0107
1412.1651,1275.6549,139.6876,163.6266,-0.0111
1413.1674,1274.6572,139.6196,163.6154,-0.0114
1414.1696,1273.6595,139.5515,163.6038,-0.0118
1415.1718,1272.6619,139.4835,163.5918,-0.0122
1416.1741,1271.6642,139.4155,163.5793,-0.0126
1417.1763,1270.6665,139.3476,163.5665,-0.0130
1418.1786,1269.6688,139.2801,163.5533,-0.0134
1419.1809,1268.6710,139.2127,163.5396,-0.0139
1420.1831,1267.6733,139.1453,163.5255,-0.0143
1421.1854,1266.6756,139.0778,163.5109,-0.0147
1422.1876,1265.6779,139.0104,163.4960,-0.0151
1423.1899,1264.6801,138.9430,163.4806,-0.0155
1424.1922,1263.6824,138.8755,163.4648,-0.0159
1425.1944,1262.6847,138.8081,163.4487,-0.0163
1426.1966,1261.6870,138.7406,163.4322,-0.0166
1427.1989,1260.6893,138.6729,163.4154,-0.0169
1428.2012,1259.6916,138.6049,163.3984,-0.0171
1429.2034,1258.6939,138.5369,163.3811,-0.0173
1430.2057,1257.6962,138.4689,163.3636,-0.0175
1431.2080,1256.6985,138.4009,163.3460,-0.0176
1432.2103,1255.7008,138.3329,163.3283,-0.0176
1433.2124,1254.7032,138.2649,163.3106,-0.0176
1434.2147,1253.7055,138.1969,163.2930,-0.0176
1435.2170,1252.7078,138.1289,163.2754,-0.0175
1436.2192,1251.7101,138.0609,163.2579,-0.0173
1437.2215,1250.7124,137.9929,163.2406,-0.0171
1438.2238,1249.7147,137.9249,163.2235,-0.0169
1439.2260,1248.7170,137.8569,163.2067,-0.0166
1440.2282,1247.7194,137.7890,163.1902,-0.0163
1441.2305,1246.7217,137.7210,163.1740,-0.0160
1442.2328,1245.7240,137.6530,163.1581,-0.0156
1443.2350,1244.7263,137.5850,163.1427,-0.0152
1444.2373,1243.7286,137.5170,163.1276,-0.0148
1445.2396,1242.7309,137.4490,163.1129,-0.0144
1446.2418,1241.7332,137.3809,163.0987,-0.0140
1447.2440,1240.7356,137.3129,163.0849,-0.0135
1448.2463,1239.7379,137.2448,163.0716,-0.0131
1449.2486,1238.7402,137.1767,163.0587,-0.0126
1450.2508,1237.7425,137.1087,163.0463,-0.0121
1451.2531,1236.7448,137.0406,163.0343,-0.0117
1452.2553,1235.7472,136.9725,163.0229,-0.0112
1453.2576,1234.7495,136.9044,163.0120,-0.0107
1454.2598,1233.7518,136.8364,163.0015,-0.0102
1455.2621,1232.7541,136.7686,162.9916,-0.0097
1456.2643,1231.7564,136.7013,162.9822,-0.0091
1457.2666,1230.7586,136.6341,162.9732,-0.0086
1458.2689,1229.7609,136.5670,162.9649,-0.0081
1459.2712,1228.7631,136.4998,162.9570,-0.0076
1460.2734,1227.7654,136.4326,162.9496,-0.0071
1461.2756,1226.7677,136.3654,162.9427,-0.0066
1462.2779,1225.7699,136.2983,162.9363,-0.0062
1463.2801,1224.7722,136.2311,162.9304,-0.0057
1464.2824,1223.7745,136.1637,162.9249,-0.0053
1465.2847,1222.7768,136.0954,162.9197,-0.0049
1466.2869,1221.7792,136.0262,162.9150,-0.0046
1467.2892,1220.7816,135.9570,162.9105,-0.0043
1468.2914,1219.7840,135.8878,162.9063,-0.0041
1469.2937,1218.7864,135.8186,162.9023,-0.0039
1470.2959,1217.7888,135.7494,162.8984,-0.0038
1471.2982,1216.7912,135.6801,162.8946,-0.0038
1472.3004,1215.7936,135.6109,162.8908,-0.0038
1473.3027,1214.7960,135.5417,162.8870,-0.0039
1474.3050,1213.7983,135.4728,162.8830,-0.0041
1475.3072,1212.8007,135.4043,162.8788,-0.0043
1476.3095,1211.8030,135.3360,162.8744,-0.0046
1477.3117,1210.8054,135.2676,162.8697,-0.0049
1478.3140,1209.8077,135.1993,162.8646,-0.0053
1479.3162,1208.8101,135.1309,162.8591,-0.0057
1480.3185,1207.8124,135.0625,162.8532,-0.0061
1481.3208,1206.8147,134.9942,162.8468,-0.0066
1482.3230,1205.8171,134.9258,162.8399,-0.0071
1483.3253,1204.8194,134.8576,162.8325,-0.0076
1484.3275,1203.8217,134.7900,162.8246,-0.0081
1485.3298,1202.8239,134.7229,162.8162,-0.0086
1486.3321,1201.8262,134.6558,162.8073,-0.0091
1487.3343,1200.8285,134.5887,162.7980,-0.0096
1488.3366,1199.8307,134.5216,162.7882,-0.0100
1489.3388,1198.8330,134.4545,162.7780,-0.0104
1490.3411,1197.8352,134.3874,162.7674,-0.0107
1491.3433,1196.8375,134.3202,162.7565,-0.0110
1492.3456,1195.8397,134.2531,162.7453,-0.0113
1493.3478,1194.8420,134.1862,162.7339,-0.0115
1494.3501,1193.8442,134.1194,162.7223,-0.0117
1495.3524,1192.8464,134.0527,162.7105,-0.0118
1496.3546,1191.8487,133.9860,162.6986,-0.0120
1497.3569,1190.8509,133.9193,162.6866,-0.0121
1498.3592,1189.8531,133.8526,162.6744,-0.0122
1499.3614,1188.8553,133.7859,162.6622,-0.0123
1500.3636,1187.8576,133.7191,162.6498,-0.0124
1501.3659,1186.8598,133.6524,162.6373,-0.0126
1502.3682,1185.8620,133.5855,162.6246,-0.0128
1503.3705,1184.8643,133.5178,162.6117,-0.0130
1504.3727,1183.8667,133.4496,162.5985,-0.0133
1505.3749,1182.8690,133.3813,162.5849,-0.0137
1506.3772,1181.8713,133.3130,162.5710,-0.0141
1507.3794,1180.8737,133.2448,162.5566,-0.0146
1508.3817,1179.8760,133.1765,162.5417,-0.0152
1509.3840,1178.8783,133.1082,162.5262,-0.0158
1510.3862,1177.8807,133.0400,162.5100,-0.0164
1511.3885,1176.8830,132.9717,162.4932,-0.0171
1512.3908,1175.8853,132.9031,162.4757,-0.0178
1513.3930,1174.8877,132.8341,162.4575,-0.0185
1514.3953,1173.8901,132.7649,162.4386,-0.0192
1515.3975,1172.8925,132.6958,162.4191,-0.0198
1516.3998,1171.8949,132.6267,162.3989,-0.0204
1517.4020,1170.8973,132.5575,162.3781,-0.0210
1518.4043,1169.8997,132.4884,162.3568,-0.0215
1519.4065,1168.9021,132.4192,162.3350,-0.0219
1520.4088,1167.9045,132.3501,162.3129,-0.0222
1521.4110,1166.9069,132.2810,162.2905,-0.0225
1522.4133,1165.9093,132.2119,162.2678,-0.0227
1523.4156,1164.9116,132.1429,162.2450,-0.0228
1524.4179,1163.9140,132.0739,162.2221,-0.0228
1525.4201,1162.9164,132.0049,162.1993,-0.0228
1526.4224,1161.9188,131.9359,162.1764,-0.0227
1527.4246,1160.9212,131.8669,162.1537,-0.0226
1528.4268,1159.9236,131.7979,162.1310,-0.0225
1529.4292,1158.9259,131.7289,162.1086,-0.0224
1530.4314,1157.9283,131.6599,162.0862,-0.0222
1531.4336,1156.9307,131.5910,162.0640,-0.0221
1532.4359,1155.9331,131.5223,162.0419,-0.0220
1533.4382,1154.9354,131.4535,162.0200,-0.0219
1534.4404,1153.9378,131.3848,161.9981,-0.0218
1535.4426,1152.9402,131.3161,161.9763,-0.0217
1536.4450,1151.9425,131.2474,161.9545,-0.0217
1537.4472,1150.9449,131.1787,161.9328,-0.0217
1538.4494,1149.9473,131.1099,161.9110,-0.0217
1539.4517,1148.9496,131.0412,161.8892,-0.0218
1540.4539,1147.9520,130.9727,161.8674,-0.0218
1541.4562,1146.9543,130.9049,161.8455,-0.0219
1542.4585,1145.9565,130.8375,161.8234,-0.0220
1543.4608,1144.9588,130.7701,161.8013,-0.0221
1544.4630,1143.9611,130.7027,161.7791,-0.0222
1545.4652,1142.9634,130.6353,161.7568,-0.0223
1546.4676,1141.9656,130.5679,161.7344,-0.0224
1547.4698,1140.9679,130.5004,161.7119,-0.0225
1548.4720,1139.9702,130.4330,161.6892,-0.0227
1549.4743,1138.9725,130.3656,161.6665,-0.0228
1550.4765,1137.9748,130.2978,161.6436,-0.0229
1551.4788,1136.9771,130.2295,161.6206,-0.0230
1552.4810,1135.9795,130.1611,161.5975,-0.0231
1553.4833,1134.9818,130.0926,161.5743,-0.0232
1554.4856,1133.9841,130.0242,161.5510,-0.0233
1555.4878,1132.9865,129.9558,161.5276,-0.0234
1556.4901,1131.9888,129.8874,161.5041,-0.0235
1557.4923,1130.9912,129.8190,161.4804,-0.0236
1558.4946,1129.9935,129.7506,161.4567,-0.0238
1559.4969,1128.9958,129.6822,161.4328,-0.0239
1560.4991,1127.9982,129.6139,161.4088,-0.0240
1561.5014,1127.0005,129.5455,161.3847,-0.0241
1562.5036,1126.0029,129.4772,161.3605,-0.0242
1563.5059,1125.0052,129.4089,161.3362,-0.0243
1564.5082,1124.0075,129.3406,161.3118,-0.0244
1565.5104,1123.0099,129.2722,161.2873,-0.0245
1566.5127,1122.0122,129.2039,161.2627,-0.0246
1567.5150,1121.0145,129.1356,161.2380,-0.0247
1568.5172,1120.0169,129.0673,161.2132,-0.0248
1569.5195,1119.0192,128.9988,161.1883,-0.0249
1570.5217,1118.0216,128.9301,161.1633,-0.0250
1571.5240,1117.0239,128.8614,161.1382,-0.0251
1572.5262,1116.0263,128.7928,161.1129,-0.0252
1573.5284,1115.0287,128.7241,161.0876,-0.0254
1574.5308,1114.0310,128.6554,161.0621,-0.0255
1575.5330,1113.0334,128.5867,161.0364,-0.0256
1576.5352,1112.0358,128.5180,161.0107,-0.0258
1577.5375,1111.0381,128.4493,160.9848,-0.0259
1578.5397,1110.0405,128.3808,160.9587,-0.0261
1579.5420,1109.0428,128.3125,160.9324,-0.0262
1580.5443,1108.0451,128.2445,160.9061,-0.0264
1581.5466,1107.0474,128.1764,160.8795,-0.0266
1582.5488,1106.0498,128.1084,160.8528,-0.0267
1583.5510,1105.0521,128.0403,160.8260,-0.0269
1584.5533,1104.0544,127.9723,160.7990,-0.0270
1585.5556,1103.0567,127.9042,160.7718,-0.0272
1586.5579,1102.0590,127.8362,160.7445,-0.0273
1587.5600,1101.0614,127.7681,160.7171,-0.0274
1588.5623,1100.0637,127.6998,160.6895,-0.0276
1589.5647,1099.0660,127.6312,160.6619,-0.0277
1590.5669,1098.0684,127.5625,160.6340,-0.0278
1591.5691,1097.0708,127.4939,160.6061,-0.0280
1592.5714,1096.0731,127.4253,160.5780,-0.0281
1593.5736,1095.0755,127.3567,160.5498,-0.0282
1594.5759,1094.0778,127.2880,160.5214,-0.0284
1595.5782,1093.0802,127.2194,160.4929,-0.0285
1596.5805,1092.0825,127.1508,160.4642,-0.0287
1597.5827,1091.0849,127.0824,160.4353,-0.0289
1598.5849,1090.0872,127.0147,160.4062,-0.0291
1599.5872,1089.0895,126.9473,160.3769,-0.0294
1600.5895,1088.0917,126.8799,160.3474,-0.0296
1601.5917,1087.0940,126.8125,160.3175,-0.0299
1602.5939,1086.0963,126.7452,160.2874,-0.0302
1603.5963,1085.0985,126.6778,160.2569,-0.0305
1604.5985,1084.1008,126.6104,160.2262,-0.0309
1605.6007,1083.1031,126.5430,160.1950,-0.0312
1606.6030,1082.1054,126.4756,160.1636,-0.0316
1607.6052,1081.1077,126.4078,160.1317,-0.0319
1608.6075,1080.1100,126.3398,160.0995,-0.0323
1609.6098,1079.1123,126.2718,160.0670,-0.0326
1610.6121,1078.1146,126.2037,160.0342,-0.0329
1611.6143,1077.1169,126.1356,160.0011,-0.0332
1612.6165,1076.1193,126.0676,159.9677,-0.0334
1613.6188,1075.1216,125.9995,159.9341,-0.0336
1614.6211,1074.1239,125.9315,159.9003,-0.0338
1615.6234,1073.1262,125.8634,159.8664,-0.0339
1616.6256,1072.1285,125.7953,159.8324,-0.0339
1617.6278,1071.1309,125.7271,159.7984,-0.0340
1618.6301,1070.1332,125.6588,159.7644,-0.0339
1619.6324,1069.1355,125.5906,159.7304,-0.0339
1620.6346,1068.1379,125.5223,159.6965,-0.0338
1621.6369,1067.1402,125.4541,159.6626,-0.0337
1622.6392,1066.1425,125.3858,159.6289,-0.0336
1623.6414,1065.1449,125.3176,159.5952,-0.0335
1624.6437,1064.1472,125.2493,159.5617,-0.0334
1625.6460,1063.1495,125.1811,159.5282,-0.0334
1626.6482,1062.1518,125.1133,159.4948,-0.0333
1627.6504,1061.1541,125.0460,159.4614,-0.0333
1628.6527,1060.1564,124.9787,159.4280,-0.0333
1629.6550,1059.1586,124.9114,159.3946,-0.0334
1630.6572,1058.1609,124.8441,159.3611,-0.0335
1631.6594,1057.1632,124.7768,159.3276,-0.0336
1632.6618,1056.1654,124.7095,159.2938,-0.0337
1633.6640,1055.1677,124.6422,159.2599,-0.0339
1634.6662,1054.1700,124.5749,159.2259,-0.0341
1635.6686,1053.1722,124.5074,159.1916,-0.0343
1636.6708,1052.1745,124.4395,159.1571,-0.0345
1637.6730,1051.1769,124.3715,159.1224,-0.0347
1638.6753,1050.1792,124.3035,159.0874,-0.0349
1639.6776,1049.1815,124.2355,159.0523,-0.0351
1640.6798,1048.1838,124.1675,159.0170,-0.0353
1641.6821,1047.1861,124.0995,158.9815,-0.0355
1642.6844,1046.1884,124.0315,158.9459,-0.0356
1643.6866,1045.1908,123.9634,158.9102,-0.0357
1644.6888,1044.1931,123.8954,158.8743,-0.0358
1645.6911,1043.1955,123.8264,158.8384,-0.0358
1646.6934,1042.1979,123.7567,158.8025,-0.0359
1647.6957,1041.2003,123.6869,158.7665,-0.0359
1648.6979,1040.2028,123.6172,158.7305,-0.0359
1649.7002,1039.2052,123.5474,158.6944,-0.0360
1650.7025,1038.2076,123.4776,158.6584,-0.0360
1651.7046,1037.2101,123.4079,158.6223,-0.0360
1652.7069,1036.2125,123.3381,158.5862,-0.0360
1653.7092,1035.2149,123.2683,158.5501,-0.0361
1654.7114,1034.2174,123.1988,158.5139,-0.0361
1655.7137,1033.2197,123.1301,158.4777,-0.0362
1656.7159,1032.2221,123.0616,158.4413,-0.0363
1657.7183,1031.2244,122.9931,158.4050,-0.0363
1658.7205,1030.2268,122.9245,158.3685,-0.0364
1659.7228,1029.2291,122.8560,158.3319,-0.0365
1660.7250,1028.2315,122.7875,158.2953,-0.0366
1661.7273,1027.2338,122.7190,158.2585,-0.0367
1662.7295,1026.2362,122.6504,158.2217,-0.0368
1663.7318,1025.2385,122.5819,158.1849,-0.0368
1664.7341,1024.2408,122.5139,158.1479,-0.0369
1665.7363,1023.2431,122.4462,158.1109,-0.0369
1666.7386,1022.2454,122.3786,158.0740,-0.0369
1667.7408,1021.2477,122.3110,158.0370,-0.0369
1668.7431,1020.2500,122.2433,158.0000,-0.0369
1669.7453,1019.2523,122.1757,157.9630,-0.0369
1670.7476,1018.2546,122.1081,157.9261,-0.0368
1671.7498,1017.2569,122.0404,157.8892,-0.0368
1672.7521,1016.2592,121.9728,157.8524,-0.0367
1673.7544,1015.2615,121.9047,157.8157,-0.0366
1674.7566,1014.2639,121.8355,157.7790,-0.0366
1675.7589,1013.2663,121.7661,157.7423,-0.0365
1676.7612,1012.2687,121.6967,157.7057,-0.0365
1677.7634,1011.2711,121.6273,157.6691,-0.0365
1678.7657,1010.2735,121.5579,157.6326,-0.0365
1679.7680,1009.2759,121.4885,157.5960,-0.0365
1680.7702,1008.2784,121.4191,157.5594,-0.0365
1681.7724,1007.2808,121.3496,157.5228,-0.0366
1682.7747,1006.2832,121.2802,157.4861,-0.0366
1683.7770,1005.2856,121.2108,157.4494,-0.0367
1684.7792,1004.2880,121.1414,157.4126,-0.0368
1685.7815,1003.2904,121.0720,157.3757,-0.0369
1686.7838,1002.2928,121.0026,157.3387,-0.0370
1687.7861,1001.2952,120.9332,157.3016,-0.0371
1688.7883,1000.2976,120.8638,157.2644,-0.0372
1689.7905,999.3001,120.7944,157.2271,-0.0373
1690.7928,998.3025,120.7250,157.1896,-0.0374
1691.7950,997.3049,120.6556,157.1521,-0.0375
1692.7973,996.3073,120.5865,157.1144,-0.0376
1693.7996,995.3096,120.5183,157.0767,-0.0378
1694.8019,994.3119,120.4502,157.0387,-0.0379
1695.8041,993.3142,120.3821,157.0007,-0.0381
1696.8063,992.3166,120.3139,156.9624,-0.0382
1697.8086,991.3189,120.2458,156.9241,-0.0384
1698.8109,990.3212,120.1777,156.8855,-0.0386
1699.8132,989.3235,120.1096,156.8467,-0.0388
1700.8154,988.3259,120.0415,156.8077,-0.0390
1701.8176,987.3282,119.9734,156.7685,-0.0393
1702.8199,986.3305,119.9050,156.7290,-0.0395
1703.8222,985.3329,119.8364,156.6893,-0.0398
1704.8245,984.3352,119.7679,156.6493,-0.0400
1705.8267,983.3376,119.6994,156.6091,-0.0403
1706.8290,982.3399,119.6308,156.5686,-0.0405
1707.8312,981.3423,119.5623,156.5279,-0.0407
1708.8335,980.3446,119.4938,156.4869,-0.0409
1709.8357,979.3470,119.4252,156.4458,-0.0411
1710.8380,978.3493,119.3567,156.4045,-0.0412
1711.8402,977.3517,119.2883,156.3631,-0.0413
1712.8425,976.3540,119.2201,156.3217,-0.0413
1713.8448,975.3563,119.1519,156.2802,-0.0413
1714.8471,974.3586,119.0838,156.2389,-0.0412
1715.8493,973.3610,119.0157,156.1977,-0.0410
1716.8516,972.3633,118.9475,156.1566,-0.0408
1717.8539,971.3656,118.8794,156.1159,-0.0405
1718.8561,970.3679,118.8112,156.0755,-0.0401
1719.8583,969.3703,118.7431,156.0355,-0.0397
1720.8606,968.3726,118.6749,155.9959,-0.0392
1721.8628,967.3748,118.6093,155.9569,-0.0387
1722.8651,966.3769,118.5446,155.9184,-0.0381
1723.8674,965.3789,118.4799,155.8804,-0.0376
1724.8697,964.3810,118.4152,155.8430,-0.0370
1725.8720,963.3831,118.3506,155.8062,-0.0365
1726.8742,962.3852,118.2859,155.7699,-0.0359
1727.8765,961.3873,118.2213,155.7341,-0.0355
1728.8787,960.3894,118.1566,155.6989,-0.0350
1729.8810,959.3915,118.0920,155.6640,-0.0346
1730.8832,958.3936,118.0275,155.6294,-0.0343
1731.8855,957.3956,117.9635,155.5951,-0.0341
1732.8877,956.3977,117.8995,155.5610,-0.0340
1733.8900,955.3997,117.8355,155.5270,-0.0339
1734.8923,954.4018,117.7716,155.4930,-0.0340
1735.8946,953.4038,117.7076,155.4589,-0.0341
1736.8968,952.4059,117.6436,155.4246,-0.0343
1737.8991,951.4079,117.5796,155.3901,-0.0346
1738.9013,950.4100,117.5157,155.3553,-0.0349
1739.9036,949.4120,117.4517,155.3201,-0.0353
1740.9059,948.4140,117.3884,155.2845,-0.0357
1741.9081,947.4160,117.3254,155.2484,-0.0362
1742.9104,946.4180,117.2623,155.2120,-0.0366
1743.9126,945.4200,117.1993,155.1750,-0.0370
1744.9149,944.4220,117.1362,155.1377,-0.0374
1745.9171,943.4240,117.0732,155.1000,-0.0378
1746.9194,942.4260,117.0101,155.0620,-0.0381
1747.9217,941.4279,116.9471,155.0237,-0.0383
1748.9240,940.4299,116.8841,154.9852,-0.0385
1749.9262,939.4319,116.8216,154.9466,-0.0385
1750.9285,938.4337,116.7607,154.9080,-0.0385
1751.9307,937.4356,116.6999,154.8694,-0.0384
1752.9330,936.4374,116.6391,154.8310,-0.0382
1753.9353,935.4393,116.5782,154.7928,-0.0379
1754.9375,934.4412,116.5174,154.7550,-0.0376
1755.9398,933.4430,116.4565,154.7174,-0.0372
1756.9420,932.4449,116.3957,154.6803,-0.0368
1757.9443,931.4467,116.3349,154.6437,-0.0363
1758.9465,930.4486,116.2740,154.6076,-0.0358
1759.9488,929.4504,116.2134,154.5719,-0.0353
1760.9511,928.4522,116.1529,154.5368,-0.0348
1761.9533,927.4541,116.0924,154.5021,-0.0343
1762.9556,926.4559,116.0319,154.4680,-0.0338
1763.9579,925.4577,115.9714,154.4343,-0.0334
1764.9601,924.4596,115.9109,154.4011,-0.0330
1765.9624,923.4614,115.8504,154.3682,-0.0326
1766.9647,922.4632,115.7899,154.3357,-0.0323
1767.9669,921.4651,115.7294,154.3036,-0.0320
1768.9692,920.4669,115.6692,154.2717,-0.0317
1769.9715,919.4686,115.6098,154.2401,-0.0315
1770.9737,918.4704,115.5504,154.2086,-0.0313
1771.9760,917.4722,115.4909,154.1774,-0.0311
1772.9783,916.4739,115.4315,154.1462,-0.0310
1773.9805,915.4757,115.3721,154.1152,-0.0309
1774.9828,914.4775,115.3126,154.0843,-0.0308
1775.9851,913.4792,115.2532,154.0535,-0.0307
1776.9873,912.4810,115.1938,154.0227,-0.0307
1777.9896,911.4828,115.1344,153.9920,-0.0307
1778.9918,910.4845,115.0758,153.9613,-0.0306
1779.9941,909.4862,115.0175,153.9305,-0.0306
1780.9964,908.4879,114.9591,153.8998,-0.0307
1781.9986,907.4896,114.9008,153.8691,-0.0307
1783.0009,906.4913,114.8425,153.8383,-0.0307
1784.0032,905.4930,114.7842,153.8075,-0.0308
1785.0054,904.4947,114.7258,153.7765,-0.0309
1786.0077,903.4964,114.6675,153.7455,-0.0310
1787.0100,902.4981,114.6092,153.7143,-0.0312
1788.0122,901.4998,114.5512,153.6830,-0.0313
1789.0145,900.5014,114.4938,153.6516,-0.0315
1790.0168,899.5031,114.4364,153.6199,-0.0317
1791.0191,898.5047,114.3790,153.5880,-0.0319
1792.0213,897.5064,114.3216,153.5559,-0.0322
1793.0236,896.5080,114.2642,153.5235,-0.0324
1794.0258,895.5097,114.2068,153.4908,-0.0327
1795.0281,894.5113,114.1494,153.4579,-0.0330
1796.0303,893.5130,114.0921,153.4247,-0.0333
1797.0326,892.5146,114.0347,153.3912,-0.0336
1798.0348,891.5163,113.9777,153.3574,-0.0338
1799.0371,890.5179,113.9208,153.3233,-0.0341
1800.0394,889.5195,113.8639,153.2890,-0.0344
1801.0417,888.5211,113.8070,153.2544,-0.0346
1802.0440,887.5227,113.7501,153.2196,-0.0349
1803.0463,886.5243,113.6932,153.1845,-0.0351
1804.0484,885.5260,113.6363,153.1493,-0.0353
1805.0507,884.5276,113.5794,153.1138,-0.0354
1806.0530,883.5292,113.5225,153.0782,-0.0356
1807.0553,882.5308,113.4653,153.0425,-0.0357
1808.0576,881.5325,113.4074,153.0066,-0.0358
1809.0598,880.5342,113.3495,152.9707,-0.0359
1810.0620,879.5359,113.2916,152.9346,-0.0360
1811.0643,878.5376,113.2337,152.8985,-0.0360
1812.0666,877.5392,113.1759,152.8624,-0.0361
1813.0689,876.5409,113.1180,152.8262,-0.0361
1814.0711,875.5426,113.0601,152.7901,-0.0361
1815.0733,874.5443,113.0022,152.7539,-0.0361
1816.0757,873.5459,112.9444,152.7177,-0.0361
1817.0779,872.5476,112.8871,152.6815,-0.0361
1818.0802,871.5492,112.8300,152.6453,-0.0361
1819.0825,870.5508,112.7730,152.6091,-0.0361
1820.0847,869.5525,112.7159,152.5728,-0.0361
1821.0870,868.5541,112.6588,152.5366,-0.0361
1822.0893,867.5557,112.6017,152.5004,-0.0362
1823.0915,866.5574,112.5446,152.4641,-0.0362
1824.0938,865.5590,112.4875,152.4279,-0.0362
1825.0961,864.5606,112.4303,152.3916,-0.0362
1826.0983,863.5623,112.3728,152.3552,-0.0362
1827.1005,862.5640,112.3146,152.3189,-0.0363
1828.1028,861.5657,112.2565,152.2826,-0.0363
1829.1051,860.5674,112.1983,152.2462,-0.0363
1830.1073,859.5691,112.1401,152.2098,-0.0363
1831.1096,858.5708,112.0819,152.1735,-0.0362
1832.1118,857.5725,112.0237,152.1372,-0.0362
1833.1142,856.5741,111.9655,152.1009,-0.0361
1834.1164,855.5758,111.9073,152.0647,-0.0361
1835.1187,854.5775,111.8490,152.0286,-0.0360
1836.1209,853.5793,111.7900,151.9926,-0.0359
1837.1232,852.5810,111.7308,151.9566,-0.0358
1838.1255,851.5828,111.6716,151.9208,-0.0357
1839.1278,850.5845,111.6124,151.8851,-0.0356
1840.1300,849.5863,111.5532,151.8495,-0.0355
1841.1322,848.5881,111.4940,151.8140,-0.0353
1842.1345,847.5898,111.4348,151.7787,-0.0352
1843.1368,846.5916,111.3756,151.7434,-0.0351
1844.1391,845.5933,111.3163,151.7083,-0.0350
1845.1413,844.5951,111.2569,151.6733,-0.0349
1846.1436,843.5969,111.1972,151.6384,-0.0348
1847.1458,842.5987,111.1374,151.6035,-0.0347
1848.1482,841.6004,111.0777,151.5688,-0.0346
1849.1504,840.6022,111.0179,151.5341,-0.0346
1850.1527,839.6040,110.9582,151.4995,-0.0345
1851.1549,838.6058,110.8984,151.4650,-0.0344
1852.1572,837.6076,110.8387,151.4305,-0.0344
1853.1594,836.6094,110.7789,151.3961,-0.0343
1854.1617,835.6112,110.7191,151.3617,-0.0342
1855.1639,834.6130,110.6589,151.3275,-0.0341
1856.1662,833.6148,110.5987,151.2933,-0.0341
1857.1685,832.6166,110.5384,151.2592,-0.0340
1858.1708,831.6184,110.4782,151.2252,-0.0339
1859.1731,830.6202,110.4179,151.1913,-0.0337
1860.1753,829.6221,110.3577,151.1576,-0.0336
1861.1775,828.6239,110.2974,151.1240,-0.0335
1862.1798,827.6257,110.2371,151.0905,-0.0333
1863.1821,826.6275,110.1770,151.0571,-0.0332
1864.1843,825.6293,110.1174,151.0240,-0.0330
1865.1866,824.6310,110.0587,150.9910,-0.0328
1866.1889,823.6327,110.0000,150.9582,-0.0327
1867.1911,822.6345,109.9413,150.9255,-0.0325
1868.1934,821.6362,109.8826,150.8930,-0.0323
1869.1957,820.6379,109.8239,150.8607,-0.0321
1870.1980,819.6396,109.7652,150.8286,-0.0320
1871.2002,818.6414,109.7064,150.7966,-0.0318
1872.2025,817.6431,109.6477,150.7648,-0.0317
1873.2048,816.6448,109.5888,150.7331,-0.0315
1874.2070,815.6466,109.5288,150.7016,-0.0314
1875.2093,814.6484,109.4685,150.6701,-0.0313
1876.2115,813.6503,109.4083,150.6388,-0.0312
1877.2138,812.6521,109.3480,150.6076,-0.0311
1878.2161,811.6539,109.2878,150.5764,-0.0311
1879.2183,810.6557,109.2275,150.5453,-0.0310
1880.2206,809.6575,109.1672,150.5142,-0.0310
1881.2229,808.6593,109.1070,150.4831,-0.0310
1882.2251,807.6612,109.0467,150.4520,-0.0310
1883.2274,806.6630,108.9864,150.4208,-0.0311
1884.2297,805.6648,108.9261,150.3897,-0.0311
1885.2319,804.6666,108.8657,150.3584,-0.0312
1886.2341,803.6685,108.8054,150.3271,-0.0313
1887.2364,802.6703,108.7450,150.2957,-0.0314
1888.2387,801.6721,108.6847,150.2642,-0.0315
1889.2410,800.6739,108.6243,150.2325,-0.0316
1890.2433,799.6757,108.5640,150.2008,-0.0318
1891.2455,798.6776,108.5036,150.1689,-0.0319
1892.2477,797.6794,108.4435,150.1368,-0.0320
1893.2501,796.6811,108.3840,150.1047,-0.0321
1894.2523,795.6829,108.3247,150.0724,-0.0323
1895.2545,794.6847,108.2654,150.0400,-0.0324
1896.2569,793.6864,108.2060,150.0075,-0.0325
1897.2591,792.6882,108.1467,149.9749,-0.0325
1898.2613,791.6900,108.0874,149.9423,-0.0326
1899.2636,790.6917,108.0281,149.9096,-0.0326
1900.2659,789.6935,107.9687,149.8769,-0.0326
1901.2682,788.6952,107.9094,149.8443,-0.0326
1902.2704,787.6970,107.8503,149.8116,-0.0325
1903.2727,786.6987,107.7913,149.7791,-0.0324
1904.2749,785.7005,107.7323,149.7467,-0.0323
1905.2772,784.7022,107.6733,149.7144,-0.0321
1906.2794,783.7040,107.6142,149.6823,-0.0319
1907.2818,782.7057,107.5552,149.6504,-0.0317
1908.2841,781.7074,107.4962,149.6187,-0.0315
1909.2863,780.7092,107.4372,149.5872,-0.0313
1910.2886,779.7109,107.3782,149.5560,-0.0310
1911.2908,778.7127,107.3191,149.5251,-0.0308
1912.2931,777.7144,107.2598,149.4944,-0.0305
1913.2954,776.7162,107.2003,149.4639,-0.0302
1914.2976,775.7180,107.1409,149.4338,-0.0300
1915.2999,774.7197,107.0815,149.4038,-0.0298
1916.3021,773.7215,107.0221,149.3741,-0.0295
1917.3044,772.7233,106.9626,149.3446,-0.0293
1918.3067,771.7250,106.9032,149.3153,-0.0291
1919.3089,770.7268,106.8438,149.2862,-0.0289
1920.3112,769.7286,106.7844,149.2573,-0.0287
1921.3135,768.7303,106.7249,149.2286,-0.0286
1922.3158,767.7321,106.6654,149.2001,-0.0284
1923.3180,766.7339,106.6060,149.1717,-0.0282
1924.3202,765.7357,106.5465,149.1435,-0.0280
1925.3226,764.7374,106.4870,149.1155,-0.0278
1926.3248,763.7392,106.4275,149.0877,-0.0276
1927.3270,762.7410,106.3680,149.0602,-0.0274
1928.3294,761.7427,106.3086,149.0328,-0.0272
1929.3316,760.7445,106.2491,149.0057,-0.0270
1930.3338,759.7463,106.1897,148.9788,-0.0267
1931.3362,758.7480,106.1306,148.9521,-0.0264
1932.3384,757.7498,106.0715,148.9258,-0.0262
1933.3407,756.7515,106.0125,148.8997,-0.0259
1934.3429,755.7533,105.9534,148.8738,-0.0257
1935.3452,754.7550,105.8944,148.8482,-0.0254
1936.3475,753.7567,105.8353,148.8229,-0.0251
1937.3497,752.7585,105.7762,148.7978,-0.0249
1938.3520,751.7602,105.7172,148.7730,-0.0247
1939.3542,750.7620,105.6581,148.7483,-0.0245
1940.3566,749.7637,105.5988,148.7239,-0.0243
1941.3588,748.7655,105.5394,148.6997,-0.0241
1942.3610,747.7673,105.4800,148.6757,-0.0239
1943.3634,746.7690,105.4206,148.6518,-0.0237
1944.3656,745.7708,105.3612,148.6281,-0.0236
1945.3678,744.7726,105.3018,148.6046,-0.0234
1946.3702,743.7743,105.2423,148.5812,-0.0232
1947.3724,742.7761,105.1829,148.5581,-0.0230
1948.3746,741.7779,105.1235,148.5351,-0.0228
1949.3770,740.7796,105.0642,148.5124,-0.0226
1950.3792,739.7814,105.0049,148.4899,-0.0223
1951.3815,738.7831,104.9457,148.4677,-0.0220
1952.3837,737.7849,104.8865,148.4457,-0.0217
1953.3859,736.7867,104.8273,148.4242,-0.0213
1954.3883,735.7884,104.7680,148.4030,-0.0209
1955.3905,734.7902,104.7088,148.3822,-0.0205
1956.3928,733.7919,104.6496,148.3618,-0.0201
1957.3950,732.7937,104.5904,148.3420,-0.0196
1958.3974,731.7954,104.5311,148.3226,-0.0190
1959.3996,730.7972,104.4715,148.3038,-0.0185
1960.4019,729.7990,104.4116,148.2855,-0.0179
1961.4041,728.8008,104.3516,148.2678,-0.0174
1962.4064,727.8026,104.2917,148.2507,-0.0168
1963.4087,726.8044,104.2318,148.2342,-0.0162
1964.4109,725.8062,104.1718,148.2183,-0.0156
1965.4132,724.8080,104.1119,148.2030,-0.0150
1966.4154,723.8098,104.0520,148.1883,-0.0144
1967.4177,722.8116,103.9920,148.1742,-0.0138
1968.4200,721.8134,103.9322,148.1606,-0.0133
1969.4222,720.8152,103.8726,148.1476,-0.0128
1970.4246,719.8169,103.8130,148.1350,-0.0123
1971.4268,718.8187,103.7534,148.1230,-0.0118
1972.4290,717.8205,103.6938,148.1113,-0.0114
1973.4313,716.8223,103.6343,148.1001,-0.0110
1974.4336,715.8240,103.5747,148.0893,-0.0106
1975.4359,714.8258,103.5151,148.0788,-0.0103
1976.4381,713.8276,103.4555,148.0686,-0.0100
1977.4404,712.8294,103.3958,148.0588,-0.0097
1978.4427,711.8312,103.3354,148.0492,-0.0094
1979.4449,710.8331,103.2744,148.0398,-0.0092
1980.4472,709.8349,103.2134,148.0307,-0.0090
1981.4494,708.8368,103.1524,148.0218,-0.0088
1982.4517,707.8387,103.0914,148.0132,-0.0085
1983.4540,706.8405,103.0304,148.0047,-0.0083
1984.4562,705.8424,102.9694,147.9965,-0.0081
1985.4586,704.8442,102.9084,147.9885,-0.0079
1986.4608,703.8461,102.8474,147.9807,-0.0076
1987.4631,702.8480,102.7857,147.9732,-0.0074
1988.4653,701.8500,102.7229,147.9659,-0.0071
1989.4676,700.8520,102.6597,147.9589,-0.0069
1990.4698,699.8540,102.5966,147.9521,-0.0066
1991.4721,698.8560,102.5335,147.9457,-0.0063
1992.4743,697.8580,102.4704,147.9395,-0.0060
1993.4766,696.8600,102.4073,147.9337,-0.0057
1994.4789,695.8620,102.3441,147.9281,-0.0054
1995.4811,694.8640,102.2810,147.9229,-0.0050
1996.4834,693.8660,102.2175,147.9181,-0.0047
1997.4857,692.8681,102.1521,147.9135,-0.0044
1998.4880,691.8703,102.0854,147.9093,-0.0040
1999.4902,690.8726,102.0187,147.9055,-0.0037
2000.4925,689.8748,101.9520,147.9019,-0.0034
2001.4948,688.8770,101.8853,147.8987,-0.0031
2002.4971,687.8792,101.8187,147.8958,-0.0028
2003.4993,686.8815,101.7514,147.8932,-0.0025
2004.5015,685.8840,101.6815,147.8909,-0.0022
2005.5038,684.8865,101.6098,147.8888,-0.0019
2006.5061,683.8891,101.5380,147.8870,-0.0017
2007.5083,682.8917,101.4663,147.8854,-0.0015
2008.5106,681.8943,101.3946,147.8841,-0.0012
2009.5129,680.8969,101.3221,147.8830,-0.0011
2010.5151,679.8998,101.2463,147.8820,-0.0009
2011.5174,678.9028,101.1683,147.8812,-0.0007
2012.5196,677.9059,101.0902,147.8806,-0.0006
2013.5219,676.9089,101.0121,147.8801,-0.0004
2014.5241,675.9121,100.9331,147.8797,-0.0003
2015.5264,674.9155,100.8500,147.8794,-0.0002
2016.5287,673.9192,100.7640,147.8793,-0.0001
2017.5310,672.9229,100.6781,147.8792,-0.0000
2018.5332,671.9267,100.5912,147.8792,0.0001
2019.5355,670.9309,100.4996,147.8794,0.0002
2020.5377,669.9354,100.4052,147.8796,0.0002
2021.5400,668.9398,100.3107,147.8798,0.0003
2022.5422,667.9444,100.2151,147.8802,0.0004
2023.5445,666.9495,100.1147,147.8806,0.0005
2024.5468,665.9548,100.0113,147.8811,0.0005
2025.5490,664.9602,99.9079,147.8817,0.0006
2026.5512,663.9657,99.8033,147.8823,0.0007
2027.5535,662.9717,99.6940,147.8830,0.0007
2028.5557,661.9780,99.5818,147.8838,0.0008
2029.5580,660.9843,99.4696,147.8847,0.0009
2030.5602,659.9906,99.3574,147.8856,0.0010
2031.5624,658.9974,99.2416,147.8866,0.0010
2032.5647,658.0045,99.1220,147.8877,0.0011
2033.5670,657.0118,99.0015,147.8888,0.0012
2034.5692,656.0191,98.8809,147.8900,0.0012
2035.5714,655.0266,98.7593,147.8913,0.0013
2036.5737,654.0345,98.6332,147.8926,0.0014
2037.5759,653.0428,98.5046,147.8940,0.0014
2038.5782,652.0511,98.3761,147.8955,0.0015
2039.5804,651.0596,98.2463,147.8970,0.0015
2040.5826,650.0687,98.1120,147.8986,0.0016
2041.5848,649.0781,97.9752,147.9002,0.0017
2042.5871,648.0875,97.8383,147.9019,0.0018
2043.5894,647.0970,97.7003,147.9037,0.0018
2044.5915,646.1073,97.5576,147.9056,0.0019
2045.5938,645.1179,97.4124,147.9076,0.0020
2046.5960,644.1285,97.2672,147.9096,0.0021
2047.5983,643.1392,97.1211,147.9118,0.0022
2048.6004,642.1505,96.9715,147.9140,0.0023
2049.6027,641.1620,96.8200,147.9164,0.0024
2050.6049,640.1739,96.6661,147.9189,0.0026
2051.6072,639.1862,96.5097,147.9216,0.0027
2052.6094,638.1990,96.3501,147.9243,0.0029
2053.6116,637.2121,96.1889,147.9273,0.0030
2054.6138,636.2252,96.0276,147.9304,0.0032
2055.6160,635.2385,95.8652,147.9337,0.0034
2056.6182,634.2526,95.6981,147.9372,0.0035
2057.6205,633.2670,95.5286,147.9408,0.0037
2058.6227,632.2815,95.3592,147.9447,0.0039
2059.6248,631.2962,95.1885,147.9487,0.0041
2060.6271,630.3117,95.0128,147.9529,0.0043
2061.6293,629.3277,94.8346,147.9573,0.0045
2062.6315,628.3437,94.6564,147.9618,0.0046
2063.6337,627.3600,94.4769,147.9666,0.0048
2064.6359,626.3772,94.2924,147.9715,0.0050
2065.6381,625.3948,94.1055,147.9765,0.0051
2066.6403,624.4124,93.9186,147.9817,0.0053
2067.6425,623.4303,93.7304,147.9871,0.0054
2068.6447,622.4491,93.5373,147.9926,0.0056
2069.6469,621.4684,93.3419,147.9983,0.0057
2070.6491,620.4876,93.1465,148.0040,0.0058
2071.6513,619.5069,92.9512,148.0099,0.0059
2072.6535,618.5270,92.7518,148.0158,0.0060
2073.6557,617.5478,92.5489,148.0219,0.0061
2074.6578,616.5688,92.3452,148.0280,0.0062
2075.6601,615.5897,92.1415,148.0342,0.0062
2076.6623,614.6109,91.9367,148.0405,0.0063
2077.6644,613.6331,91.7273,148.0468,0.0063
2078.6666,612.6557,91.5160,148.0532,0.0064
2079.6688,611.6782,91.3048,148.0596,0.0064
2080.6710,610.7008,91.0935,148.0661,0.0065
2081.6731,609.7242,90.8785,148.0726,0.0065
2082.6753,608.7483,90.6603,148.0791,0.0065
2083.6775,607.7725,90.4415,148.0857,0.0066
2084.6797,606.7967,90.2227,148.0923,0.0066
2085.6818,605.8210,90.0039,148.0989,0.0066
2086.6840,604.8461,89.7813,148.1055,0.0066
2087.6862,603.8719,89.5555,148.1121,0.0066
2088.6883,602.8979,89.3290,148.1188,0.0067
2089.6905,601.9239,89.1025,148.1255,0.0067
2090.6927,600.9501,88.8749,148.1322,0.0067
2091.6949,599.9775,88.6424,148.1389,0.0067
2092.6970,599.0054,88.4081,148.1456,0.0067
2093.6992,598.0332,88.1738,148.1524,0.0068
2094.7013,597.0611,87.9394,148.1592,0.0068
2095.7035,596.0899,87.7010,148.1660,0.0068
2096.7056,595.1196,87.4592,148.1729,0.0069
2097.7078,594.1494,87.2168,148.1798,0.0069
2098.7100,593.1792,86.9744,148.1867,0.0069
2099.7121,592.2094,86.7307,148.1937,0.0070
2100.7143,591.2407,86.4822,148.2007,0.0071
2101.7164,590.2726,86.2319,148.2078,0.0071
2102.7185,589.3044,85.9817,148.2150,0.0072
2103.7207,588.3362,85.7314,148.2222,0.0072
2104.7229,587.3690,85.4773,148.2295,0.0073
2105.7249,586.4027,85.2201,148.2368,0.0073
2106.7271,585.4365,84.9624,148.2442,0.0074
2107.7293,584.4702,84.7047,148.2516,0.0074
2108.7314,583.5040,84.4469,148.2590,0.0074
2109.7335,582.5388,84.1855,148.2665,0.0074
2110.7357,581.5743,83.9213,148.2739,0.0074
2111.7378,580.6100,83.6566,148.2814,0.0074
2112.7399,579.6457,83.3919,148.2888,0.0073
2113.7421,578.6813,83.1272,148.2961,0.0073
2114.7442,577.7170,82.8625,148.3033,0.0072
2115.7463,576.7532,82.5960,148.3105,0.0071
2116.7484,575.7897,82.3282,148.3175,0.0069
2117.7506,574.8263,82.0601,148.3244,0.0068
2118.7527,573.8629,81.7920,148.3311,0.0066
2119.7548,572.8995,81.5240,148.3376,0.0064
2120.7569,571.9361,81.2559,148.3439,0.0062
2121.7591,570.9727,80.9879,148.3500,0.0060
2122.7612,570.0093,80.7198,148.3559,0.0057
2123.7633,569.0459,80.4517,148.3615,0.0055
2124.7654,568.0824,80.1841,148.3669,0.0052
2125.7676,567.1184,79.9180,148.3721,0.0050
2126.7697,566.1544,79.6524,148.3769,0.0048
2127.7718,565.1903,79.3867,148.3816,0.0045
2128.7740,564.2262,79.1211,148.3860,0.0043
2129.7761,563.2621,78.8555,148.3902,0.0041
2130.7782,562.2981,78.5898,148.3942,0.0039
2131.7804,561.3340,78.3242,148.3980,0.0037
2132.7825,560.3699,78.0586,148.4017,0.0036
2133.7847,559.4058,77.7929,148.4052,0.0034
2134.7867,558.4418,77.5273,148.4086,0.0033
2135.7889,557.4777,77.2617,148.4119,0.0033
2136.7910,556.5136,76.9961,148.4151,0.0032
2137.7931,555.5495,76.7306,148.4183,0.0032
2138.7953,554.5854,76.4650,148.4215,0.0032
2139.7974,553.6213,76.1994,148.4246,0.0032
2140.7996,552.6572,75.9338,148.4278,0.0032
2141.8016,551.6932,75.6682,148.4310,0.0033
2142.8038,550.7291,75.4026,148.4343,0.0033
2143.8059,549.7650,75.1370,148.4377,0.0034
2144.8081,548.8009,74.8714,148.4411,0.0035
2145.8102,547.8368,74.6058,148.4447,0.0036
2146.8123,546.8728,74.3401,148.4483,0.0037
2147.8144,545.9087,74.0745,148.4521,0.0038
2148.8166,544.9446,73.8088,148.4559,0.0039
2149.8187,543.9806,73.5432,148.4599,0.0041
2150.8208,543.0165,73.2775,148.4641,0.0042
2151.8230,542.0524,73.0119,148.4683,0.0043
2152.8251,541.0883,72.7463,148.4727,0.0044
2153.8273,540.1242,72.4808,148.4772,0.0045
2154.8294,539.1600,72.2155,148.4818,0.0047
2155.8315,538.1959,71.9503,148.4865,0.0048
2156.8336,537.2317,71.6850,148.4914,0.0049
2157.8358,536.2675,71.4198,148.4963,0.0050
2158.8379,535.3033,71.1545,148.5014,0.0051
2159.8400,534.3392,70.8892,148.5065,0.0052
2160.8422,533.3750,70.6240,148.5117,0.0053
2161.8443,532.4108,70.3587,148.5170,0.0053
2162.8464,531.4467,70.0933,148.5224,0.0054
2163.8486,530.4826,69.8277,148.5279,0.0055
2164.8507,529.5185,69.5620,148.5334,0.0055
2165.8528,528.5545,69.2963,148.5389,0.0056
2166.8550,527.5904,69.0306,148.5445,0.0056
2167.8571,526.6264,68.7649,148.5502,0.0057
2168.8593,525.6623,68.4991,148.5558,0.0057
2169.8614,524.6983,68.2334,148.5616,0.0057
2170.8635,523.7342,67.9677,148.5673,0.0057
2171.8656,522.7702,67.7020,148.5730,0.0057
2172.8678,521.8062,67.4360,148.5787,0.0057
2173.8699,520.8423,67.1699,148.5844,0.0057
2174.8721,519.8783,66.9037,148.5901,0.0057
2175.8742,518.9144,66.6375,148.5958,0.0056
2176.8763,517.9505,66.3714,148.6014,0.0056
2177.8785,516.9865,66.1052,148.6069,0.0055
2178.8806,516.0226,65.8390,148.6124,0.0054
2179.8827,515.0587,65.5729,148.6177,0.0053
2180.8848,514.0948,65.3067,148.6230,0.0052
2181.8870,513.1308,65.0405,148.6282,0.0051
2182.8891,512.1669,64.7744,148.6333,0.0050
2183.8912,511.2030,64.5082,148.6382,0.0049
2184.8933,510.2391,64.2421,148.6431,0.0048
2185.8955,509.2751,63.9759,148.6478,0.0046
2186.8976,508.3112,63.7097,148.6523,0.0045
2187.8997,507.3473,63.4436,148.6568,0.0044
2188.9019,506.3833,63.1774,148.6610,0.0042
2189.9040,505.4194,62.9113,148.6652,0.0041
2190.9062,504.4555,62.6451,148.6692,0.0039
2191.9083,503.4916,62.3788,148.6731,0.0038
2192.9105,502.5277,62.1123,148.6768,0.0036
2193.9126,501.5639,61.8459,148.6804,0.0035
2194.9148,500.6000,61.5794,148.6838,0.0034
2195.9168,499.6362,61.3130,148.6871,0.0032
2196.9189,498.6724,61.0465,148.6903,0.0031
2197.9211,497.7085,60.7801,148.6933,0.0030
2198.9232,496.7447,60.5136,148.6962,0.0028
2199.9254,495.7808,60.2471,148.6990,0.0027
2200.9275,494.8170,59.9807,148.7016,0.0026
2201.9297,493.8531,59.7142,148.7041,0.0024
2202.9318,492.8893,59.4477,148.7065,0.0023
2203.9339,491.9254,59.1813,148.7087,0.0022
2204.9360,490.9616,58.9148,148.7108,0.0021
2205.9382,489.9977,58.6483,148.7128,0.0019
2206.9403,489.0339,58.3819,148.7147,0.0018
2207.9424,488.0701,58.1154,148.7164,0.0017
2208.9446,487.1062,57.8489,148.7180,0.0015
2209.9467,486.1424,57.5825,148.7195,0.0014
2210.9489,485.1785,57.3160,148.7209,0.0013
2211.9510,484.2147,57.0496,148.7221,0.0012
2212.9532,483.2508,56.7831,148.7232,0.0010
2213.9552,482.2870,56.5167,148.7242,0.0009
2214.9574,481.3231,56.2502,148.7250,0.0008
2215.9595,480.3593,55.9838,148.7258,0.0007
2216.9617,479.3954,55.7173,148.7264,0.0006
2217.9638,478.4316,55.4509,148.7269,0.0005
2218.9659,477.4677,55.1845,148.7273,0.0004
2219.9680,476.5039,54.9181,148.7276,0.0003
2220.9702,475.5400,54.6518,148.7279,0.0002
2221.9724,474.5760,54.3856,148.7280,0.0001
2222.9745,473.6121,54.1194,148.7281,0.0000
2223.9766,472.6482,53.8531,148.7281,-0.0000
2224.9788,471.6843,53.5869,148.7280,-0.0001
2225.9809,470.7204,53.3207,148.7279,-0.0002
2226.9830,469.7565,53.0544,148.7277,-0.0002
2227.9851,468.7926,52.7882,148.7275,-0.0003
2228.9873,467.8287,52.5220,148.7272,-0.0003
2229.9894,466.8649,52.2554,148.7269,-0.0004
2230.9915,465.9011,51.9887,148.7265,-0.0004
2231.9937,464.9373,51.7220,148.7260,-0.0005
2232.9959,463.9735,51.4552,148.7255,-0.0005
2233.9979,463.0098,51.1885,148.7250,-0.0006
2235.0001,462.0460,50.9218,148.7244,-0.0006
2236.0023,461.0822,50.6550,148.7238,-0.0007
2237.0043,460.1185,50.3883,148.7231,-0.0007
2238.0065,459.1547,50.1216,148.7223,-0.0008
2239.0087,458.1909,49.8548,148.7215,-0.0008
2240.0107,457.2273,49.5877,148.7206,-0.0009
2241.0129,456.2636,49.3207,148.7197,-0.0010
2242.0150,455.2999,49.0536,148.7186,-0.0011
2243.0172,454.3362,48.7865,148.7175,-0.0012
2244.0193,453.3725,48.5195,148.7163,-0.0013
2245.0214,452.4089,48.2524,148.7150,-0.0014
2246.0236,451.4452,47.9854,148.7135,-0.0015
2247.0257,450.4815,47.7183,148.7120,-0.0016
2248.0279,449.5178,47.4512,148.7103,-0.0017
2249.0300,448.5541,47.1843,148.7086,-0.0018
2250.0321,447.5904,46.9174,148.7067,-0.0019
2251.0343,446.6266,46.6506,148.7047,-0.0020
2252.0364,445.6629,46.3837,148.7026,-0.0022
2253.0385,444.6992,46.1168,148.7003,-0.0023
2254.0407,443.7354,45.8500,148.6980,-0.0023
2255.0428,442.7717,45.5831,148.6956,-0.0024
2256.0449,441.8080,45.3162,148.6932,-0.0025
2257.0471,440.8442,45.0494,148.6906,-0.0026
2258.0492,439.8805,44.7826,148.6880,-0.0026
2259.0513,438.9167,44.5160,148.6853,-0.0027
2260.0535,437.9529,44.2493,148.6827,-0.0027
2261.0556,436.9891,43.9827,148.6799,-0.0027
2262.0577,436.0253,43.7161,148.6772,-0.0027
2263.0599,435.0615,43.4495,148.6745,-0.0027
2264.0620,434.0977,43.1829,148.6718,-0.0027
2265.0641,433.1339,42.9163,148.6691,-0.0027
2266.0663,432.1701,42.6497,148.6664,-0.0027
2267.0684,431.2063,42.3831,148.6637,-0.0026
2268.0706,430.2424,42.1166,148.6611,-0.0026
2269.0728,429.2785,41.8502,148.6585,-0.0026
2270.0749,428.3147,41.5838,148.6560,-0.0025
2271.0770,427.3508,41.3174,148.6534,-0.0025
2272.0791,426.3870,41.0510,148.6509,-0.0025
2273.0813,425.4231,40.7846,148.6484,-0.0025
2274.0835,424.4592,40.5182,148.6459,-0.0025
2275.0855,423.4954,40.2518,148.6434,-0.0025
2276.0877,422.5315,39.9854,148.6410,-0.0025
2277.0898,421.5676,39.7192,148.6385,-0.0025
2278.0920,420.6035,39.4536,148.6360,-0.0025
2279.0941,419.6394,39.1881,148.6334,-0.0025
2280.0963,418.6753,38.9225,148.6309,-0.0026
2281.0984,417.7112,38.6570,148.6282,-0.0026
2282.1005,416.7471,38.3915,148.6256,-0.0027
2283.1027,415.7830,38.1259,148.6229,-0.0028
2284.1048,414.8189,37.8604,148.6201,-0.0028
2285.1070,413.8548,37.5948,148.6172,-0.0029
2286.1091,412.8907,37.3293,148.6142,-0.0030
2287.1112,411.9267,37.0635,148.6112,-0.0031
2288.1133,410.9627,36.7976,148.6081,-0.0031
2289.1155,409.9987,36.5317,148.6049,-0.0032
2290.1176,409.0347,36.2658,148.6016,-0.0033
2291.1198,408.0707,35.9999,148.5983,-0.0034
2292.1219,407.1067,35.7341,148.5949,-0.0034
2293.1241,406.1426,35.4682,148.5914,-0.0035
2294.1263,405.1786,35.2023,148.5879,-0.0035
2295.1284,404.2146,34.9364,148.5844,-0.0035
2296.1305,403.2507,34.6703,148.5808,-0.0036
2297.1327,402.2868,34.4039,148.5772,-0.0036
2298.1348,401.3230,34.1374,148.5736,-0.0036
2299.1369,400.3592,33.8709,148.5701,-0.0035
2300.1391,399.3953,33.6044,148.5665,-0.0035
2301.1412,398.4315,33.3379,148.5630,-0.0035
2302.1434,397.4676,33.0715,148.5595,-0.0034
2303.1455,396.5038,32.8050,148.5561,-0.0034
2304.1476,395.5400,32.5385,148.5528,-0.0033
2305.1498,394.5761,32.2720,148.5495,-0.0033
2306.1519,393.6124,32.0050,148.5462,-0.0032
2307.1541,392.6487,31.7380,148.5430,-0.0031
2308.1561,391.6851,31.4709,148.5399,-0.0031
2309.1583,390.7214,31.2038,148.5369,-0.0030
2310.1605,389.7577,30.9367,148.5339,-0.0030
2311.1626,388.7940,30.6696,148.5309,-0.0029
2312.1647,387.8304,30.4025,148.5280,-0.0029
2313.1669,386.8667,30.1355,148.5251,-0.0028
2314.1690,385.9030,29.8684,148.5223,-0.0028
2315.1711,384.9393,29.6016,148.5195,-0.0028
2316.1733,383.9753,29.3355,148.5167,-0.0028
2317.1754,383.0114,29.0695,148.5139,-0.0028
2318.1776,382.0474,28.8034,148.5111,-0.0028
2319.1797,381.0835,28.5373,148.5083,-0.0028
2320.1819,380.1195,28.2712,148.5054,-0.0028
2321.1840,379.1556,28.0051,148.5026,-0.0029
2322.1862,378.1916,27.7390,148.4997,-0.0029
2323.1882,377.2277,27.4730,148.4967,-0.0029
2324.1904,376.2637,27.2069,148.4938,-0.0030
2325.1925,375.2998,26.9408,148.4907,-0.0031
2326.1947,374.3358,26.6747,148.4876,-0.0031
2327.1968,373.3719,26.4086,148.4845,-0.0032
2328.1990,372.4079,26.1425,148.4813,-0.0033
2329.2011,371.4440,25.8764,148.4780,-0.0033
2330.2033,370.4800,25.6103,148.4746,-0.0034
2331.2054,369.5161,25.3442,148.4711,-0.0035
2332.2076,368.5521,25.0781,148.4675,-0.0036
2333.2097,367.5882,24.8120,148.4639,-0.0037
2334.2118,366.6242,24.5461,148.4601,-0.0038
2335.2140,365.6601,24.2806,148.4562,-0.0039
2336.2161,364.6960,24.0151,148.4522,-0.0041
2337.2182,363.7319,23.7495,148.4481,-0.0042
2338.2204,362.7678,23.4840,148.4438,-0.0043
2339.2225,361.8037,23.2185,148.4394,-0.0045
2340.2246,360.8396,22.9530,148.4349,-0.0046
2341.2268,359.8755,22.6875,148.4302,-0.0047
2342.2290,358.9113,22.4220,148.4254,-0.0049
2343.2311,357.9473,22.1564,148.4204,-0.0050
2344.2332,356.9833,21.8904,148.4153,-0.0051
2345.2354,356.0194,21.6242,148.4101,-0.0053
2346.2376,355.0554,21.3581,148.4047,-0.0054
2347.2397,354.0915,21.0919,148.3993,-0.0055
2348.2418,353.1276,20.8258,148.3937,-0.0056
2349.2440,352.1636,20.5596,148.3880,-0.0057
2350.2461,351.1997,20.2935,148.3822,-0.0058
2351.2482,350.2358,20.0273,148.3764,-0.0059
2352.2504,349.2718,19.7612,148.3705,-0.0059
2353.2525,348.3079,19.4951,148.3645,-0.0060
2354.2547,347.3439,19.2291,148.3585,-0.0060
2355.2568,346.3799,18.9632,148.3525,-0.0060
2356.2590,345.4159,18.6972,148.3466,-0.0059
2357.2611,344.4519,18.4313,148.3406,-0.0059
2358.2632,343.4880,18.1653,148.3348,-0.0058
2359.2654,342.5240,17.8993,148.3290,-0.0057
2360.2675,341.5600,17.6334,148.3234,-0.0055
2361.2697,340.5960,17.3674,148.3179,-0.0054
2362.2719,339.6320,17.1014,148.3126,-0.0052
2363.2740,338.6680,16.8355,148.3075,-0.0050
2364.2761,337.7041,16.5696,148.3026,-0.0048
2365.2782,336.7401,16.3036,148.2979,-0.0045
2366.2804,335.7761,16.0377,148.2936,-0.0042
2367.2825,334.8121,15.7718,148.2895,-0.0039
2368.2847,333.8481,15.5058,148.2857,-0.0036
2369.2868,332.8841,15.2399,148.2822,-0.0033
2370.2890,331.9201,14.9740,148.2790,-0.0030
2371.2911,330.9561,14.7080,148.2762,-0.0027
2372.2933,329.9921,14.4420,148.2737,-0.0023
2373.2954,329.0282,14.1758,148.2715,-0.0020
2374.2976,328.0643,13.9096,148.2697,-0.0017
2375.2997,327.1004,13.6434,148.2681,-0.0014
2376.3018,326.1365,13.3772,148.2669,-0.0011
2377.3040,325.1725,13.1111,148.2660,-0.0008
2378.3061,324.2086,12.8449,148.2654,-0.0005
2379.3083,323.2447,12.5787,148.2650,-0.0003
2380.3104,322.2808,12.3125,148.2648,-0.0001
2381.3126,321.3168,12.0463,148.2649,0.0001
2382.3147,320.3529,11.7803,148.2651,0.0003
2383.3169,319.3889,11.5143,148.2654,0.0004
2384.3190,318.4249,11.2483,148.2658,0.0004
2385.3211,317.4610,10.9822,148.2662,0.0004
2386.3233,316.4970,10.7162,148.2665,0.0003
2387.3255,315.5330,10.4502,148.2668,0.0001
2388.3276,314.5691,10.1842,148.2668,-0.0001
2389.3297,313.6051,9.9182,148.2666,-0.0004
2390.3319,312.6411,9.6522,148.2661,-0.0008
2391.3340,311.6772,9.3862,148.2651,-0.0012
2392.3361,310.7132,9.1202,148.2636,-0.0018
2393.3383,309.7492,8.8542,148.2616,-0.0024
2394.3405,308.7852,8.5883,148.2589,-0.0030
2395.3426,307.8212,8.3223,148.2556,-0.0037
2396.3447,306.8573,8.0563,148.2515,-0.0044
2397.3469,305.8933,7.7904,148.2467,-0.0052
2398.3490,304.9293,7.5244,148.2411,-0.0059
2399.3512,303.9653,7.2584,148.2349,-0.0065
2400.3534,303.0013,6.9924,148.2280,-0.0072
2401.3555,302.0373,6.7265,148.2205,-0.0077
2402.3576,301.0734,6.4605,148.2126,-0.0081
2403.3597,300.1094,6.1946,148.2043,-0.0084
2404.3619,299.1454,5.9287,148.1957,-0.0087
2405.3641,298.1814,5.6627,148.1869,-0.0087
2406.3662,297.2174,5.3968,148.1782,-0.0087
2407.3684,296.2534,5.1308,148.1695,-0.0086
2408.3705,295.2894,4.8649,148.1610,-0.0083
2409.3727,294.3254,4.5989,148.1528,-0.0080
2410.3748,293.3615,4.3328,148.1450,-0.0076
2411.3769,292.3976,4.0666,148.1377,-0.0071
2412.3791,291.4337,3.8003,148.1308,-0.0066
2413.3812,290.4698,3.5341,148.1244,-0.0061
2414.3834,289.5059,3.2678,148.1185,-0.0056
2415.3855,288.5420,3.0016,148.1131,-0.0052
2416.3876,287.5781,2.7353,148.1081,-0.0047
2417.3898,286.6142,2.4691,148.1037,-0.0043
2418.3919,285.6503,2.2029,148.0996,-0.0039
2419.3941,284.6864,1.9363,148.0959,-0.0035
2420.3962,283.7229,1.6689,148.0925,-0.0032
2421.3984,282.7593,1.4012,148.0895,-0.0029
2422.4006,281.7958,1.1335,148.0867,-0.0027
2423.4027,280.8323,0.8658,148.0841,-0.0025
2424.4048,279.8688,0.5982,148.0818,-0.0023
2425.4070,278.9053,0.3305,148.0796,-0.0021
2426.4091,277.9418,0.0628,148.0776,-0.0020
2427.4113,276.9783,-0.2049,148.0756,-0.0019
2428.4134,276.0148,-0.4726,148.0738,-0.0018
2429.4156,275.0513,-0.7403,148.0721,-0.0017
2430.4177,274.0879,-1.0083,148.0704,-0.0016
2431.4199,273.1244,-1.2762,148.0688,-0.0016
2432.4220,272.1610,-1.5441,148.0672,-0.0016
2433.4242,271.1975,-1.8120,148.0657,-0.0016
2434.4263,270.2341,-2.0799,148.0641,-0.0016
2435.4285,269.2706,-2.3478,148.0626,-0.0016
2436.4306,268.3072,-2.6157,148.0610,-0.0016
2437.4328,267.3437,-2.8836,148.0594,-0.0016
2438.4349,266.3803,-3.1514,148.0579,-0.0016
2439.4371,265.4167,-3.4190,148.0563,-0.0016
2440.4392,264.4532,-3.6865,148.0547,-0.0016
2441.4413,263.4896,-3.9540,148.0532,-0.0016
2442.4434,262.5261,-4.2215,148.0516,-0.0015
2443.4456,261.5625,-4.4890,148.0501,-0.0015
2444.4478,260.5989,-4.7565,148.0486,-0.0014
2445.4499,259.6354,-5.0240,148.0472,-0.0014
2446.4521,258.6718,-5.2915,148.0459,-0.0013
2447.4542,257.7083,-5.5589,148.0446,-0.0012
2448.4563,256.7446,-5.8259,148.0435,-0.0011
2449.4584,255.7808,-6.0925,148.0424,-0.0010
2450.4606,254.8170,-6.3591,148.0414,-0.0009
2451.4627,253.8532,-6.6257,148.0405,-0.0008
2452.4650,252.8893,-6.8923,148.0397,-0.0007
2453.4671,251.9255,-7.1589,148.0391,-0.0006
2454.4692,250.9617,-7.4255,148.0385,-0.0005
2455.4714,249.9979,-7.6921,148.0380,-0.0004
2456.4735,249.0341,-7.9587,148.0376,-0.0004
2457.4756,248.0703,-8.2252,148.0373,-0.0003
2458.4779,247.1063,-8.4914,148.0370,-0.0002
2459.4800,246.1424,-8.7575,148.0368,-0.0001
2460.4821,245.1785,-9.0236,148.0367,-0.0001
2461.4843,244.2145,-9.2897,148.0367,0.0000
2462.4864,243.2506,-9.5558,148.0367,0.0001
2463.4886,242.2866,-9.8219,148.0369,0.0001
2464.4907,241.3227,-10.0880,148.0370,0.0002
2465.4929,240.3587,-10.3541,148.0373,0.0003
2466.4950,239.3948,-10.6202,148.0377,0.0004
2467.4972,238.4308,-10.8861,148.0381,0.0005
2468.4993,237.4667,-11.1517,148.0387,0.0006
2469.5015,236.5026,-11.4173,148.0394,0.0008
2470.5036,235.5386,-11.6830,148.0402,0.0009
2471.5057,234.5745,-11.9486,148.0412,0.0011
2472.5079,233.6104,-12.2143,148.0424,0.0013
2473.5100,232.6464,-12.4799,148.0438,0.0015
2474.5122,231.6823,-12.7456,148.0454,0.0017
2475.5144,230.7182,-13.0112,148.0472,0.0019
2476.5166,229.7542,-13.2773,148.0493,0.0022
2477.5186,228.7905,-13.5439,148.0516,0.0025
2478.5208,227.8267,-13.8108,148.0542,0.0027
2479.5229,226.8630,-14.0776,148.0571,0.0030
2480.5252,225.8992,-14.3445,148.0602,0.0033
2481.5273,224.9355,-14.6114,148.0637,0.0036
2482.5294,223.9718,-14.8782,148.0674,0.0039
2483.5316,223.0080,-15.1451,148.0714,0.0042
2484.5337,222.0443,-15.4120,148.0757,0.0044
2485.5358,221.0806,-15.6787,148.0803,0.0047
2486.5380,220.1166,-15.9449,148.0852,0.0050
2487.5401,219.1526,-16.2106,148.0903,0.0053
2488.5423,218.1885,-16.4763,148.0957,0.0055
2489.5445,217.2244,-16.7420,148.1013,0.0058
2490.5466,216.2604,-17.0076,148.1072,0.0060
2491.5488,215.2963,-17.2733,148.1134,0.0062
2492.5509,214.3323,-17.5390,148.1197,0.0065
2493.5531,213.3676,-17.8025,148.1263,0.0067
2494.5552,212.4021,-18.0628,148.1331,0.0069
2495.5574,211.4362,-18.3220,148.1401,0.0071
2496.5596,210.4704,-18.5811,148.1473,0.0072
2497.5617,209.5044,-18.8397,148.1546,0.0074
2498.5638,208.5374,-19.0942,148.1621,0.0076
2499.5660,207.5695,-19.3455,148.1698,0.0077
2500.5682,206.6016,-19.5969,148.1775,0.0078
2501.5703,205.6335,-19.8475,148.1854,0.0079
2502.5725,204.6644,-20.0941,148.1933,0.0080
2503.5747,203.6944,-20.3375,148.2014,0.0080
2504.5769,202.7245,-20.5809,148.2094,0.0081
2505.5790,201.7544,-20.8235,148.2175,0.0081
2506.5812,200.7832,-21.0618,148.2256,0.0080
2507.5835,199.8112,-21.2969,148.2336,0.0080
2508.5856,198.8392,-21.5319,148.2417,0.0080
2509.5878,197.8665,-21.7637,148.2496,0.0079
2510.5900,196.8927,-21.9912,148.2575,0.0078
2511.5922,195.9186,-22.2173,148.2653,0.0078
2512.5944,194.9443,-22.4426,148.2731,0.0077
2513.5966,193.9688,-22.6627,148.2808,0.0076
2514.5987,192.9926,-22.8793,148.2884,0.0076
2515.6010,192.0163,-23.0958,148.2960,0.0075
2516.6031,191.0392,-23.3084,148.3035,0.0075
2517.6054,190.0609,-23.5160,148.3110,0.0075
2518.6075,189.0824,-23.7218,148.3185,0.0075
2519.6098,188.1036,-23.9268,148.3260,0.0075
2520.6120,187.1236,-24.1256,148.3335,0.0075
2521.6143,186.1427,-24.3204,148.3410,0.0075
2522.6165,185.1616,-24.5140,148.3486,0.0076
2523.6187,184.1793,-24.7012,148.3562,0.0076
2524.6209,183.1962,-24.8841,148.3638,0.0076
2525.6231,182.2129,-25.0658,148.3714,0.0076
2526.6253,181.2283,-25.2406,148.3790,0.0075
2527.6276,180.2429,-25.4108,148.3865,0.0075
2528.6299,179.2566,-25.5761,148.3939,0.0073
2529.6321,178.2694,-25.7353,148.4012,0.0072
2530.6344,177.2816,-25.8913,148.4083,0.0070
2531.6366,176.2927,-26.0397,148.4152,0.0067
2532.6388,175.3031,-26.1833,148.4217,0.0064
2533.6411,174.3127,-26.3217,148.4280,0.0060
2534.6434,173.3214,-26.4536,148.4338,0.0056
2535.6456,172.3298,-26.5823,148.4393,0.0052
2536.6478,171.3372,-26.7036,148.4442,0.0047
2537.6502,170.3440,-26.8205,148.4487,0.0042
2538.6524,169.3503,-26.9325,148.4527,0.0037
2539.6547,168.3560,-27.0387,148.4562,0.0032
2540.6570,167.3613,-27.1421,148.4592,0.0028
2541.6593,166.3660,-27.2385,148.4617,0.0023
2542.6615,165.3703,-27.3309,148.4638,0.0018
2543.6638,164.3745,-27.4222,148.4653,0.0013
2544.6661,163.3780,-27.5065,148.4664,0.0009
2545.6684,162.3813,-27.5868,148.4671,0.0005
2546.6707,161.3844,-27.6659,148.4674,0.0001
2547.6730,160.3870,-27.7382,148.4673,-0.0003
2548.6752,159.3894,-27.8067,148.4668,-0.0007
2549.6776,158.3916,-27.8740,148.4659,-0.0010
2550.6798,157.3935,-27.9343,148.4647,-0.0014
2551.6821,156.3951,-27.9907,148.4632,-0.0017
2552.6844,155.3966,-28.0460,148.4613,-0.0020
2553.6867,154.3978,-28.0941,148.4592,-0.0023
2554.6891,153.3987,-28.1383,148.4567,-0.0026
2555.6913,152.3997,-28.1814,148.4540,-0.0029
2556.6936,151.4003,-28.2174,148.4510,-0.0031
2557.6959,150.4009,-28.2497,148.4478,-0.0034
2558.6983,149.4013,-28.2809,148.4443,-0.0036
2559.7005,148.4016,-28.3051,148.4405,-0.0038
2560.7028,147.4019,-28.3258,148.4366,-0.0040
2561.7052,146.4020,-28.3455,148.4324,-0.0042
2562.7075,145.4021,-28.3585,148.4281,-0.0044
2563.7097,144.4022,-28.3684,148.4236,-0.0046
2564.7120,143.4022,-28.3771,148.4189,-0.0047
2565.7144,142.4022,-28.3795,148.4141,-0.0049
2566.7167,141.4022,-28.3788,148.4092,-0.0050
2567.7190,140.4022,-28.3781,148.4041,-0.0051
2568.7212,139.4023,-28.3729,148.3990,-0.0051
2569.7235,138.4023,-28.3631,148.3938,-0.0052
2570.7258,137.4024,-28.3524,148.3886,-0.0052
2571.7282,136.4024,-28.3418,148.3834,-0.0052
2572.7305,135.4025,-28.3272,148.3782,-0.0052
2573.7327,134.4027,-28.3086,148.3730,-0.0051
2574.7350,133.4029,-28.2890,148.3679,-0.0051
2575.7373,132.4031,-28.2694,148.3628,-0.0050
2576.7396,131.4033,-28.2490,148.3579,-0.0048
2577.7420,130.4036,-28.2240,148.3531,-0.0047
2578.7442,129.4040,-28.1971,148.3485,-0.0045
2579.7466,128.4043,-28.1702,148.3441,-0.0043
2580.7489,127.4047,-28.1433,148.3398,-0.0041
2581.7511,126.4051,-28.1164,148.3358,-0.0039
2582.7535,125.4054,-28.0895,148.3320,-0.0037
2583.7557,124.4058,-28.0626,148.3284,-0.0035
2584.7580,123.4062,-28.0347,148.3250,-0.0032
2585.7604,122.4066,-28.0060,148.3219,-0.0030
2586.7627,121.4070,-27.9770,148.3190,-0.0028
2587.7650,120.4074,-27.9480,148.3163,-0.0026
2588.7672,119.4079,-27.9190,148.3138,-0.0024
2589.7695,118.4083,-27.8900,148.3115,-0.0022
2590.7719,117.4087,-27.8611,148.3094,-0.0020
2591.7742,116.4091,-27.8321,148.3075,-0.0018
2592.7765,115.4095,-27.8031,148.3058,-0.0017
2593.7787,114.4100,-27.7741,148.3042,-0.0015
2594.7811,113.4104,-27.7449,148.3027,-0.0014
2595.7834,112.4108,-27.7157,148.3014,-0.0013
2596.7857,111.4112,-27.6865,148.3002,-0.0012
2597.7879,110.4117,-27.6573,148.2990,-0.0011
2598.7903,109.4121,-27.6280,148.2980,-0.0010
2599.7926,108.4125,-27.5988,148.2971,-0.0009
2600.7949,107.4129,-27.5696,148.2962,-0.0008
2601.7972,106.4134,-27.5404,148.2954,-0.0008
2602.7995,105.4138,-27.5111,148.2946,-0.0007
2603.8018,104.4142,-27.4824,148.2939,-0.0007
2604.8041,103.4146,-27.4541,148.2932,-0.0007
2605.8064,102.4150,-27.4259,148.2926,-0.0006
2606.8087,101.4154,-27.3976,148.2919,-0.0006
2607.8110,100.4158,-27.3694,148.2913,-0.0006
2608.8133,99.4162,-27.3412,148.2906,-0.0006
2609.8156,98.4166,-27.3130,148.2900,-0.0007
2610.8179,97.4170,-27.2848,148.2893,-0.0007
2611.8202,96.4174,-27.2565,148.2886,-0.0007
2612.8225,95.4178,-27.2284,148.2878,-0.0008
2613.8248,94.4182,-27.2009,148.2870,-0.0009
2614.8272,93.4185,-27.1735,148.2861,-0.0009
2615.8295,92.4189,-27.1462,148.2851,-0.0010
2616.8317,91.4193,-27.1188,148.2841,-0.0011
2617.8340,90.4197,-27.0915,148.2830,-0.0012
2618.8364,89.4200,-27.0641,148.2817,-0.0012
2619.8387,88.4204,-27.0368,148.2805,-0.0013
2620.8409,87.4208,-27.0094,148.2791,-0.0014
2621.8432,86.4212,-26.9821,148.2776,-0.0015
2622.8456,85.4215,-26.9548,148.2761,-0.0015
2623.8479,84.4219,-26.9276,148.2746,-0.0016
2624.8501,83.4223,-26.9004,148.2730,-0.0016
2625.8525,82.4226,-26.8732,148.2713,-0.0016
2626.8548,81.4230,-26.8460,148.2697,-0.0017
2627.8571,80.4234,-26.8188,148.2680,-0.0017
2628.8593,79.4238,-26.7916,148.2663,-0.0017
2629.8617,78.4241,-26.7644,148.2647,-0.0016
2630.8640,77.4245,-26.7372,148.2631,-0.0016
2631.8663,76.4249,-26.7096,148.2615,-0.0016
2632.8686,75.4253,-26.6799,148.2599,-0.0015
2633.8709,74.4258,-26.6496,148.2584,-0.0015
2634.8732,73.4262,-26.6194,148.2570,-0.0014
2635.8755,72.4267,-26.5891,148.2556,-0.0013
2636.8777,71.4272,-26.5589,148.2543,-0.0013
2637.8801,70.4276,-26.5286,148.2531,-0.0012
2638.8824,69.4281,-26.4984,148.2520,-0.0011
2639.8847,68.4285,-26.4681,148.2509,-0.0011
2640.8870,67.4290,-26.4379,148.2498,-0.0010
2641.8893,66.4295,-26.4068,148.2489,-0.0009
2642.8916,65.4300,-26.3751,148.2480,-0.0009
2643.8939,64.4305,-26.3433,148.2471,-0.0008
2644.8962,63.4310,-26.3115,148.2463,-0.0008
2645.8985,62.4315,-26.2797,148.2456,-0.0007
2646.9008,61.4320,-26.2479,148.2448,-0.0007
2647.9031,60.4325,-26.2161,148.2442,-0.0007
2648.9054,59.4330,-26.1843,148.2435,-0.0006
2649.9077,58.4335,-26.1525,148.2429,-0.0006
2650.9100,57.4340,-26.1203,148.2423,-0.0006
2651.9123,56.4346,-26.0857,148.2418,-0.0005
2652.9146,55.4352,-26.0507,148.2413,-0.0005
2653.9170,54.4358,-26.0158,148.2408,-0.0004
2654.9192,53.4365,-25.9808,148.2404,-0.0004
2655.9215,52.4371,-25.9458,148.2400,-0.0004
2656.9238,51.4377,-25.9108,148.2397,-0.0003
2657.9261,50.4383,-25.8758,148.2394,-0.0003
2658.9284,49.4390,-25.8379,148.2391,-0.0002
2659.9307,48.4398,-25.7978,148.2389,-0.0002
2660.9330,47.4406,-25.7575,148.2387,-0.0002
2661.9354,46.4414,-25.7172,148.2386,-0.0001
2662.9376,45.4423,-25.6769,148.2385,-0.0001
2663.9399,44.4431,-25.6366,148.2384,-0.0001
2664.9423,43.4440,-25.5927,148.2384,-0.0000
2665.9445,42.4451,-25.5462,148.2383,-0.0000
2666.9468,41.4462,-25.4995,148.2383,0.0000
2667.9491,40.4473,-25.4528,148.2384,0.0000
2668.9514,39.4484,-25.4060,148.2384,0.0000
2669.9537,38.4497,-25.3553,148.2384,0.0000
2670.9560,37.4511,-25.3019,148.2384,0.0000
2671.9583,36.4526,-25.2481,148.2385,0.0000
2672.9606,35.4540,-25.1943,148.2385,0.0000
2673.9629,34.4555,-25.1405,148.2385,-0.0000
2674.9652,33.4571,-25.0826,148.2385,-0.0000
2675.9675,32.4590,-25.0219,148.2384,-0.0001
2676.9698,31.4608,-24.9608,148.2384,-0.0001
2677.9721,30.4627,-24.8998,148.2383,-0.0001
2678.9743,29.4646,-24.8388,148.2381,-0.0002
2679.9767,28.4665,-24.7769,148.2379,-0.0002
2680.9790,27.4687,-24.7100,148.2376,-0.0003
2681.9813,26.4710,-24.6424,148.2373,-0.0004
2682.9835,25.4733,-24.5749,148.2369,-0.0004
2683.9858,24.4756,-24.5074,148.2364,-0.0005
2684.9881,23.4779,-24.4399,148.2358,-0.0006
2685.9905,22.4801,-24.3724,148.2351,-0.0007
2686.9927,21.4826,-24.3025,148.2344,-0.0009
2687.9951,20.4851,-24.2311,148.2334,-0.0010
2688.9973,19.4877,-24.1596,148.2324,-0.0011
2689.9996,18.4903,-24.0881,148.2312,-0.0012
2691.0019,17.4928,-24.0166,148.2299,-0.0014
2692.0042,16.4954,-23.9451,148.2285,-0.0015
2693.0065,15.4979,-23.8736,148.2269,-0.0017
2694.0088,14.5005,-23.8021,148.2251,-0.0018
2695.0110,13.5031,-23.7306,148.2232,-0.0020
2696.0134,12.5056,-23.6588,148.2212,-0.0021
2697.0157,11.5083,-23.5853,148.2189,-0.0023
2698.0179,10.5111,-23.5116,148.2166,-0.0024
2699.0202,9.5138,-23.4380,148.2140,-0.0026
2700.0225,8.5165,-23.3644,148.2114,-0.0027
2701.0248,7.5192,-23.2907,148.2086,-0.0029
2702.0271,6.5219,-23.2171,148.2057,-0.0030
2703.0294,5.5246,-23.1435,148.2026,-0.0031
2704.0317,4.5273,-23.0698,148.1995,-0.0032
2705.0339,3.5301,-22.9962,148.1962,-0.0033
2706.0363,2.5330,-22.9198,148.1929,-0.0033
2707.0386,1.5360,-22.8417,148.1895,-0.0034
2708.0409,0.5391,-22.7635,148.1861,-0.0034
2709.0431,-0.4578,-22.6853,148.1827,-0.0034
2710.0455,-1.4548,-22.6071,148.1793,-0.0034
2711.0477,-2.4517,-22.5289,148.1759,-0.0034
2712.0500,-3.4486,-22.4498,148.1725,-0.0033
2713.0523,-4.4450,-22.3650,148.1692,-0.0033
2714.0546,-5.4414,-22.2800,148.1659,-0.0032
2715.0568,-6.4377,-22.1950,148.1627,-0.0031
2716.0591,-7.4341,-22.1101,148.1597,-0.0030
2717.0614,-8.4304,-22.0240,148.1567,-0.0029
2718.0637,-9.4260,-21.9304,148.1538,-0.0028
2719.0660,-10.4216,-21.8367,148.1511,-0.0027
2720.0683,-11.4172,-21.7430,148.1485,-0.0026
2721.0706,-12.4127,-21.6480,148.1460,-0.0024
2722.0729,-13.4074,-21.5448,148.1436,-0.0023
2723.0751,-14.4020,-21.4414,148.1413,-0.0022
2724.0775,-15.3967,-21.3381,148.1391,-0.0022
2725.0797,-16.3906,-21.2280,148.1370,-0.0021
2726.0820,-17.3841,-21.1140,148.1349,-0.0020
2727.0842,-18.3775,-21.0000,148.1329,-0.0020
2728.0865,-19.3708,-20.8845,148.1309,-0.0020
2729.0888,-20.3630,-20.7592,148.1290,-0.0020
2730.0911,-21.3551,-20.6340,148.1270,-0.0020
2731.0933,-22.3472,-20.5086,148.1250,-0.0020
2732.0956,-23.3384,-20.3764,148.1230,-0.0020
2733.0979,-24.3291,-20.2402,148.1210,-0.0021
2734.1002,-25.3198,-20.1039,148.1188,-0.0022
2735.1024,-26.3102,-19.9661,148.1166,-0.0022
2736.1046,-27.2993,-19.8188,148.1144,-0.0023
2737.1069,-28.2884,-19.6716,148.1120,-0.0024
2738.1091,-29.2775,-19.5242,148.1096,-0.0024
2739.1114,-30.2655,-19.3699,148.1071,-0.0025
2740.1136,-31.2529,-19.2118,148.1046,-0.0025
2741.1159,-32.2404,-19.0536,148.1020,-0.0026
2742.1181,-33.2275,-18.8938,148.0994,-0.0026
2743.1203,-34.2132,-18.7255,148.0968,-0.0026
2744.1227,-35.1990,-18.5572,148.0942,-0.0026
2745.1249,-36.1847,-18.3887,148.0917,-0.0025
2746.1271,-37.1694,-18.2145,148.0892,-0.0025
2747.1293,-38.1535,-18.0370,148.0867,-0.0024
2748.1315,-39.1376,-17.8595,148.0844,-0.0023
2749.1338,-40.1217,-17.6817,148.0821,-0.0022
2750.1360,-41.1048,-17.4989,148.0800,-0.0020
2751.1383,-42.0875,-17.3132,148.0781,-0.0019
2752.1405,-43.0701,-17.1275,148.0763,-0.0017
2753.1428,-44.0527,-16.9417,148.0747,-0.0015
2754.1449,-45.0352,-16.7560,148.0732,-0.0013
2755.1472,-46.0177,-16.5694,148.0720,-0.0011
2756.1494,-46.9994,-16.3791,148.0709,-0.0010
2757.1517,-47.9812,-16.1889,148.0701,-0.0008
2758.1539,-48.9629,-15.9986,148.0694,-0.0006
2759.1561,-49.9446,-15.8083,148.0690,-0.0004
2760.1583,-50.9264,-15.6181,148.0687,-0.0002
2761.1605,-51.9081,-15.4278,148.0686,0.0000
2762.1627,-52.8898,-15.2375,148.0687,0.0002
2763.1649,-53.8715,-15.0473,148.0690,0.0004
2764.1672,-54.8532,-14.8568,148.0695,0.0006
2765.1694,-55.8344,-14.6635,148.0701,0.0007
2766.1716,-56.8152,-14.4687,148.0709,0.0009
2767.1739,-57.7961,-14.2740,148.0719,0.0010
2768.1761,-58.7769,-14.0792,148.0730,0.0012
2769.1783,-59.7578,-13.8844,148.0742,0.0013
2770.1805,-60.7386,-13.6896,148.0756,0.0014
2771.1828,-61.7195,-13.4948,148.0771,0.0015
2772.1850,-62.7001,-13.2990,148.0786,0.0016
2773.1872,-63.6800,-13.0995,148.0803,0.0017
2774.1894,-64.6599,-12.8999,148.0821,0.0018
2775.1916,-65.6398,-12.7004,148.0839,0.0019
2776.1939,-66.6197,-12.5008,148.0859,0.0020
2777.1961,-67.5996,-12.3013,148.0879,0.0020
2778.1983,-68.5794,-12.1013,148.0900,0.0021
2779.2004,-69.5584,-11.8979,148.0922,0.0022
2780.2027,-70.5371,-11.6924,148.0944,0.0023
2781.2049,-71.5158,-11.4869,148.0968,0.0024
2782.2071,-72.4944,-11.2815,148.0993,0.0026
2783.2093,-73.4731,-11.0759,148.1019,0.0027
2784.2116,-74.4515,-10.8691,148.1047,0.0029
2785.2137,-75.4288,-10.6576,148.1077,0.0031
2786.2159,-76.4062,-10.4462,148.1109,0.0033
2787.2181,-77.3836,-10.2347,148.1142,0.0035
2788.2203,-78.3610,-10.0233,148.1179,0.0037
2789.2226,-79.3384,-9.8118,148.1218,0.0040
2790.2247,-80.3157,-9.6000,148.1259,0.0043
2791.2269,-81.2923,-9.3851,148.1304,0.0046
2792.2291,-82.2686,-9.1686,148.1352,0.0049
2793.2313,-83.2449,-8.9522,148.1403,0.0053
2794.2335,-84.2212,-8.7357,148.1457,0.0056
2795.2358,-85.1975,-8.5192,148.1515,0.0059
2796.2380,-86.1738,-8.3027,148.1576,0.0063
2797.2402,-87.1501,-8.0863,148.1640,0.0066
2798.2424,-88.1264,-7.8698,148.1709,0.0070
2799.2445,-89.1026,-7.6533,148.1780,0.0073
2800.2468,-90.0789,-7.4365,148.1856,0.0077
2801.2490,-91.0549,-7.2189,148.1935,0.0080
2802.2511,-92.0309,-7.0012,148.2017,0.0084
2803.2533,-93.0069,-6.7836,148.2102,0.0087
2804.2556,-93.9830,-6.5659,148.2191,0.0090
2805.2577,-94.9590,-6.3483,148.2283,0.0093
2806.2599,-95.9350,-6.1306,148.2378,0.0096
2807.2621,-96.9110,-5.9130,148.2476,0.0099
2808.2644,-97.8871,-5.6953,148.2576,0.0101
2809.2665,-98.8631,-5.4776,148.2678,0.0103
2810.2688,-99.8390,-5.2593,148.2781,0.0104
2811.2709,-100.8148,-5.0408,148.2887,0.0105
2812.2731,-101.7906,-4.8223,148.2993,0.0106
2813.2753,-102.7665,-4.6038,148.3099,0.0106
2814.2775,-103.7423,-4.3853,148.3205,0.0106
2815.2797,-104.7181,-4.1668,148.3311,0.0105
2816.2819,-105.6940,-3.9482,148.3416,0.0104
2817.2841,-106.6698,-3.7297,148.3519,0.0102
2818.2863,-107.6456,-3.5112,148.3621,0.0100
2819.2885,-108.6214,-3.2925,148.3720,0.0098
2820.2907,-109.5972,-3.0735,148.3817,0.0096
2821.2929,-110.5729,-2.8545,148.3912,0.0093
2822.2951,-111.5486,-2.6355,148.4004,0.0090
2823.2973,-112.5243,-2.4165,148.4093,0.0088
2824.2994,-113.5000,-2.1975,148.4180,0.0086
2825.3017,-114.4758,-1.9785,148.4264,0.0084
2826.3039,-115.4515,-1.7594,148.4347,0.0082
2827.3061,-116.4272,-1.5404,148.4429,0.0081
2828.3083,-117.4030,-1.3216,148.4509,0.0080
2829.3105,-118.3789,-1.1034,148.4588,0.0080
2830.3127,-119.3549,-0.8856,148.4668,0.0080
2831.3149,-120.3309,-0.6678,148.4748,0.0081
2832.3171,-121.3069,-0.4501,148.4830,0.0082
2833.3193,-122.2829,-0.2323,148.4912,0.0084
2834.3215,-123.2589,-0.0145,148.4997,0.0086
2835.3237,-124.2349,0.2033,148.5084,0.0088
2836.3259,-125.2109,0.4211,148.5174,0.0091
2837.3281,-126.1869,0.6389,148.5267,0.0095
2838.3302,-127.1629,0.8563,148.5364,0.0098
2839.3325,-128.1392,1.0731,148.5464,0.0102
2840.3347,-129.1154,1.2899,148.5568,0.0105
2841.3368,-130.0916,1.5066,148.5675,0.0109
2842.3390,-131.0678,1.7234,148.5787,0.0113
2843.3412,-132.0440,1.9402,148.5902,0.0117
2844.3435,-133.0203,2.1569,148.6022,0.0121
2845.3456,-133.9965,2.3737,148.6145,0.0125
2846.3478,-134.9727,2.5904,148.6272,0.0129
2847.3500,-135.9489,2.8075,148.6403,0.0133
2848.3523,-136.9248,3.0258,148.6538,0.0136
2849.3544,-137.9005,3.2446,148.6676,0.0140
2850.3566,-138.8763,3.4634,148.6817,0.0143
2851.3588,-139.8521,3.6822,148.6962,0.0146
2852.3610,-140.8278,3.9010,148.7110,0.0149
2853.3632,-141.8036,4.1198,148.7260,0.0151
2854.3654,-142.7794,4.3386,148.7413,0.0153
2855.3675,-143.7551,4.5574,148.7568,0.0155
2856.3698,-144.7309,4.7762,148.7724,0.0156
2857.3720,-145.7068,4.9946,148.7881,0.0157
2858.3742,-146.6828,5.2124,148.8039,0.0158
2859.3764,-147.6588,5.4301,148.8198,0.0158
2860.3786,-148.6348,5.6479,148.8356,0.0158
2861.3808,-149.6108,5.8656,148.8514,0.0157
2862.3830,-150.5868,6.0834,148.8670,0.0156
2863.3851,-151.5628,6.3011,148.8826,0.0154
2864.3873,-152.5388,6.5189,148.8979,0.0152
2865.3895,-153.5148,6.7366,148.9131,0.0150
2866.3917,-154.4908,6.9545,148.9281,0.0148
2867.3939,-155.4667,7.1726,148.9428,0.0146
2868.3961,-156.4426,7.3909,148.9573,0.0143
2869.3984,-157.4185,7.6093,148.9716,0.0141
2870.4005,-158.3943,7.8276,148.9856,0.0138
2871.4027,-159.3702,8.0459,148.9993,0.0136
2872.4049,-160.3461,8.2642,149.0128,0.0134
2873.4071,-161.3220,8.4825,149.0261,0.0131
2874.4092,-162.2978,8.7009,149.0392,0.0129
2875.4115,-163.2737,8.9192,149.0520,0.0127
2876.4137,-164.2496,9.1376,149.0647,0.0125
2877.4159,-165.2254,9.3561,149.0771,0.0123
2878.4181,-166.2013,9.5745,149.0894,0.0122
2879.4202,-167.1771,9.7930,149.1015,0.0120
2880.4224,-168.1529,10.0115,149.1135,0.0119
2881.4247,-169.1288,10.2300,149.1253,0.0118
2882.4268,-170.1046,10.4485,149.1371,0.0116
2883.4291,-171.0805,10.6670,149.1487,0.0115
2884.4312,-172.0563,10.8855,149.1602,0.0115
2885.4334,-173.0322,11.1038,149.1716,0.0114
2886.4356,-174.0081,11.3219,149.1830,0.0113
2887.4378,-174.9841,11.5398,149.1944,0.0113
2888.4400,-175.9600,11.7578,149.2057,0.0113
2889.4422,-176.9360,11.9757,149.2170,0.0113
2890.4444,-177.9120,12.1936,149.2283,0.0113
2891.4465,-178.8879,12.4115,149.2397,0.0114
2892.4488,-179.8639,12.6295,149.2511,0.0114
2893.4510,-180.8399,12.8474,149.2626,0.0115
2894.4532,-181.8158,13.0654,149.2742,0.0116
2895.4554,-182.7917,13.2838,149.2858,0.0117
2896.4575,-183.7673,13.5030,149.2976,0.0118
2897.4597,-184.7430,13.7222,149.3096,0.0120
2898.4619,-185.7187,13.9414,149.3216,0.0121
2899.4641,-186.6944,14.1606,149.3338,0.0123
2900.4664,-187.6701,14.3798,149.3462,0.0124
2901.4686,-188.6458,14.5990,149.3587,0.0126
2902.4707,-189.6214,14.8182,149.3714,0.0127
2903.4729,-190.5971,15.0374,149.3842,0.0128
2904.4751,-191.5728,15.2564,149.3972,0.0130
2905.4772,-192.5486,15.4750,149.4102,0.0131
2906.4795,-193.5245,15.6935,149.4234,0.0132
2907.4817,-194.5003,15.9120,149.4367,0.0133
2908.4839,-195.4762,16.1304,149.4500,0.0133
2909.4860,-196.4520,16.3489,149.4634,0.0134
2910.4883,-197.4279,16.5673,149.4768,0.0134
2911.4904,-198.4037,16.7858,149.4902,0.0134
2912.4927,-199.3796,17.0042,149.5037,0.0134
2913.4948,-200.3554,17.2226,149.5171,0.0134
2914.4970,-201.3313,17.4409,149.5305,0.0134
2915.4993,-202.3073,17.6589,149.5439,0.0133
2916.5014,-203.2832,17.8770,149.5572,0.0133
2917.5036,-204.2591,18.0950,149.5705,0.0133
2918.5058,-205.2351,18.3130,149.5838,0.0132
2919.5080,-206.2110,18.5310,149.5970,0.0132
2920.5102,-207.1870,18.7490,149.6102,0.0132
2921.5124,-208.1629,18.9671,149.6235,0.0132
2922.5146,-209.1389,19.1851,149.6367,0.0132
2923.5167,-210.1147,19.4034,149.6500,0.0133
2924.5189,-211.0904,19.6225,149.6634,0.0134
2925.5212,-212.0661,19.8419,149.6768,0.0134
2926.5233,-213.0417,20.0612,149.6903,0.0135
2927.5256,-214.0174,20.2806,149.7040,0.0137
2928.5277,-214.9930,20.4999,149.7177,0.0138
2929.5299,-215.9687,20.7193,149.7316,0.0139
2930.5321,-216.9443,20.9386,149.7456,0.0141
2931.5343,-217.9200,21.1580,149.7598,0.0142
2932.5365,-218.8956,21.3774,149.7741,0.0144
2933.5386,-219.8712,21.5967,149.7886,0.0145
2934.5409,-220.8469,21.8160,149.8032,0.0147
2935.5430,-221.8225,22.0354,149.8180,0.0148
2936.5452,-222.7982,22.2547,149.8330,0.0150
2937.5474,-223.7738,22.4740,149.8480,0.0151
2938.5496,-224.7495,22.6934,149.8633,0.0153
2939.5518,-225.7251,22.9127,149.8787,0.0154
2940.5540,-226.7008,23.1320,149.8942,0.0155
2941.5562,-227.6764,23.3514,149.9098,0.0157
2942.5584,-228.6521,23.5708,149.9256,0.0158
2943.5606,-229.6276,23.7906,149.9414,0.0159
2944.5628,-230.6032,24.0104,149.9574,0.0160
2945.5649,-231.5787,24.2302,149.9735,0.0161
2946.5671,-232.5542,24.4501,149.9897,0.0162
2947.5694,-233.5298,24.6699,150.0060,0.0163
2948.5715,-234.5053,24.8897,150.0224,0.0164
2949.5738,-235.4809,25.1096,150.0388,0.0165
2950.5759,-236.4564,25.3294,150.0553,0.0165
2951.5781,-237.4319,25.5492,150.0719,0.0166
2952.5803,-238.4076,25.7685,150.0886,0.0167
2953.5824,-239.3833,25.9874,150.1053,0.0167
2954.5847,-240.3591,26.2063,150.1221,0.0167
2955.5868,-241.3348,26.4252,150.1389,0.0167
2956.5891,-242.3106,26.6441,150.1556,0.0167
2957.5912,-243.2863,26.8630,150.1724,0.0167
2958.5934,-244.2621,27.0818,150.1891,0.0166
2959.5956,-245.2378,27.3007,150.2057,0.0165
2960.5978,-246.2136,27.5196,150.2222,0.0164
2961.6000,-247.1893,27.7389,150.2385,0.0162
2962.6022,-248.1648,27.9588,150.2546,0.0159
2963.6043,-249.1402,28.1790,150.2704,0.0156
2964.6066,-250.1157,28.3992,150.2859,0.0153
2965.6087,-251.0911,28.6194,150.3010,0.0148
2966.6109,-252.0666,28.8396,150.3156,0.0144
2967.6131,-253.0420,29.0598,150.3298,0.0139
2968.6153,-254.0175,29.2800,150.3434,0.0133
2969.6175,-254.9930,29.5002,150.3564,0.0127
2970.6197,-255.9689,29.7182,150.3688,0.0120
2971.6218,-256.9449,29.9358,150.3805,0.0113
2972.6240,-257.9206,30.1550,150.3914,0.0106
2973.6263,-258.8963,30.3743,150.4016,0.0098
2974.6285,-259.8720,30.5935,150.4110,0.0090
2975.6306,-260.8476,30.8127,150.4197,0.0083
2976.6328,-261.8233,31.0319,150.4276,0.0075
2977.6350,-262.7990,31.2512,150.4348,0.0068
2978.6372,-263.7747,31.4704,150.4411,0.0060
2979.6393,-264.7503,31.6896,150.4468,0.0053
2980.6416,-265.7260,31.9089,150.4518,0.0047
2981.6438,-266.7017,32.1281,150.4562,0.0041
2982.6459,-267.6773,32.3474,150.4600,0.0035
2983.6481,-268.6530,32.5667,150.4632,0.0030
2984.6504,-269.6287,32.7860,150.4660,0.0026
2985.6525,-270.6043,33.0052,150.4684,0.0022
2986.6547,-271.5800,33.2245,150.4704,0.0020
2987.6569,-272.5556,33.4438,150.4723,0.0018
2988.6591,-273.5313,33.6631,150.4740,0.0017
2989.6613,-274.5070,33.8823,150.4756,0.0017
2990.6634,-275.4826,34.1016,150.4774,0.0018
2991.6657,-276.4583,34.3209,150.4792,0.0020
2992.6678,-277.4339,34.5402,150.4814,0.0024
2993.6700,-278.4096,34.7595,150.4840,0.0029
2994.6722,-279.3853,34.9788,150.4872,0.0035
2995.6744,-280.3609,35.1981,150.4910,0.0042
2996.6766,-281.3366,35.4175,150.4956,0.0051
2997.6788,-282.3122,35.6368,150.5012,0.0062
2998.6810,-283.2879,35.8561,150.5080,0.0074
2999.6832,-284.2633,36.0765,150.5161,0.0088
3000.6854,-285.2383,36.2988,150.5257,0.0104
3001.6875,-286.2131,36.5216,150.5371,0.0122
3002.6897,-287.1880,36.7444,150.5503,0.0142
3003.6918,-288.1628,36.9672,150.5656,0.0164
3004.6941,-289.1377,37.1901,150.5831,0.0188
3005.6963,-290.1126,37.4129,150.6032,0.0213
3006.6984,-291.0874,37.6357,150.6258,0.0240
3007.7006,-292.0623,37.8585,150.6512,0.0268
3008.7028,-293.0372,38.0811,150.6795,0.0297
3009.7050,-294.0127,38.3013,150.7107,0.0326
3010.7072,-294.9885,38.5197,150.7449,0.0356
3011.7093,-295.9643,38.7382,150.7821,0.0386
3012.7116,-296.9402,38.9567,150.8223,0.0415
3013.7137,-297.9160,39.1751,150.8652,0.0442
3014.7159,-298.8919,39.3936,150.9109,0.0468
3015.7181,-299.8677,39.6121,150.9591,0.0492
3016.7203,-300.8436,39.8306,151.0095,0.0513
3017.7225,-301.8194,40.0490,151.0619,0.0530
3018.7246,-302.7953,40.2671,151.1158,0.0544
3019.7268,-303.7714,40.4845,151.1710,0.0554
3020.7290,-304.7475,40.7018,151.2269,0.0560
3021.7312,-305.7236,40.9190,151.2832,0.0561
3022.7334,-306.6998,41.1362,151.3393,0.0557
3023.7356,-307.6759,41.3535,151.3948,0.0548
3024.7378,-308.6520,41.5707,151.4492,0.0535
3025.7400,-309.6281,41.7880,151.5021,0.0518
3026.7421,-310.6042,42.0052,151.5530,0.0497
3027.7443,-311.5803,42.2226,151.6017,0.0473
3028.7465,-312.5562,42.4408,151.6479,0.0447
3029.7487,-313.5320,42.6596,151.6913,0.0419
3030.7509,-314.5078,42.8783,151.7320,0.0391
3031.7532,-315.4836,43.0971,151.7697,0.0362
3032.7553,-316.4593,43.3159,151.8046,0.0334
3033.7575,-317.4351,43.5346,151.8367,0.0308
3034.7597,-318.4109,43.7534,151.8663,0.0283
3035.7619,-319.3867,43.9722,151.8934,0.0260
3036.7640,-320.3624,44.1909,151.9184,0.0240
3037.7662,-321.3381,44.4103,151.9415,0.0222
3038.7684,-322.3136,44.6303,151.9629,0.0206
3039.7706,-323.2890,44.8506,151.9829,0.0193
3040.7728,-324.2645,45.0709,152.0016,0.0182
3041.7750,-325.2399,45.2912,152.0193,0.0172
3042.7771,-326.2153,45.5115,152.0361,0.0164
3043.7794,-327.1908,45.7317,152.0522,0.0157
3044.7815,-328.1662,45.9520,152.0677,0.0151
3045.7837,-329.1416,46.1723,152.0825,0.0146
3046.7859,-330.1171,46.3925,152.0969,0.0141
3047.7880,-331.0928,46.6114,152.1107,0.0136
3048.7903,-332.0687,46.8298,152.1241,0.0131
3049.7925,-333.0446,47.0482,152.1370,0.0126
3050.7946,-334.0204,47.2665,152.1493,0.0120
3051.7968,-334.9963,47.4849,152.1610,0.0114
3052.7990,-335.9722,47.7032,152.1722,0.0108
3053.8012,-336.9480,47.9216,152.1826,0.0100
3054.8034,-337.9239,48.1400,152.1923,0.0093
3055.8056,-338.8998,48.3583,152.2012,0.0085
3056.8077,-339.8755,48.5772,152.2093,0.0076
3057.8100,-340.8512,48.7966,152.2164,0.0067
3058.8121,-341.8268,49.0161,152.2226,0.0057
3059.8143,-342.8024,49.2357,152.2278,0.0047
3060.8165,-343.7780,49.4552,152.2320,0.0037
3061.8187,-344.7536,49.6748,152.2352,0.0026
3062.8209,-345.7292,49.8943,152.2373,0.0015
3063.8231,-346.7048,50.1139,152.2382,0.0004
3064.8252,-347.6804,50.3334,152.2381,-0.0007
3065.8274,-348.6560,50.5530,152.2369,-0.0017
3066.8296,-349.6315,50.7728,152.2346,-0.0028
3067.8318,-350.6071,50.9926,152.2313,-0.0038
3068.8340,-351.5826,51.2125,152.2270,-0.0047
3069.8361,-352.5581,51.4324,152.2218,-0.0056
3070.8383,-353.5336,51.6522,152.2158,-0.0063
3071.8405,-354.5092,51.8721,152.2091,-0.0070
3072.8427,-355.4847,52.0919,152.2018,-0.0075
3073.8448,-356.4602,52.3118,152.1941,-0.0079
3074.8471,-357.4358,52.5316,152.1861,-0.0081
3075.8492,-358.4113,52.7514,152.1780,-0.0081
3076.8514,-359.3869,52.9710,152.1699,-0.0080
3077.8536,-360.3625,53.1905,152.1620,-0.0077
3078.8558,-361.3381,53.4101,152.1545,-0.0072
3079.8580,-362.3137,53.6297,152.1475,-0.0066
3080.8601,-363.2893,53.8492,152.1412,-0.0059
3081.8623,-364.2649,54.0688,152.1357,-0.0051
3082.8645,-365.2405,54.2884,152.1310,-0.0042
3083.8667,-366.2161,54.5079,152.1272,-0.0033
3084.8689,-367.1917,54.7275,152.1244,-0.0023
3085.8711,-368.1672,54.9475,152.1227,-0.0012
3086.8733,-369.1427,55.1676,152.1220,-0.0002
3087.8754,-370.1181,55.3878,152.1223,0.0009
3088.8776,-371.0936,55.6079,152.1237,0.0019
3089.8798,-372.0691,55.8280,152.1261,0.0029
3090.8820,-373.0446,56.0481,152.1296,0.0039
3091.8841,-374.0200,56.2682,152.1340,0.0049
3092.8864,-374.9955,56.4884,152.1393,0.0058
3093.8886,-375.9710,56.7085,152.1455,0.0066
3094.8907,-376.9465,56.9284,152.1526,0.0074
3095.8929,-377.9221,57.1481,152.1604,0.0082
3096.8951,-378.8976,57.3678,152.1689,0.0088
3097.8973,-379.8732,57.5875,152.1781,0.0095
3098.8995,-380.8488,57.8072,152.1879,0.0100
3099.9016,-381.8243,58.0269,152.1982,0.0105
3100.9038,-382.7999,58.2466,152.2090,0.0110
3101.9060,-383.7755,58.4662,152.2202,0.0114
3102.9082,-384.7511,58.6859,152.2318,0.0117
3103.9103,-385.7266,58.9056,152.2437,0.0120
3104.9125,-386.7023,59.1247,152.2558,0.0122
3105.9148,-387.6781,59.3437,152.2682,0.0124
3106.9169,-388.6538,59.5628,152.2807,0.0126
3107.9191,-389.6295,59.7818,152.2934,0.0127
3108.9213,-390.6052,60.0008,152.3062,0.0128
3109.9234,-391.5809,60.2198,152.3191,0.0129
3110.9257,-392.5567,60.4388,152.3320,0.0130
3111.9278,-393.5324,60.6578,152.3451,0.0130
3112.9300,-394.5081,60.8768,152.3582,0.0131
3113.9322,-395.4838,61.0960,152.3714,0.0131
3114.9343,-396.4594,61.3153,152.3846,0.0132
3115.9366,-397.4351,61.5347,152.3978,0.0132
3116.9387,-398.4107,61.7540,152.4110,0.0132
3117.9409,-399.3864,61.9734,152.4243,0.0133
3118.9431,-400.3620,62.1927,152.4376,0.0133
3119.9453,-401.3377,62.4121,152.4510,0.0133
3120.9474,-402.3133,62.6314,152.4643,0.0133
3121.9497,-403.2890,62.8508,152.4777,0.0133
3122.9518,-404.2646,63.0701,152.4910,0.0133
3123.9541,-405.2403,63.2895,152.5044,0.0133
3124.9562,-406.2159,63.5089,152.5177,0.0133
3125.9583,-407.1915,63.7282,152.5311,0.0133
3126.9606,-408.1672,63.9476,152.5445,0.0133
3127.9627,-409.1428,64.1670,152.5578,0.0133
3128.9649,-410.1185,64.3863,152.5712,0.0133
3129.9671,-411.0941,64.6057,152.5846,0.0134
3130.9693,-412.0698,64.8250,152.5980,0.0134
3131.9715,-413.0454,65.0444,152.6114,0.0134
3132.9737,-414.0211,65.2637,152.6248,0.0134
3133.9758,-414.9967,65.4829,152.6382,0.0134
3134.9780,-415.9724,65.7021,152.6516,0.0134
3135.9802,-416.9481,65.9214,152.6651,0.0134
3136.9824,-417.9238,66.1406,152.6785,0.0134
3137.9845,-418.8994,66.3598,152.6920,0.0135
3138.9867,-419.8751,66.5790,152.7055,0.0135
3139.9889,-420.8508,66.7982,152.7191,0.0135
3140.9911,-421.8265,67.0174,152.7326,0.0135
3141.9932,-422.8021,67.2367,152.7462,0.0136
3142.9954,-423.7775,67.4572,152.7598,0.0136
3143.9976,-424.7529,67.6778,152.7735,0.0136
3144.9998,-425.7282,67.8984,152.7871,0.0137
3146.0020,-426.7036,68.1190,152.8009,0.0137
3147.0042,-427.6790,68.3397,152.8146,0.0137
3148.0063,-428.6543,68.5603,152.8284,0.0138
3149.0085,-429.6297,68.7809,152.8423,0.0138
3150.0107,-430.6050,69.0015,152.8561,0.0139
3151.0129,-431.5804,69.2222,152.8701,0.0139
3152.0151,-432.5556,69.4436,152.8841,0.0140
3153.0173,-433.5306,69.6658,152.8981,0.0140
3154.0194,-434.5055,69.8881,152.9122,0.0141
3155.0216,-435.4805,70.1105,152.9263,0.0141
3156.0238,-436.4555,70.3328,152.9405,0.0142
3157.0260,-437.4305,70.5551,152.9548,0.0142
3158.0281,-438.4054,70.7774,152.9690,0.0142
3159.0303,-439.3804,70.9997,152.9833,0.0143
3160.0325,-440.3554,71.2220,152.9976,0.0143
3161.0347,-441.3304,71.4442,153.0119,0.0143
3162.0368,-442.3055,71.6659,153.0262,0.0142
3163.0390,-443.2807,71.8874,153.0404,0.0142
3164.0412,-444.2558,72.1090,153.0547,0.0142
3165.0434,-445.2310,72.3305,153.0688,0.0141
3166.0455,-446.2061,72.5521,153.0830,0.0141
3167.0477,-447.1813,72.7736,153.0970,0.0140
3168.0499,-448.1564,72.9952,153.1110,0.0139
3169.0521,-449.1316,73.2167,153.1249,0.0138
3170.0542,-450.1067,73.4383,153.1388,0.0137
3171.0564,-451.0819,73.6595,153.1525,0.0136
3172.0586,-452.0572,73.8804,153.1661,0.0135
3173.0608,-453.0325,74.1014,153.1796,0.0134
3174.0630,-454.0078,74.3223,153.1931,0.0133
3175.0651,-454.9831,74.5432,153.2064,0.0132
3176.0673,-455.9584,74.7641,153.2196,0.0131
3177.0695,-456.9337,74.9850,153.2327,0.0130
3178.0717,-457.9090,75.2060,153.2457,0.0129
3179.0739,-458.8843,75.4269,153.2587,0.0128
3180.0760,-459.8595,75.6479,153.2715,0.0127
3181.0782,-460.8345,75.8704,153.2842,0.0126
3182.0804,-461.8094,76.0929,153.2968,0.0125
3183.0825,-462.7843,76.3155,153.3093,0.0124
3184.0847,-463.7592,76.5381,153.3217,0.0123
3185.0869,-464.7341,76.7606,153.3339,0.0122
3186.0891,-465.7091,76.9832,153.3460,0.0120
3187.0913,-466.6840,77.2058,153.3581,0.0119
3188.0934,-467.6589,77.4283,153.3699,0.0118
3189.0956,-468.6338,77.6509,153.3817,0.0117
3190.0978,-469.6085,77.8746,153.3933,0.0115
3191.0999,-470.5829,78.0992,153.4048,0.0114
3192.1022,-471.5574,78.3239,153.4162,0.0113
3193.1043,-472.5318,78.5486,153.4275,0.0112
3194.1064,-473.5062,78.7732,153.4386,0.0111
3195.1087,-474.4807,78.9979,153.4496,0.0110
3196.1108,-475.4551,79.2225,153.4606,0.0109
3197.1130,-476.4295,79.4472,153.4715,0.0108
3198.1152,-477.4040,79.6719,153.4822,0.0107
3199.1174,-478.3784,79.8967,153.4930,0.0107
3200.1195,-479.3521,80.1244,153.5036,0.0106
3201.1217,-480.3258,80.3523,153.5142,0.0105
3202.1239,-481.2995,80.5801,153.5247,0.0105
3203.1260,-482.2732,80.8079,153.5352,0.0104
3204.1282,-483.2469,81.0357,153.5456,0.0104
3205.1303,-484.2206,81.2635,153.5560,0.0103
3206.1325,-485.1943,81.4913,153.5663,0.0102
3207.1347,-486.1680,81.7191,153.5765,0.0102
3208.1368,-487.1417,81.9469,153.5866,0.0101
3209.1391,-488.1153,82.1754,153.5967,0.0100
3210.1412,-489.0887,82.4045,153.6067,0.0099
3211.1434,-490.0621,82.6335,153.6165,0.0098
3212.1455,-491.0355,82.8626,153.6263,0.0097
3213.1477,-492.0089,83.0916,153.6359,0.0096
3214.1498,-492.9823,83.3207,153.6454,0.0094
3215.1521,-493.9558,83.5498,153.6548,0.0093
3216.1542,-494.9292,83.7788,153.6641,0.0092
3217.1564,-495.9026,84.0079,153.6732,0.0090
3218.1586,-496.8760,84.2371,153.6822,0.0089
3219.1607,-497.8487,84.4688,153.6911,0.0088
3220.1628,-498.8215,84.7005,153.6999,0.0087
3221.1650,-499.7943,84.9322,153.7086,0.0086
3222.1672,-500.7671,85.1638,153.7172,0.0085
3223.1694,-501.7399,85.3955,153.7257,0.0084
3224.1715,-502.7127,85.6272,153.7341,0.0084
3225.1737,-503.6853,85.8595,153.7425,0.0083
3226.1759,-504.6564,86.0984,153.7508,0.0083
3227.1780,-505.6274,86.3374,153.7591,0.0083
3228.1802,-506.5985,86.5763,153.7674,0.0082
3229.1823,-507.5695,86.8152,153.7756,0.0082
3230.1845,-508.5405,87.0542,153.7839,0.0083
3231.1867,-509.5116,87.2931,153.7922,0.0083
3232.1888,-510.4826,87.5320,153.8004,0.0083
3233.1909,-511.4536,87.7710,153.8088,0.0083
3234.1931,-512.4247,88.0099,153.8171,0.0084
3235.1953,-513.3957,88.2489,153.8255,0.0084
3236.1974,-514.3667,88.4879,153.8340,0.0085
3237.1996,-515.3377,88.7269,153.8425,0.0085
3238.2018,-516.3088,88.9659,153.8511,0.0086
3239.2039,-517.2798,89.2049,153.8598,0.0087
3240.2061,-518.2508,89.4439,153.8686,0.0088
3241.2082,-519.2218,89.6829,153.8775,0.0089
3242.2103,-520.1928,89.9218,153.8865,0.0091
3243.2126,-521.1639,90.1608,153.8956,0.0092
3244.2146,-522.1348,90.4000,153.9049,0.0093
3245.2168,-523.1055,90.6404,153.9143,0.0095
3246.2190,-524.0762,90.8808,153.9239,0.0096
3247.2212,-525.0469,91.1211,153.9337,0.0098
3248.2233,-526.0176,91.3615,153.9436,0.0100
3249.2254,-526.9882,91.6019,153.9537,0.0101
3250.2276,-527.9589,91.8423,153.9639,0.0103
3251.2298,-528.9296,92.0826,153.9743,0.0105
3252.2319,-529.9003,92.3230,153.9849,0.0106
3253.2341,-530.8710,92.5634,153.9956,0.0108
3254.2362,-531.8415,92.8042,154.0064,0.0109
3255.2384,-532.8120,93.0453,154.0174,0.0110
3256.2405,-533.7825,93.2864,154.0285,0.0111
3257.2427,-534.7530,93.5275,154.0397,0.0112
3258.2449,-535.7236,93.7685,154.0510,0.0113
3259.2470,-536.6941,94.0096,154.0624,0.0114
3260.2492,-537.6646,94.2507,154.0739,0.0115
3261.2514,-538.6351,94.4918,154.0855,0.0116
3262.2535,-539.6056,94.7328,154.0971,0.0117
3263.2557,-540.5761,94.9740,154.1089,0.0118
3264.2578,-541.5465,95.2155,154.1207,0.0118
3265.2599,-542.5169,95.4569,154.1326,0.0119
3266.2621,-543.4873,95.6984,154.1446,0.0120
3267.2642,-544.4577,95.9399,154.1567,0.0121
3268.2664,-545.4281,96.1814,154.1689,0.0122
3269.2685,-546.3985,96.4229,154.1813,0.0123
3270.2707,-547.3689,96.6644,154.1937,0.0124
3271.2728,-548.3393,96.9058,154.2062,0.0125
3272.2750,-549.3098,97.1471,154.2187,0.0126
3273.2772,-550.2806,97.3869,154.2314,0.0127
3274.2793,-551.2517,97.6256,154.2441,0.0127
3275.2815,-552.2228,97.8643,154.2569,0.0128
3276.2836,-553.1939,98.1029,154.2698,0.0128
3277.2858,-554.1650,98.3416,154.2827,0.0129
3278.2879,-555.1361,98.5803,154.2956,0.0129
3279.2901,-556.1072,98.8190,154.3086,0.0130
3280.2922,-557.0783,99.0576,154.3216,0.0130
3281.2944,-558.0494,99.2963,154.3347,0.0131
3282.2965,-559.0203,99.5355,154.3478,0.0131
3283.2987,-559.9907,99.7771,154.3610,0.0132
3284.3008,-560.9611,100.0186,154.3743,0.0133
3285.3030,-561.9315,100.2601,154.3877,0.0135
3286.3051,-562.9019,100.5016,154.4013,0.0136
3287.3073,-563.8723,100.7431,154.4150,0.0138
3288.3094,-564.8427,100.9846,154.4290,0.0140
3289.3116,-565.8131,101.2261,154.4432,0.0143
3290.3137,-566.7835,101.4676,154.4576,0.0146
3291.3159,-567.7539,101.7092,154.4723,0.0149
3292.3181,-568.7243,101.9509,154.4874,0.0152
3293.3202,-569.6946,102.1927,154.5027,0.0155
3294.3223,-570.6649,102.4344,154.5184,0.0158
3295.3246,-571.6353,102.6762,154.5345,0.0162
3296.3267,-572.6056,102.9180,154.5508,0.0165
3297.3288,-573.5759,103.1598,154.5675,0.0168
3298.3309,-574.5462,103.4016,154.5845,0.0171
3299.3332,-575.5166,103.6434,154.6018,0.0174
3300.3353,-576.4869,103.8852,154.6194,0.0176
3301.3375,-577.4574,104.1264,154.6372,0.0179
3302.3396,-578.4284,104.3655,154.6552,0.0181
3303.3418,-579.3994,104.6046,154.6734,0.0182
3304.3439,-580.3704,104.8436,154.6917,0.0183
3305.3461,-581.3414,105.0827,154.7101,0.0184
3306.3482,-582.3124,105.3218,154.7287,0.0185
3307.3504,-583.2834,105.5609,154.7472,0.0185
3308.3525,-584.2544,105.8000,154.7658,0.0185
3309.3547,-585.2254,106.0391,154.7844,0.0185
3310.3568,-586.1964,106.2781,154.8030,0.0185
3311.3589,-587.1674,106.5169,154.8215,0.0184
3312.3611,-588.1386,106.7555,154.8399,0.0183
3313.3633,-589.1097,106.9941,154.8582,0.0182
3314.3654,-590.0808,107.2326,154.8764,0.0181
3315.3675,-591.0519,107.4712,154.8945,0.0180
3316.3698,-592.0231,107.7098,154.9125,0.0178
3317.3719,-592.9942,107.9484,154.9303,0.0177
3318.3740,-593.9653,108.1869,154.9479,0.0175
3319.3761,-594.9364,108.4255,154.9653,0.0173
3320.3783,-595.9075,108.6643,154.9826,0.0171
3321.3805,-596.8785,108.9036,154.9996,0.0169
3322.3827,-597.8494,109.1430,155.0165,0.0167
3323.3848,-598.8203,109.3823,155.0331,0.0165
3324.3870,-599.7913,109.6216,155.0495,0.0162
3325.3891,-600.7622,109.8610,155.0656,0.0160
3326.3912,-601.7331,110.1003,155.0815,0.0158
3327.3934,-602.7041,110.3396,155.0972,0.0155
3328.3956,-603.6750,110.5790,155.1126,0.0153
3329.3977,-604.6459,110.8184,155.1278,0.0150
3330.3999,-605.6167,111.0585,155.1427,0.0148
3331.4020,-606.5873,111.2989,155.1574,0.0145
3332.4042,-607.5580,111.5394,155.1719,0.0143
3333.4063,-608.5287,111.7798,155.1860,0.0140
3334.4084,-609.4993,112.0203,155.2000,0.0138
3335.4106,-610.4700,112.2607,155.2137,0.0136
3336.4128,-611.4407,112.5012,155.2272,0.0133
3337.4149,-612.4113,112.7416,155.2404,0.0131
3338.4171,-613.3820,112.9820,155.2535,0.0129
3339.4192,-614.3527,113.2223,155.2663,0.0127
3340.4214,-615.3235,113.4623,155.2789,0.0125
3341.4235,-616.2942,113.7023,155.2913,0.0123
3342.4256,-617.2650,113.9422,155.3036,0.0121
3343.4278,-618.2358,114.1822,155.3157,0.0120
3344.4300,-619.2066,114.4221,155.3276,0.0118
3345.4321,-620.1774,114.6621,155.3393,0.0117
3346.4343,-621.1482,114.9020,155.3510,0.0115
3347.4364,-622.1189,115.1420,155.3625,0.0114
3348.4386,-623.0898,115.3818,155.3739,0.0113
3349.4407,-624.0608,115.6207,155.3852,0.0112
3350.4428,-625.0319,115.8593,155.3964,0.0112
3351.4451,-626.0031,116.0978,155.4076,0.0111
3352.4472,-626.9742,116.3363,155.4187,0.0111
3353.4494,-627.9454,116.5748,155.4298,0.0111
3354.4515,-628.9165,116.8133,155.4409,0.0111
3355.4536,-629.8876,117.0518,155.4521,0.0111
3356.4558,-630.8588,117.2903,155.4633,0.0112
3357.4579,-631.8299,117.5288,155.4746,0.0113
3358.4601,-632.8011,117.7671,155.4860,0.0115
3359.4622,-633.7724,118.0050,155.4977,0.0118
3360.4644,-634.7437,118.2428,155.5097,0.0122
3361.4665,-635.7150,118.4807,155.5222,0.0128
3362.4687,-636.6863,118.7185,155.5354,0.0136
3363.4708,-637.6576,118.9564,155.5495,0.0146
3364.4730,-638.6289,119.1942,155.5647,0.0160
3365.4751,-639.6002,119.4321,155.5815,0.0178
3366.4773,-640.5715,119.6699,155.6004,0.0200
3367.4794,-641.5428,119.9078,155.6217,0.0228
3368.4816,-642.5141,120.1456,155.6461,0.0263
3369.4837,-643.4854,120.3835,155.6744,0.0304
3370.4859,-644.4567,120.6214,155.7072,0.0353
3371.4880,-645.4280,120.8593,155.7452,0.0410
3372.4902,-646.3993,121.0972,155.7893,0.0474
3373.4923,-647.3706,121.3350,155.8402,0.0545
3374.4945,-648.3419,121.5729,155.8985,0.0621
3375.4967,-649.3132,121.8108,155.9647,0.0702
3376.4988,-650.2845,122.0487,156.0392,0.0785
3377.5009,-651.2557,122.2868,156.1220,0.0867
3378.5031,-652.2269,122.5252,156.2129,0.0900
3379.5053,-653.1981,122.7636,156.3115,0.0900
3380.5074,-654.1692,123.0020,156.4167,0.0900
3381.5096,-655.1404,123.2404,156.5276,0.0900
3382.5117,-656.1115,123.4789,156.6424,0.0900
3383.5139,-657.0827,123.7173,156.7595,0.0900
3384.5160,-658.0539,123.9557,156.8769,0.0900
3385.5181,-659.0250,124.1941,156.9922,0.0900
3386.5203,-659.9962,124.4325,157.1033,0.0900
3387.5225,-660.9674,124.6710,157.2078,0.0900
3388.5246,-661.9385,124.9094,157.3037,0.0900
3389.5268,-662.9097,125.1479,157.3888,0.0787
3390.5289,-663.8808,125.3863,157.4614,0.0655
3391.5311,-664.8520,125.6248,157.5201,0.0510
3392.5332,-665.8231,125.8632,157.5637,0.0356
3393.5354,-666.7943,126.1016,157.5915,0.0197
3394.5375,-667.7654,126.3401,157.6032,0.0037
3395.5397,-668.7366,126.5785,157.5989,-0.0121
3396.5418,-669.7078,126.8168,157.5790,-0.0271
3397.5440,-670.6791,127.0548,157.5445,-0.0411
3398.5461,-671.6503,127.2928,157.4966,-0.0537
3399.5483,-672.6216,127.5308,157.4369,-0.0647
3400.5504,-673.5928,127.7688,157.3670,-0.0737
3401.5525,-674.5641,128.0067,157.2891,-0.0808
3402.5547,-675.5355,128.2442,157.2051,-0.0858
3403.5568,-676.5069,128.4817,157.1172,-0.0886
3404.5590,-677.4783,128.7191,157.0274,-0.0895
3405.5612,-678.4497,128.9568,156.9379,-0.0884
3406.5633,-679.4208,129.1954,156.8503,-0.0856
3407.5654,-680.3918,129.4344,156.7663,-0.0814
3408.5676,-681.3628,129.6734,156.6872,-0.0760
3409.5697,-682.3338,129.9124,156.6140,-0.0697
3410.5719,-683.3049,130.1514,156.5475,-0.0628
3411.5741,-684.2759,130.3904,156.4882,-0.0556
3412.5762,-685.2469,130.6295,156.4361,-0.0483
3413.5783,-686.2179,130.8685,156.3913,-0.0412
3414.5805,-687.1889,131.1075,156.3535,-0.0345
3415.5826,-688.1601,131.3458,156.3222,-0.0282
3416.5848,-689.1315,131.5834,156.2969,-0.0225
3417.5870,-690.1029,131.8209,156.2770,-0.0175
3418.5891,-691.0742,132.0585,156.2619,-0.0130
3419.5912,-692.0456,132.2960,156.2509,-0.0092
3420.5934,-693.0170,132.5335,156.2434,-0.0059
3421.5956,-693.9884,132.7711,156.2389,-0.0032
3422.5976,-694.9597,133.0086,156.2370,-0.0009
3423.5998,-695.9311,133.2461,156.2371,0.0010
3424.6019,-696.9025,133.4836,156.2389,0.0025
3425.6042,-697.8740,133.7209,156.2421,0.0038
3426.6063,-698.8454,133.9581,156.2465,0.0049
3427.6085,-699.8169,134.1954,156.2519,0.0058
3428.6106,-700.7883,134.4326,156.2582,0.0066
3429.6127,-701.7598,134.6698,156.2652,0.0073
3430.6148,-702.7312,134.9070,156.2728,0.0079
3431.6170,-703.7027,135.1442,156.2810,0.0085
3432.6192,-704.6742,135.3814,156.2897,0.0090
3433.6213,-705.6456,135.6187,156.2990,0.0095
3434.6234,-706.6166,135.8577,156.3087,0.0099
3435.6256,-707.5871,136.0988,156.3189,0.0104
3436.6278,-708.5576,136.3400,156.3295,0.0108
3437.6299,-709.5281,136.5811,156.3405,0.0112
3438.6320,-710.4986,136.8222,156.3518,0.0115
3439.6342,-711.4691,137.0633,156.3635,0.0118
3440.6363,-712.4394,137.3050,156.3755,0.0121
3441.6384,-713.4096,137.5474,156.3878,0.0124
3442.6406,-714.3798,137.7897,156.4003,0.0126
3443.6427,-715.3500,138.0320,156.4131,0.0128
3444.6449,-716.3202,138.2744,156.4260,0.0129
3445.6470,-717.2904,138.5167,156.4390,0.0131
3446.6492,-718.2606,138.7591,156.4521,0.0131
3447.6513,-719.2308,139.0014,156.4653,0.0132
3448.6535,-720.2014,139.2420,156.4786,0.0132
3449.6556,-721.1725,139.4808,156.4919,0.0132
3450.6577,-722.1435,139.7197,156.5051,0.0132
3451.6599,-723.1146,139.9585,156.5183,0.0132
3452.6620,-724.0856,140.1973,156.5315,0.0131
3453.6642,-725.0567,140.4362,156.5446,0.0130
3454.6664,-726.0278,140.6750,156.5576,0.0129
3455.6685,-726.9988,140.9138,156.5705,0.0128
3456.6707,-727.9699,141.1527,156.5833,0.0127
3457.6728,-728.9409,141.3917,156.5959,0.0126
3458.6749,-729.9118,141.6312,156.6085,0.0125
3459.6770,-730.8826,141.8709,156.6210,0.0124
3460.6792,-731.8535,142.1106,156.6333,0.0122
3461.6813,-732.8243,142.3504,156.6455,0.0121
3462.6835,-733.7952,142.5901,156.6576,0.0120
3463.6856,-734.7660,142.8298,156.6696,0.0119
3464.6878,-735.7369,143.0695,156.6815,0.0118
3465.6899,-736.7077,143.3092,156.6934,0.0118
3466.6920,-737.6785,143.5489,156.7051,0.0117
3467.6942,-738.6493,143.7888,156.7168,0.0116
3468.6964,-739.6201,144.0289,156.7284,0.0116
3469.6985,-740.5908,144.2690,156.7400,0.0115
3470.7006,-741.5616,144.5090,156.7516,0.0115
3471.7028,-742.5324,144.7491,156.7631,0.0115
3472.7049,-743.5031,144.9892,156.7746,0.0115
3473.7071,-744.4739,145.2293,156.7861,0.0115
3474.7092,-745.4446,145.4693,156.7975,0.0115
3475.7114,-746.4154,145.7094,156.8090,0.0114
3476.7135,-747.3861,145.9496,156.8205,0.0115
3477.7157,-748.3568,146.1901,156.8320,0.0115
3478.7178,-749.3274,146.4306,156.8435,0.0115
3479.7199,-750.2980,146.6711,156.8550,0.0115
3480.7221,-751.2687,146.9117,156.8665,0.0115
3481.7242,-752.2393,147.1522,156.8780,0.0115
3482.7264,-753.2100,147.3928,156.8896,0.0116
3483.7285,-754.1806,147.6333,156.9013,0.0116
3484.7306,-755.1512,147.8738,156.9129,0.0117
3485.7328,-756.1219,148.1144,156.9247,0.0118
3486.7350,-757.0926,148.3546,156.9365,0.0118
3487.7371,-758.0634,148.5946,156.9484,0.0119
3488.7393,-759.0342,148.8345,156.9605,0.0120
3489.7413,-760.0049,149.0745,156.9726,0.0122
3490.7435,-760.9757,149.3145,156.9848,0.0123
3491.7457,-761.9465,149.5545,156.9972,0.0124
3492.7478,-762.9173,149.7944,157.0097,0.0126
3493.7500,-763.8881,150.0344,157.0224,0.0127
3494.7521,-764.8588,150.2744,157.0352,0.0129
3495.7543,-765.8297,150.5142,157.0482,0.0130
3496.7563,-766.8005,150.7537,157.0613,0.0132
3497.7586,-767.7715,150.9931,157.0746,0.0133
3498.7607,-768.7424,151.2325,157.0880,0.0134
3499.7628,-769.7133,151.4719,157.1015,0.0136
3500.7649,-770.6842,151.7113,157.1152,0.0137
3501.7671,-771.6552,151.9507,157.1290,0.0138
3502.7693,-772.6261,152.1901,157.1429,0.0139
3503.7714,-773.5970,152.4295,157.1569,0.0140
3504.7735,-774.5679,152.6689,157.1709,0.0141
3505.7756,-775.5389,152.9079,157.1850,0.0141
3506.7778,-776.5100,153.1468,157.1992,0.0141
3507.7800,-777.4811,153.3856,157.2134,0.0142
3508.7821,-778.4521,153.6244,157.2276,0.0142
3509.7843,-779.4232,153.8632,157.2418,0.0141
3510.7864,-780.3942,154.1021,157.2559,0.0141
3511.7885,-781.3653,154.3409,157.2701,0.0141
3512.7907,-782.3364,154.5797,157.2841,0.0140
3513.7928,-783.3074,154.8185,157.2982,0.0140
3514.7950,-784.2785,155.0575,157.3121,0.0139
3515.7971,-785.2495,155.2965,157.3260,0.0138
3516.7992,-786.2204,155.5357,157.3398,0.0137
3517.8013,-787.1914,155.7748,157.3534,0.0136
3518.8035,-788.1624,156.0140,157.3670,0.0135
3519.8057,-789.1334,156.2531,157.3805,0.0134
3520.8078,-790.1044,156.4923,157.3938,0.0133
3521.8100,-791.0754,156.7314,157.4071,0.0131
3522.8120,-792.0463,156.9706,157.4202,0.0130
3523.8142,-793.0173,157.2097,157.4332,0.0129
3524.8164,-793.9884,157.4485,157.4460,0.0128
3525.8185,-794.9595,157.6871,157.4588,0.0127
3526.8206,-795.9306,157.9257,157.4714,0.0125
3527.8228,-796.9017,158.1644,157.4839,0.0124
3528.8250,-797.8729,158.4030,157.4963,0.0123
3529.8271,-798.8440,158.6416,157.5085,0.0122
3530.8292,-799.8151,158.8802,157.5207,0.0120
3531.8314,-800.7862,159.1188,157.5327,0.0119
3532.8335,-801.7573,159.3574,157.5446,0.0118
3533.8357,-802.7286,159.5954,157.5563,0.0117
3534.8378,-803.7001,159.8325,157.5679,0.0115
3535.8399,-804.6716,160.0693,157.5794,0.0114
3536.8421,-805.6432,160.3061,157.5907,0.0112
3537.8442,-806.6147,160.5429,157.6018,0.0110
3538.8464,-807.5863,160.7797,157.6127,0.0108
3539.8485,-808.5579,161.0165,157.6234,0.0106
3540.8506,-809.5294,161.2533,157.6339,0.0104
3541.8528,-810.5010,161.4901,157.6442,0.0101
3542.8549,-811.4725,161.7269,157.6543,0.0099
3543.8571,-812.4441,161.9636,157.6641,0.0097
3544.8592,-813.4157,162.2004,157.6737,0.0095
3545.8614,-814.3873,162.4371,157.6831,0.0093
3546.8635,-815.3588,162.6738,157.6924,0.0091
3547.8656,-816.3304,162.9105,157.7014,0.0090
3548.8678,-817.3020,163.1472,157.7104,0.0089
3549.8700,-818.2736,163.3839,157.7192,0.0088
3550.8721,-819.2452,163.6206,157.7281,0.0088
3551.8742,-820.2167,163.8573,157.7369,0.0088
3552.8764,-821.1883,164.0941,157.7457,0.0089
3553.8785,-822.1598,164.3311,157.7547,0.0090
3554.8807,-823.1314,164.5680,157.7638,0.0091
3555.8828,-824.1029,164.8050,157.7730,0.0093
3556.8849,-825.0744,165.0419,157.7824,0.0095
3557.8871,-826.0459,165.2789,157.7921,0.0098
3558.8892,-827.0174,165.5159,157.8020,0.0100
3559.8914,-827.9890,165.7528,157.8122,0.0103
3560.8935,-828.9605,165.9898,157.8227,0.0106
3561.8957,-829.9320,166.2268,157.8334,0.0109
3562.8977,-830.9028,166.4664,157.8444,0.0111
3563.8999,-831.8734,166.7073,157.8557,0.0114
3564.9021,-832.8440,166.9481,157.8672,0.0116
3565.9042,-833.8145,167.1889,157.8790,0.0118
3566.9063,-834.7851,167.4298,157.8909,0.0120
3567.9085,-835.7557,167.6706,157.9031,0.0122
3568.9106,-836.7262,167.9114,157.9154,0.0124
3569.9127,-837.6968,168.1522,157.9279,0.0126
3570.9149,-838.6674,168.3931,157.9406,0.0128
3571.9170,-839.6381,168.6333,157.9535,0.0130
3572.9192,-840.6090,168.8727,157.9666,0.0132
3573.9213,-841.5800,169.1119,157.9800,0.0135
3574.9235,-842.5510,169.3511,157.9936,0.0137
3575.9256,-843.5219,169.5903,158.0075,0.0141
3576.9277,-844.4929,169.8294,158.0218,0.0144
3577.9299,-845.4639,170.0686,158.0364,0.0148
3578.9320,-846.4349,170.3078,158.0515,0.0153
3579.9341,-847.4058,170.5470,158.0671,0.0158
3580.9363,-848.3768,170.7862,158.0831,0.0163
3581.9384,-849.3468,171.0293,158.0997,0.0168
3582.9406,-850.3165,171.2737,158.1168,0.0173
3583.9427,-851.2861,171.5182,158.1345,0.0179
3584.9448,-852.2575,171.7558,158.1526,0.0184
3585.9470,-853.2294,171.9911,158.1713,0.0189
3586.9492,-854.2014,172.2263,158.1904,0.0193
3587.9513,-855.1733,172.4615,158.2100,0.0197
3588.9533,-856.1452,172.6967,158.2300,0.0201
3589.9555,-857.1172,172.9318,158.2503,0.0204
3590.9577,-858.0911,173.1587,158.2708,0.0206
3591.9598,-859.0657,173.3828,158.2916,0.0208
3592.9619,-860.0433,173.5930,158.3124,0.0209
3593.9642,-861.0237,173.7902,158.3334,0.0209
3594.9663,-862.0062,173.9764,158.3544,0.0209
3595.9684,-862.9926,174.1402,158.3754,0.0209
3596.9706,-863.9815,174.2886,158.3962,0.0208
3597.9728,-864.9732,174.4171,158.4170,0.0207
3598.9750,-865.9673,174.5249,158.4377,0.0205
3599.9772,-866.9635,174.6120,158.4582,0.0204
3600.9794,-867.9612,174.6783,158.4785,0.0202
3601.9817,-868.9602,174.7239,158.4986,0.0200
3602.9838,-869.9598,174.7472,158.5186,0.0198
3603.9861,-870.9598,174.7556,158.5384,0.0197
3604.9883,-871.9596,174.7386,158.5580,0.0195
3605.9905,-872.9590,174.7043,158.5775,0.0194
3606.9928,-873.9578,174.6561,158.5969,0.0192
3607.9950,-874.9552,174.5845,158.6161,0.0191
3608.9972,-875.9514,174.4975,158.6352,0.0190
3609.9994,-876.9464,174.3980,158.6542,0.0189
3611.0015,-877.9390,174.2774,158.6730,0.0188
3612.0038,-878.9299,174.1423,158.6918,0.0187
3613.0060,-879.9190,173.9954,158.7105,0.0186
3614.0081,-880.9045,173.8263,158.7291,0.0185
3615.0103,-881.8876,173.6429,158.7476,0.0184
3616.0124,-882.8667,173.4400,158.7659,0.0183
3617.0145,-883.8412,173.2157,158.7842,0.0181
3618.0166,-884.8101,172.9685,158.8023,0.0180
3619.0187,-885.7723,172.6962,158.8203,0.0178
3620.0207,-886.7264,172.3968,158.8380,0.0176
3621.0226,-887.6709,172.0687,158.8556,0.0174
3622.0246,-888.6046,171.7107,158.8729,0.0172
3623.0265,-889.5260,171.3223,158.8900,0.0169
3624.0283,-890.4342,170.9040,158.9067,0.0166
3625.0300,-891.3286,170.4569,158.9232,0.0162
3626.0317,-892.2092,169.9832,158.9392,0.0159
3627.0335,-893.0766,169.4856,158.9549,0.0155
3628.0351,-893.9312,168.9664,158.9702,0.0151
3629.0368,-894.7767,168.4325,158.9851,0.0146
3630.0384,-895.6102,167.8800,158.9996,0.0142
3631.0400,-896.4372,167.3178,159.0136,0.0138
3632.0415,-897.2589,166.7480,159.0272,0.0134
3633.0431,-898.0720,166.1658,159.0405,0.0130
3634.0446,-898.8835,165.5815,159.0533,0.0126
3635.0461,-899.6863,164.9853,159.0658,0.0123
3636.0476,-900.4874,164.3867,159.0780,0.0120
3637.0491,-901.2792,163.7760,159.0898,0.0117
3638.0505,-902.0642,163.1565,159.1014,0.0115
3639.0519,-902.8430,162.5293,159.1128,0.0113
3640.0533,-903.6083,161.8856,159.1240,0.0111
3641.0546,-904.3639,161.2307,159.1350,0.0109
3642.0560,-905.1108,160.5657,159.1458,0.0108
3643.0572,-905.8401,159.8816,159.1565,0.0106
3644.0585,-906.5578,159.1852,159.1671,0.0105
3645.0596,-907.2651,158.4784,159.1775,0.0104
3646.0608,-907.9530,157.7526,159.1879,0.0103
3647.0618,-908.6285,157.0153,159.1981,0.0101
3648.0629,-909.2932,156.2682,159.2081,0.0100
3649.0640,-909.9376,155.5035,159.2181,0.0099
3650.0649,-910.5693,154.7284,159.2279,0.0097
3651.0659,-911.1899,153.9443,159.2376,0.0096
3652.0668,-911.7896,153.1441,159.2471,0.0095
3653.0676,-912.3760,152.3341,159.2565,0.0094
3654.0685,-912.9508,151.5158,159.2659,0.0093
3655.0693,-913.5034,150.6824,159.2752,0.0093
3656.0700,-914.0422,149.8400,159.2845,0.0093
3657.0708,-914.5688,148.9899,159.2938,0.0094
3658.0714,-915.0722,148.1259,159.3034,0.0096
3659.0721,-915.5615,147.2538,159.3131,0.0099
3660.0726,-916.0382,146.3748,159.3231,0.0103
3661.0732,-916.4920,145.4837,159.3336,0.0107
3662.0738,-916.9378,144.5886,159.3446,0.0113
3663.0744,-917.3781,143.6907,159.3563,0.0120
3664.0749,-917.7967,142.7826,159.3687,0.0128
3665.0753,-918.1812,141.8596,159.3819,0.0137
3666.0758,-918.5623,140.9350,159.3961,0.0147
3667.0763,-918.9379,140.0082,159.4113,0.0157
3668.0767,-919.3126,139.0811,159.4276,0.0169
3669.0771,-919.6826,138.1521,159.4450,0.0180
3670.0776,-920.0472,137.2209,159.4637,0.0192
3671.0781,-920.4110,136.2894,159.4835,0.0204
3672.0785,-920.7749,135.3580,159.5046,0.0216
3673.0790,-921.1387,134.4265,159.5268,0.0228
3674.0794,-921.5026,133.4951,159.5502,0.0240
3675.0799,-921.8665,132.5636,159.5748,0.0251
3676.0802,-922.2303,131.6322,159.6004,0.0261
3677.0807,-922.5942,130.7007,159.6270,0.0270
3678.0811,-922.9580,129.7693,159.6545,0.0279
3679.0816,-923.3227,128.8381,159.6828,0.0287
3680.0821,-923.6874,127.9070,159.7119,0.0294
3681.0825,-924.0521,126.9759,159.7417,0.0301
3682.0830,-924.4169,126.0448,159.7721,0.0306
3683.0834,-924.7816,125.1137,159.8030,0.0311
3684.0838,-925.1463,124.1826,159.8344,0.0316
3685.0844,-925.5111,123.2514,159.8662,0.0320
3686.0848,-925.8758,122.3203,159.8984,0.0323
3687.0852,-926.2405,121.3892,159.9309,0.0327
3688.0857,-926.6044,120.4577,159.9637,0.0330
3689.0861,-926.9671,119.5259,159.9969,0.0333
3690.0866,-927.3297,118.5939,160.0303,0.0335
3691.0870,-927.6923,117.6620,160.0640,0.0338
3692.0875,-928.0549,116.7300,160.0979,0.0341
3693.0879,-928.4175,115.7981,160.1322,0.0343
3694.0884,-928.7801,114.8661,160.1667,0.0346
3695.0888,-929.1404,113.9333,160.2014,0.0348
3696.0892,-929.4981,112.9995,160.2364,0.0351
3697.0897,-929.8555,112.0655,160.2715,0.0352
3698.0901,-930.2128,111.1315,160.3069,0.0354
3699.0905,-930.5702,110.1976,160.3424,0.0355
3700.0910,-930.9276,109.2636,160.3780,0.0356
3701.0914,-931.2849,108.3296,160.4136,0.0357
3702.0918,-931.6400,107.3948,160.4493,0.0357
3703.0923,-931.9947,106.4598,160.4850,0.0356
3704.0927,-932.3494,105.5248,160.5206,0.0355
3705.0932,-932.7041,104.5898,160.5561,0.0354
3706.0935,-933.0588,103.6549,160.5914,0.0352
3707.0940,-933.4135,102.7199,160.6266,0.0351
3708.0944,-933.7682,101.7849,160.6616,0.0349
3709.0949,-934.1229,100.8499,160.6964,0.0347
3710.0953,-934.4776,99.9150,160.7309,0.0344
3711.0957,-934.8324,98.9800,160.7653,0.0342
3712.0961,-935.1872,98.0451,160.7994,0.0340
3713.0966,-935.5421,97.1102,160.8334,0.0338
3714.0971,-935.8969,96.1752,160.8671,0.0337
3715.0975,-936.2518,95.2403,160.9008,0.0336
3716.0979,-936.6067,94.3054,160.9343,0.0334
3717.0983,-936.9615,93.3705,160.9677,0.0334
3718.0987,-937.3164,92.4356,161.0010,0.0333
3719.0993,-937.6713,91.5006,161.0344,0.0333
3720.0997,-938.0261,90.5657,161.0677,0.0333
3721.1000,-938.3806,89.6307,161.1010,0.0333
3722.1005,-938.7351,88.6956,161.1344,0.0334
3723.1010,-939.0895,87.7605,161.1678,0.0334
3724.1013,-939.4440,86.8255,161.2013,0.0335
3725.1018,-939.7984,85.8904,161.2349,0.0336
3726.1023,-940.1529,84.9553,161.2685,0.0337
3727.1027,-940.5073,84.0202,161.3023,0.0338
3728.1031,-940.8618,83.0852,161.3362,0.0339
3729.1035,-941.2162,82.1501,161.3701,0.0340
3730.1040,-941.5709,81.2151,161.4042,0.0341
3731.1044,-941.9257,80.2802,161.4383,0.0342
3732.1049,-942.2806,79.3452,161.4726,0.0343
3733.1053,-942.6355,78.4103,161.5069,0.0343
3734.1057,-942.9903,77.4754,161.5413,0.0344
3735.1061,-943.3452,76.5405,161.5758,0.0345
3736.1066,-943.7001,75.6056,161.6103,0.0346
3737.1070,-944.0550,74.6707,161.6449,0.0346
3738.1075,-944.4098,73.7357,161.6796,0.0347
3739.1079,-944.7647,72.8008,161.7143,0.0347
3740.1083,-945.1185,71.8655,161.7491,0.0348
3741.1087,-945.4722,70.9302,161.7839,0.0348
3742.1092,-945.8259,69.9948,161.8187,0.0349
3743.1097,-946.1796,69.0594,161.8536,0.0349
3744.1100,-946.5333,68.1241,161.8886,0.0349
3745.1105,-946.8869,67.1887,161.9235,0.0350
3746.1110,-947.2406,66.2533,161.9586,0.0350
3747.1113,-947.5943,65.3180,161.9936,0.0351
3748.1118,-947.9480,64.3826,162.0287,0.0351
3749.1123,-948.3022,63.4474,162.0639,0.0352
3750.1127,-948.6570,62.5125,162.0991,0.0352
3751.1131,-949.0120,61.5776,162.1344,0.0353
3752.1136,-949.3669,60.6427,162.1697,0.0353
3753.1140,-949.7218,59.7078,162.2051,0.0354
3754.1144,-950.0767,58.7729,162.2405,0.0355
3755.1149,-950.4316,57.8380,162.2760,0.0355
3756.1153,-950.7865,56.9031,162.3116,0.0356
3757.1157,-951.1414,55.9682,162.3472,0.0357
3758.1161,-951.4963,55.0333,162.3829,0.0357
3759.1166,-951.8502,54.0980,162.4187,0.0358
3760.1170,-952.2040,53.1627,162.4545,0.0359
3761.1174,-952.5578,52.2274,162.4905,0.0360
3762.1178,-952.9116,51.2921,162.5265,0.0360
3763.1183,-953.2654,50.3567,162.5626,0.0361
3764.1188,-953.6192,49.4214,162.5988,0.0362
3765.1192,-953.9730,48.4861,162.6351,0.0363
3766.1196,-954.3268,47.5508,162.6715,0.0364
3767.1201,-954.6806,46.6154,162.7080,0.0365
3768.1204,-955.0347,45.6803,162.7446,0.0367
3769.1209,-955.3893,44.7452,162.7813,0.0368
3770.1214,-955.7440,43.8102,162.8182,0.0369
3771.1218,-956.0986,42.8752,162.8552,0.0370
3772.1223,-956.4533,41.9402,162.8923,0.0372
3773.1227,-956.8079,41.0052,162.9295,0.0373
3774.1231,-957.1626,40.0702,162.9669,0.0374
3775.1236,-957.5172,39.1352,163.0044,0.0376
3776.1240,-957.8718,38.2002,163.0421,0.0377
3777.1244,-958.2265,37.2652,163.0799,0.0378
3778.1249,-958.5804,36.3299,163.1178,0.0380
3779.1253,-958.9341,35.3946,163.1559,0.0381
3780.1257,-959.2879,34.4593,163.1940,0.0382
3781.1262,-959.6417,33.5239,163.2323,0.0383
3782.1266,-959.9954,32.5886,163.2707,0.0384
3783.1270,-960.3492,31.6533,163.3092,0.0385
3784.1275,-960.7030,30.7179,163.3477,0.0386
3785.1279,-961.0568,29.7826,163.3863,0.0386
3786.1283,-961.4105,28.8473,163.4250,0.0387
3787.1288,-961.7643,27.9119,163.4638,0.0387
3788.1292,-962.1180,26.9766,163.5026,0.0388
3789.1296,-962.4718,26.0413,163.5414,0.0388
3790.1301,-962.8255,25.1059,163.5802,0.0389
3791.1305,-963.1793,24.1706,163.6191,0.0389
3792.1310,-963.5331,23.2352,163.6580,0.0389
3793.1314,-963.8868,22.2999,163.6970,0.0389
3794.1318,-964.2406,21.3646,163.7359,0.0390
3795.1323,-964.5943,20.4292,163.7749,0.0390
3796.1327,-964.9481,19.4939,163.8140,0.0390
3797.1331,-965.3030,18.5590,163.8531,0.0391
3798.1335,-965.6581,17.6242,163.8922,0.0391
3799.1340,-966.0131,16.6893,163.9314,0.0392
3800.1344,-966.3682,15.7545,163.9706,0.0393
3801.1349,-966.7233,14.8196,164.0099,0.0394
3802.1353,-967.0783,13.8848,164.0493,0.0394
3803.1358,-967.4334,12.9499,164.0889,0.0395
3804.1362,-967.7885,12.0151,164.1285,0.0396
3805.1366,-968.1435,11.0803,164.1682,0.0398
3806.1371,-968.4981,10.1452,164.2080,0.0399
3807.1374,-968.8520,9.2100,164.2480,0.0400
3808.1379,-969.2059,8.2747,164.2880,0.0401
3809.1384,-969.5599,7.3394,164.3282,0.0402
3810.1388,-969.9138,6.4041,164.3685,0.0404
3811.1393,-970.2677,5.4688,164.4090,0.0405
3812.1396,-970.6216,4.5336,164.4496,0.0406
3813.1401,-970.9755,3.5983,164.4902,0.0407
3814.1405,-971.3294,2.6630,164.5310,0.0408
3815.1410,-971.6833,1.7277,164.5719,0.0409
3816.1413,-972.0375,0.7926,164.6129,0.0410
3817.1418,-972.3918,-0.1426,164.6539,0.0411
3818.1422,-972.7460,-1.0777,164.6950,0.0411
3819.1427,-973.1003,-2.0129,164.7361,0.0411
3820.1431,-973.4546,-2.9480,164.7773,0.0412
3821.1436,-973.8088,-3.8832,164.8185,0.0412
3822.1440,-974.1631,-4.8183,164.8597,0.0411
3823.1445,-974.5173,-5.7535,164.9008,0.0411
3824.1449,-974.8716,-6.6886,164.9419,0.0411
3825.1453,-975.2259,-7.6237,164.9830,0.0410
3826.1457,-975.5803,-8.5588,165.0240,0.0409
3827.1462,-975.9348,-9.4939,165.0648,0.0408
3828.1466,-976.2892,-10.4290,165.1057,0.0407
3829.1471,-976.6436,-11.3641,165.1464,0.0406
3830.1475,-976.9980,-12.2992,165.1870,0.0405
3831.1480,-977.3524,-13.2343,165.2275,0.0404
3832.1484,-977.7068,-14.1694,165.2679,0.0403
3833.1488,-978.0612,-15.1044,165.3082,0.0403
3834.1492,-978.4157,-16.0395,165.3484,0.0402
3835.1496,-978.7700,-16.9746,165.3886,0.0401
3836.1501,-979.1244,-17.9097,165.4287,0.0401
3837.1506,-979.4787,-18.8449,165.4688,0.0401
3838.1510,-979.8331,-19.7800,165.5089,0.0400
3839.1515,-980.1875,-20.7151,165.5489,0.0400
3840.1519,-980.5418,-21.6502,165.5890,0.0400
3841.1523,-980.8962,-22.5853,165.6290,0.0401
3842.1527,-981.2505,-23.5204,165.6691,0.0401
3843.1532,-981.6049,-24.4555,165.7092,0.0401
3844.1537,-981.9600,-25.3904,165.7493,0.0401
3845.1541,-982.3158,-26.3249,165.7894,0.0401
3846.1545,-982.6718,-27.2594,165.8296,0.0401
3847.1549,-983.0277,-28.1939,165.8697,0.0401
3848.1553,-983.3836,-29.1284,165.9098,0.0401
3849.1558,-983.7396,-30.0629,165.9499,0.0400
3850.1562,-984.0955,-30.9974,165.9899,0.0400
3851.1567,-984.4515,-31.9319,166.0298,0.0399
3852.1572,-984.8074,-32.8665,166.0697,0.0398
3853.1576,-985.1633,-33.8010,166.1094,0.0397
3854.1580,-985.5197,-34.7353,166.1491,0.0396
3855.1585,-985.8760,-35.6697,166.1886,0.0395
3856.1589,-986.2324,-36.6040,166.2280,0.0393
3857.1593,-986.5888,-37.5383,166.2673,0.0392
3858.1598,-986.9452,-38.4727,166.3065,0.0391
3859.1602,-987.3016,-39.4070,166.3456,0.0390
3860.1607,-987.6579,-40.3414,166.3845,0.0389
3861.1611,-988.0143,-41.2757,166.4233,0.0388
3862.1616,-988.3707,-42.2101,166.4621,0.0387
3863.1620,-988.7272,-43.1444,166.5007,0.0386
3864.1624,-989.0838,-44.0786,166.5392,0.0385
3865.1629,-989.4404,-45.0129,166.5776,0.0384
3866.1633,-989.7971,-45.9471,166.6160,0.0383
3867.1637,-990.1537,-46.8813,166.6542,0.0382
3868.1642,-990.5103,-47.8156,166.6923,0.0380
3869.1646,-990.8670,-48.7498,166.7303,0.0379
3870.1651,-991.2236,-49.6841,166.7682,0.0378
3871.1655,-991.5802,-50.6183,166.8059,0.0377
3872.1660,-991.9369,-51.5526,166.8435,0.0375
3873.1664,-992.2922,-52.4873,166.8810,0.0373
3874.1669,-992.6475,-53.4221,166.9182,0.0371
3875.1672,-993.0027,-54.3568,166.9553,0.0369
3876.1677,-993.3580,-55.2916,166.9921,0.0367
3877.1681,-993.7132,-56.2264,167.0287,0.0365
3878.1686,-994.0685,-57.1612,167.0652,0.0363
3879.1690,-994.4237,-58.0959,167.1013,0.0360
3880.1695,-994.7790,-59.0307,167.1372,0.0358
3881.1699,-995.1342,-59.9655,167.1729,0.0355
3882.1703,-995.4895,-60.9002,167.2083,0.0353
3883.1708,-995.8450,-61.8349,167.2435,0.0350
3884.1712,-996.2004,-62.7696,167.2785,0.0348
3885.1717,-996.5559,-63.7043,167.3131,0.0346
3886.1721,-996.9113,-64.6390,167.3476,0.0343
3887.1725,-997.2668,-65.5737,167.3818,0.0341
3888.1730,-997.6222,-66.5084,167.4159,0.0339
3889.1734,-997.9777,-67.4431,167.4497,0.0337
3890.1739,-998.3331,-68.3778,167.4833,0.0335
3891.1743,-998.6886,-69.3125,167.5167,0.0333
3892.1747,-999.0463,-70.2463,167.5500,0.0332
3893.1752,-999.4044,-71.1800,167.5831,0.0330
3894.1756,-999.7624,-72.1137,167.6161,0.0329
3895.1760,-1000.1204,-73.0474,167.6490,0.0328
3896.1765,-1000.4784,-73.9811,167.6817,0.0327
3897.1770,-1000.8364,-74.9149,167.7143,0.0326
3898.1774,-1001.1945,-75.8486,167.7469,0.0325
3899.1779,-1001.5525,-76.7823,167.7793,0.0324
3900.1783,-1001.9105,-77.7160,167.8117,0.0323
3901.1788,-1002.2681,-78.6499,167.8440,0.0323
3902.1792,-1002.6253,-79.5839,167.8763,0.0322
3903.1796,-1002.9825,-80.5179,167.9084,0.0321
3904.1801,-1003.3396,-81.4520,167.9406,0.0321
3905.1805,-1003.6968,-82.3860,167.9726,0.0320
3906.1810,-1004.0540,-83.3201,168.0046,0.0320
3907.1814,-1004.4111,-84.2541,168.0366,0.0319
3908.1819,-1004.7683,-85.1882,168.0685,0.0318
3909.1823,-1005.1254,-86.1222,168.1003,0.0318
3910.1827,-1005.4826,-87.0562,168.1321,0.0317
3911.1832,-1005.8387,-87.9907,168.1638,0.0317
3912.1836,-1006.1947,-88.9252,168.1954,0.0316
3913.1840,-1006.5508,-89.8596,168.2270,0.0315
3914.1845,-1006.9068,-90.7941,168.2586,0.0315
3915.1849,-1007.2628,-91.7286,168.2900,0.0314
3916.1854,-1007.6188,-92.6631,168.3214,0.0313
3917.1858,-1007.9749,-93.5975,168.3527,0.0312
3918.1862,-1008.3309,-94.5320,168.3839,0.0312
3919.1867,-1008.6869,-95.4665,168.4150,0.0310
3920.1872,-1009.0448,-96.4003,168.4460,0.0309
3921.1876,-1009.4049,-97.3332,168.4769,0.0308
3922.1881,-1009.7651,-98.2661,168.5077,0.0307
3923.1885,-1010.1253,-99.1989,168.5383,0.0305
3924.1889,-1010.4855,-100.1318,168.5687,0.0303
3925.1894,-1010.8457,-101.0647,168.5990,0.0301
3926.1898,-1011.2059,-101.9975,168.6290,0.0299
3927.1902,-1011.5661,-102.9304,168.6588,0.0297
3928.1907,-1011.9263,-103.8633,168.6884,0.0294
3929.1912,-1012.2858,-104.7965,168.7177,0.0291
3930.1916,-1012.6451,-105.7297,168.7467,0.0289
3931.1921,-1013.0045,-106.6629,168.7754,0.0286
3932.1925,-1013.3639,-107.5960,168.8038,0.0282
3933.1929,-1013.7232,-108.5292,168.8319,0.0279
3934.1934,-1014.0826,-109.4624,168.8597,0.0276
3935.1938,-1014.4420,-110.3956,168.8872,0.0273
3936.1942,-1014.8013,-111.3288,168.9144,0.0270
3937.1947,-1015.1607,-112.2620,168.9413,0.0267
3938.1951,-1015.5200,-113.1952,168.9679,0.0265
3939.1957,-1015.8793,-114.1285,168.9943,0.0263
3940.1961,-1016.2387,-115.0617,169.0204,0.0260
3941.1965,-1016.5980,-115.9949,169.0464,0.0259
3942.1970,-1016.9573,-116.9281,169.0722,0.0257
3943.1974,-1017.3166,-117.8613,169.0979,0.0256
3944.1979,-1017.6759,-118.7946,169.1234,0.0255
3945.1983,-1018.0352,-119.7278,169.1489,0.0255
3946.1988,-1018.3945,-120.6610,169.1744,0.0255
3947.1992,-1018.7538,-121.5942,169.1999,0.0255
3948.1996,-1019.1125,-122.5276,169.2254,0.0255
3949.2001,-1019.4712,-123.4611,169.2510,0.0256
3950.2006,-1019.8299,-124.3946,169.2767,0.0257
3951.2010,-1020.1886,-125.3280,169.3024,0.0258
3952.2015,-1020.5473,-126.2615,169.3283,0.0259
3953.2019,-1020.9059,-127.1950,169.3542,0.0260
3954.2023,-1021.2646,-128.1284,169.3802,0.0261
3955.2028,-1021.6233,-129.0619,169.4064,0.0261
3956.2032,-1021.9820,-129.9953,169.4326,0.0262
3957.2037,-1022.3412,-130.9286,169.4588,0.0262
3958.2041,-1022.7010,-131.8616,169.4851,0.0263
3959.2046,-1023.0609,-132.7946,169.5113,0.0262
3960.2050,-1023.4208,-133.7276,169.5376,0.0262
3961.2054,-1023.7806,-134.6606,169.5637,0.0261
3962.2059,-1024.1405,-135.5936,169.5898,0.0260
3963.2064,-1024.5004,-136.5266,169.6157,0.0258
3964.2068,-1024.8602,-137.4596,169.6415,0.0257
3965.2072,-1025.2201,-138.3926,169.6671,0.0254
3966.2077,-1025.5800,-139.3256,169.6924,0.0252
3967.2082,-1025.9397,-140.2587,169.7175,0.0250
3968.2086,-1026.2995,-141.1917,169.7424,0.0247
3969.2091,-1026.6592,-142.1248,169.7670,0.0245
3970.2095,-1027.0189,-143.0578,169.7913,0.0242
3971.2100,-1027.3787,-143.9909,169.8154,0.0239
3972.2104,-1027.7384,-144.9240,169.8393,0.0237
3973.2108,-1028.0981,-145.8570,169.8629,0.0235
3974.2113,-1028.4579,-146.7901,169.8862,0.0233
3975.2117,-1028.8176,-147.7231,169.9094,0.0231
3976.2122,-1029.1775,-148.6561,169.9324,0.0229
3977.2126,-1029.5376,-149.5890,169.9553,0.0228
3978.2131,-1029.8978,-150.5219,169.9780,0.0227
3979.2135,-1030.2579,-151.4548,170.0007,0.0226
3980.2140,-1030.6180,-152.3877,170.0232,0.0225
3981.2144,-1030.9782,-153.3206,170.0457,0.0225
3982.2149,-1031.3383,-154.2535,170.0682,0.0225
3983.2153,-1031.6984,-155.1864,170.0907,0.0224
3984.2158,-1032.0586,-156.1193,170.1131,0.0224
3985.2162,-1032.4187,-157.0522,170.1356,0.0224
3986.2167,-1032.7794,-157.9849,170.1580,0.0224
3987.2172,-1033.1401,-158.9176,170.1805,0.0224
3988.2176,-1033.5009,-159.8502,170.2029,0.0224
3989.2181,-1033.8617,-160.7829,170.2253,0.0224
3990.2184,-1034.2224,-161.7155,170.2476,0.0223
3991.2190,-1034.5832,-162.6482,170.2699,0.0222
3992.2194,-1034.9439,-163.5809,170.2921,0.0221
3993.2198,-1035.3047,-164.5135,170.3141,0.0220
3994.2203,-1035.6654,-165.4462,170.3360,0.0218
3995.2207,-1036.0263,-166.3788,170.3578,0.0217
3996.2212,-1036.3873,-167.3114,170.3794,0.0215
3997.2217,-1036.7484,-168.2439,170.4007,0.0213
3998.2221,-1037.1094,-169.1765,170.4219,0.0210
3999.2225,-1037.4704,-170.1090,170.4429,0.0208
4000.2230,-1037.8315,-171.0416,170.4636,0.0206
4001.2234,-1038.1925,-171.9741,170.4840,0.0204
4002.2239,-1038.5535,-172.9067,170.5043,0.0201
4003.2243,-1038.9146,-173.8392,170.5243,0.0199
4004.2248,-1039.2756,-174.7718,170.5441,0.0197
4005.2252,-1039.6359,-175.7046,170.5637,0.0195
4006.2257,-1039.9961,-176.6375,170.5831,0.0193
4007.2261,-1040.3564,-177.5703,170.6023,0.0191
4008.2266,-1040.7166,-178.5032,170.6214,0.0189
4009.2271,-1041.0768,-179.4361,170.6402,0.0188
4010.2275,-1041.4370,-180.3689,170.6589,0.0186
4011.2280,-1041.7973,-181.3018,170.6774,0.0184
4012.2284,-1042.1575,-182.2347,170.6958,0.0183
4013.2288,-1042.5177,-183.1675,170.7140,0.0181
4014.2293,-1042.8785,-184.1002,170.7321,0.0180
4015.2298,-1043.2400,-185.0326,170.7499,0.0178
4016.2302,-1043.6015,-185.9649,170.7677,0.0176
4017.2306,-1043.9629,-186.8973,170.7852,0.0174
4018.2311,-1044.3244,-187.8297,170.8026,0.0173
4019.2316,-1044.6859,-188.7621,170.8197,0.0171
4020.2320,-1045.0474,-189.6944,170.8367,0.0169
4021.2325,-1045.4089,-190.6268,170.8535,0.0167
4022.2329,-1045.7704,-191.5592,170.8701,0.0164
4023.2334,-1046.1319,-192.4916,170.8864,0.0162
4024.2338,-1046.4932,-193.4240,170.9024,0.0159
4025.2343,-1046.8546,-194.3564,170.9183,0.0157
4026.2348,-1047.2159,-195.2889,170.9338,0.0154
4027.2352,-1047.5773,-196.2213,170.9490,0.0151
4028.2356,-1047.9386,-197.1537,170.9640,0.0148
4029.2361,-1048.3000,-198.0862,170.9786,0.0144
4030.2366,-1048.6613,-199.0186,170.9928,0.0141
4031.2370,-1049.0227,-199.9510,171.0068,0.0137
4032.2374,-1049.3840,-200.8834,171.0203,0.0134
4033.2379,-1049.7456,-201.8158,171.0335,0.0130
4034.2384,-1050.1074,-202.7481,171.0463,0.0126
4035.2388,-1050.4691,-203.6803,171.0587,0.0122
4036.2393,-1050.8309,-204.6126,171.0707,0.0118
4037.2398,-1051.1927,-205.5449,171.0824,0.0115
4038.2402,-1051.5545,-206.4771,171.0936,0.0111
4039.2407,-1051.9163,-207.4094,171.1046,0.0107
4040.2410,-1052.2780,-208.3416,171.1151,0.0104
4041.2415,-1052.6398,-209.2739,171.1254,0.0101
4042.2420,-1053.0016,-210.2062,171.1353,0.0098
4043.2424,-1053.3614,-211.1392,171.1450,0.0095
4044.2429,-1053.7211,-212.0723,171.1544,0.0093
4045.2433,-1054.0808,-213.0053,171.1636,0.0091
4046.2438,-1054.4405,-213.9384,171.1725,0.0089
4047.2443,-1054.8002,-214.8715,171.1813,0.0087
4048.2447,-1055.1599,-215.8045,171.1899,0.0085
4049.2451,-1055.5196,-216.7376,171.1984,0.0084
4050.2456,-1055.8793,-217.6707,171.2068,0.0083
4051.2460,-1056.2390,-218.6037,171.2150,0.0082
4052.2465,-1056.5985,-219.5369,171.2231,0.0081
4053.2470,-1056.9576,-220.4702,171.2312,0.0080
4054.2474,-1057.3168,-221.4035,171.2391,0.0079
4055.2478,-1057.6759,-222.3367,171.2470,0.0078
4056.2483,-1058.0351,-223.2700,171.2548,0.0078
4057.2487,-1058.3942,-224.2033,171.2626,0.0077
4058.2492,-1058.7533,-225.1366,171.2703,0.0077
4059.2497,-1059.1125,-226.0699,171.2779,0.0076
4060.2501,-1059.4716,-227.0032,171.2855,0.0075
4061.2505,-1059.8308,-227.9364,171.2930,0.0075
4062.2509,-1060.1906,-228.8694,171.3004,0.0074
4063.2514,-1060.5505,-229.8024,171.3078,0.0073
4064.2519,-1060.9105,-230.7354,171.3151,0.0072
4065.2524,-1061.2704,-231.6684,171.3223,0.0071
4066.2528,-1061.6303,-232.6014,171.3293,0.0070
4067.2533,-1061.9902,-233.5344,171.3363,0.0069
4068.2537,-1062.3501,-234.4674,171.3432,0.0068
4069.2542,-1062.7100,-235.4004,171.3499,0.0066
4070.2546,-1063.0699,-236.3333,171.3564,0.0064
4071.2551,-1063.4304,-237.2661,171.3628,0.0063
4072.2555,-1063.7918,-238.1985,171.3689,0.0061
4073.2560,-1064.1531,-239.1310,171.3749,0.0059
4074.2564,-1064.5144,-240.0634,171.3807,0.0056
4075.2569,-1064.8757,-240.9959,171.3862,0.0054
4076.2573,-1065.2370,-241.9283,171.3915,0.0052
4077.2578,-1065.5983,-242.8608,171.3966,0.0049
4078.2582,-1065.9596,-243.7932,171.4014,0.0047
4079.2586,-1066.3209,-244.7256,171.4060,0.0045
4080.2592,-1066.6823,-245.6581,171.4103,0.0042
4081.2596,-1067.0427,-246.5909,171.4145,0.0040
4082.2601,-1067.4031,-247.5237,171.4184,0.0038
4083.2605,-1067.7635,-248.4565,171.4221,0.0036
4084.2610,-1068.1239,-249.3893,171.4256,0.0034
4085.2613,-1068.4843,-250.3220,171.4290,0.0033
4086.2618,-1068.8447,-251.2548,171.4322,0.0032
4087.2623,-1069.2052,-252.1876,171.4353,0.0030
4088.2627,-1069.5656,-253.1204,171.4383,0.0029
4089.2632,-1069.9260,-254.0532,171.4412,0.0029
4090.2637,-1070.2870,-254.9858,171.4440,0.0028
4091.2641,-1070.6489,-255.9180,171.4468,0.0028
4092.2646,-1071.0108,-256.8502,171.4495,0.0027
4093.2650,-1071.3727,-257.7824,171.4522,0.0027
4094.2654,-1071.7346,-258.7146,171.4549,0.0027
4095.2660,-1072.0965,-259.6469,171.4576,0.0027
4096.2664,-1072.4584,-260.5791,171.4604,0.0027
4097.2669,-1072.8203,-261.5113,171.4631,0.0027
4098.2673,-1073.1822,-262.4435,171.4658,0.0027
4099.2677,-1073.5441,-263.3757,171.4685,0.0028
4100.2683,-1073.9101,-264.3064,171.4713,0.0028
4101.2687,-1074.2763,-265.2369,171.4741,0.0028
4102.2691,-1074.6425,-266.1674,171.4769,0.0028
4103.2697,-1075.0087,-267.0980,171.4797,0.0028
4104.2701,-1075.3749,-268.0285,171.4825,0.0028
4105.2705,-1075.7411,-268.9590,171.4854,0.0029
4106.2710,-1076.1081,-269.8892,171.4883,0.0029
4107.2715,-1076.4763,-270.8190,171.4912,0.0029
4108.2720,-1076.8445,-271.7488,171.4942,0.0030
4109.2724,-1077.2126,-272.6785,171.4972,0.0031
4110.2729,-1077.5808,-273.6083,171.5003,0.0031
4111.2733,-1077.9490,-274.5380,171.5034,0.0032
4112.2738,-1078.3171,-275.4678,171.5067,0.0033
4113.2743,-1078.6800,-276.3997,171.5100,0.0034
4114.2747,-1079.0425,-277.3316,171.5135,0.0035
4115.2752,-1079.4050,-278.2636,171.5170,0.0036
4116.2756,-1079.7675,-279.1956,171.5207,0.0037
4117.2761,-1080.1301,-280.1275,171.5245,0.0039
4118.2765,-1080.4926,-281.0595,171.5284,0.0040
4119.2770,-1080.8551,-281.9915,171.5324,0.0041
4120.2775,-1081.2164,-282.9240,171.5366,0.0042
4121.2779,-1081.5775,-283.8565,171.5409,0.0043
4122.2784,-1081.9387,-284.7890,171.5452,0.0044
4123.2789,-1082.2999,-285.7215,171.5497,0.0045
4124.2793,-1082.6610,-286.6540,171.5543,0.0046
4125.2798,-1083.0222,-287.5865,171.5589,0.0047
4126.2802,-1083.3834,-288.5190,171.5636,0.0047
4127.2806,-1083.7445,-289.4515,171.5684,0.0048
4128.2811,-1084.1057,-290.3840,171.5731,0.0048
4129.2815,-1084.4678,-291.3161,171.5779,0.0048
4130.2820,-1084.8310,-292.2478,171.5827,0.0048
4131.2825,-1085.1943,-293.1795,171.5875,0.0048
4132.2829,-1085.5575,-294.1112,171.5922,0.0047
4133.2834,-1085.9207,-295.0429,171.5970,0.0047
4134.2838,-1086.2840,-295.9746,171.6017,0.0047
4135.2843,-1086.6472,-296.9063,171.6064,0.0046
4136.2847,-1087.0104,-297.8380,171.6110,0.0046
4137.2852,-1087.3736,-298.7697,171.6156,0.0046
4138.2857,-1087.7369,-299.7014,171.6201,0.0045
4139.2861,-1088.1001,-300.6331,171.6246,0.0045
4140.2866,-1088.4634,-301.5648,171.6291,0.0045
4141.2871,-1088.8266,-302.4965,171.6335,0.0044
4142.2875,-1089.1899,-303.4282,171.6379,0.0044
4143.2880,-1089.5531,-304.3599,171.6424,0.0044
4144.2884,-1089.9163,-305.2916,171.6468,0.0044
4145.2889,-1090.2796,-306.2233,171.6512,0.0044
4146.2894,-1090.6428,-307.1550,171.6557,0.0045
4147.2899,-1091.0061,-308.0867,171.6602,0.0045
4148.2903,-1091.3692,-309.0184,171.6647,0.0046
4149.2907,-1091.7322,-309.9502,171.6693,0.0046
4150.2912,-1092.0952,-310.8820,171.6739,0.0047
4151.2917,-1092.4582,-311.8138,171.6786,0.0047
4152.2921,-1092.8211,-312.7456,171.6834,0.0048
4153.2926,-1093.1841,-313.6774,171.6883,0.0049
4154.2930,-1093.5471,-314.6092,171.6932,0.0050
4155.2935,-1093.9101,-315.5410,171.6982,0.0050
4156.2940,-1094.2731,-316.4728,171.7033,0.0051
4157.2944,-1094.6360,-317.4046,171.7085,0.0052
4158.2948,-1094.9989,-318.3364,171.7137,0.0052
4159.2953,-1095.3618,-319.2682,171.7189,0.0053
4160.2957,-1095.7247,-320.2000,171.7242,0.0053
4161.2962,-1096.0876,-321.1319,171.7296,0.0053
4162.2967,-1096.4505,-322.0637,171.7349,0.0054
4163.2971,-1096.8134,-322.9955,171.7403,0.0054
4164.2976,-1097.1763,-323.9274,171.7456,0.0053
4165.2981,-1097.5392,-324.8592,171.7509,0.0053
4166.2985,-1097.9021,-325.7910,171.7563,0.0053
4167.2990,-1098.2650,-326.7229,171.7615,0.0052
4168.2994,-1098.6279,-327.6547,171.7667,0.0052
4169.2999,-1098.9908,-328.5865,171.7719,0.0051
4170.3004,-1099.3538,-329.5183,171.7770,0.0051
4171.3008,-1099.7167,-330.4501,171.7820,0.0050
4172.3012,-1100.0796,-331.3819,171.7870,0.0049
4173.3017,-1100.4425,-332.3138,171.7919,0.0048
4174.3022,-1100.8055,-333.2456,171.7967,0.0048
4175.3026,-1101.1684,-334.1774,171.8014,0.0047
4176.3031,-1101.5313,-335.1092,171.8061,0.0046
4177.3036,-1101.8938,-336.0412,171.8107,0.0046
4178.3040,-1102.2563,-336.9732,171.8153,0.0045
4179.3045,-1102.6187,-337.9052,171.8198,0.0045
4180.3049,-1102.9812,-338.8372,171.8242,0.0045
4181.3054,-1103.3437,-339.7692,171.8287,0.0044
4182.3058,-1103.7061,-340.7012,171.8331,0.0044
4183.3063,-1104.0686,-341.6332,171.8375,0.0044
4184.3068,-1104.4311,-342.5652,171.8420,0.0045
4185.3072,-1104.7935,-343.4972,171.8465,0.0045
4186.3077,-1105.1562,-344.4291,171.8510,0.0045
4187.3082,-1105.5192,-345.3609,171.8555,0.0046
4188.3086,-1105.8822,-346.2927,171.8602,0.0047
4189.3091,-1106.2452,-347.2245,171.8649,0.0047
4190.3095,-1106.6081,-348.1563,171.8696,0.0048
4191.3100,-1106.9711,-349.0881,171.8745,0.0049
4192.3105,-1107.3341,-350.0199,171.8794,0.0050
4193.3109,-1107.6971,-350.9517,171.8845,0.0051
4194.3114,-1108.0600,-351.8835,171.8896,0.0052
4195.3118,-1108.4230,-352.8153,171.8948,0.0053
4196.3123,-1108.7854,-353.7473,171.9002,0.0054
4197.3128,-1109.1479,-354.6793,171.9056,0.0055
4198.3132,-1109.5103,-355.6113,171.9111,0.0056
4199.3137,-1109.8727,-356.5434,171.9167,0.0056
4200.3142,-1110.2351,-357.4754,171.9224,0.0057
4201.3146,-1110.5975,-358.4074,171.9282,0.0058
4202.3150,-1110.9599,-359.3394,171.9340,0.0059
4203.3155,-1111.3223,-360.2714,171.9399,0.0060
4204.3160,-1111.6847,-361.2035,171.9459,0.0060
4205.3164,-1112.0466,-362.1357,171.9520,0.0061
4206.3169,-1112.4079,-363.0681,171.9581,0.0061
4207.3173,-1112.7693,-364.0005,171.9642,0.0062
4208.3178,-1113.1306,-364.9330,171.9704,0.0062
4209.3183,-1113.4920,-365.8654,171.9766,0.0062
4210.3187,-1113.8533,-366.7978,171.9828,0.0062
4211.3192,-1114.2146,-367.7303,171.9890,0.0062
4212.3196,-1114.5760,-368.6627,171.9952,0.0062
4213.3200,-1114.9373,-369.5951,172.0014,0.0061
4214.3206,-1115.2987,-370.5276,172.0075,0.0061
4215.3210,-1115.6608,-371.4597,172.0136,0.0060
4216.3215,-1116.0230,-372.3918,172.0196,0.0059
4217.3219,-1116.3852,-373.3239,172.0254,0.0058
4218.3224,-1116.7474,-374.2560,172.0312,0.0057
4219.3228,-1117.1096,-375.1881,172.0369,0.0056
4220.3233,-1117.4718,-376.1202,172.0424,0.0054
4221.3237,-1117.8340,-377.0523,172.0477,0.0053
4222.3242,-1118.1962,-377.9844,172.0529,0.0051
4223.3247,-1118.5584,-378.9165,172.0580,0.0050
4224.3251,-1118.9209,-379.8485,172.0629,0.0048
4225.3256,-1119.2836,-380.7804,172.0676,0.0046
4226.3261,-1119.6464,-381.7123,172.0722,0.0045
4227.3264,-1120.0091,-382.6441,172.0766,0.0043
4228.3269,-1120.3719,-383.5760,172.0808,0.0042
4229.3274,-1120.7346,-384.5079,172.0849,0.0040
4230.3279,-1121.0974,-385.4398,172.0889,0.0039
4231.3283,-1121.4601,-386.3717,172.0928,0.0038
4232.3288,-1121.8229,-387.3036,172.0965,0.0037
4233.3292,-1122.1855,-388.2355,172.1002,0.0036
4234.3297,-1122.5459,-389.1683,172.1037,0.0035
4235.3302,-1122.9061,-390.1012,172.1072,0.0034
4236.3307,-1123.2663,-391.0341,172.1105,0.0033
4237.3311,-1123.6265,-391.9670,172.1138,0.0032
4238.3315,-1123.9867,-392.8998,172.1169,0.0031
4239.3320,-1124.3469,-393.8327,172.1200,0.0030
4240.3325,-1124.7071,-394.7656,172.1230,0.0029
4241.3329,-1125.0672,-395.6985,172.1258,0.0028
4242.3334,-1125.4274,-396.6314,172.1285,0.0027
4243.3338,-1125.7869,-397.5645,172.1312,0.0025
4244.3343,-1126.1455,-398.4980,172.1336,0.0024
4245.3348,-1126.5042,-399.4315,172.1360,0.0023
4246.3352,-1126.8628,-400.3649,172.1382,0.0021
4247.3357,-1127.2215,-401.2984,172.1402,0.0020
4248.3361,-1127.5801,-402.2319,172.1421,0.0018
4249.3366,-1127.9388,-403.1654,172.1439,0.0017
4250.3370,-1128.2974,-404.0988,172.1455,0.0015
4251.3374,-1128.6565,-405.0321,172.1470,0.0014
4252.3380,-1129.0230,-405.9626,172.1483,0.0013
4253.3384,-1129.3901,-406.8927,172.1496,0.0012
4254.3389,-1129.7575,-407.8228,172.1507,0.0011
4255.3393,-1130.1298,-408.7509,172.1518,0.0010
4256.3398,-1130.5083,-409.6765,172.1528,0.0010
4257.3403,-1130.8875,-410.6018,172.1538,0.0010
4258.3408,-1131.2782,-411.5223,172.1548,0.0010
4259.3413,-1131.6702,-412.4423,172.1557,0.0010
4260.3419,-1132.0682,-413.3597,172.1567,0.0010
4261.3424,-1132.4741,-414.2736,172.1578,0.0011
4262.3429,-1132.8857,-415.1849,172.1589,0.0012
4263.3435,-1133.3051,-416.0928,172.1601,0.0013
4264.3441,-1133.7302,-416.9979,172.1614,0.0013
4265.3446,-1134.1632,-417.8993,172.1628,0.0015
4266.3453,-1134.6020,-418.7979,172.1643,0.0016
4267.3459,-1135.0485,-419.6927,172.1660,0.0017
4268.3464,-1135.5008,-420.5845,172.1677,0.0018
4269.3471,-1135.9607,-421.4725,172.1695,0.0019
4270.3478,-1136.4263,-422.3575,172.1715,0.0020
4271.3484,-1136.8995,-423.2384,172.1735,0.0021
4272.3491,-1137.3785,-424.1163,172.1756,0.0021
4273.3497,-1137.8651,-424.9898,172.1777,0.0022
4274.3505,-1138.3577,-425.8601,172.1799,0.0022
4275.3512,-1138.8581,-426.7259,172.1822,0.0022
4276.3519,-1139.3643,-427.5883,172.1844,0.0023
4277.3528,-1139.8786,-428.4460,172.1867,0.0023
4278.3534,-1140.3987,-429.3000,172.1889,0.0022
4279.3543,-1140.9269,-430.1492,172.1912,0.0022
4280.3550,-1141.4610,-430.9945,172.1934,0.0022
4281.3559,-1142.0032,-431.8348,172.1956,0.0022
4282.3568,-1142.5514,-432.6712,172.1977,0.0021
4283.3576,-1143.1076,-433.5022,172.1998,0.0021
4284.3584,-1143.6698,-434.3292,172.2018,0.0020
4285.3594,-1144.2399,-435.1508,172.2038,0.0019
4286.3603,-1144.8158,-435.9683,172.2057,0.0019
4287.3612,-1145.3995,-436.7803,172.2076,0.0018
4288.3622,-1145.9887,-437.5883,172.2094,0.0018
4289.3631,-1146.5853,-438.3908,172.2111,0.0017
4290.3640,-1147.1870,-439.1895,172.2128,0.0017
4291.3650,-1147.7955,-439.9830,172.2145,0.0016
4292.3660,-1148.4088,-440.7729,172.2161,0.0016
4293.3671,-1149.0284,-441.5578,172.2176,0.0015
4294.3681,-1149.6528,-442.3389,172.2191,0.0015
4295.3691,-1150.2834,-443.1150,172.2206,0.0015
4296.3702,-1150.9148,-443.8905,172.2221,0.0015
4297.3713,-1151.5561,-444.6578,172.2236,0.0015
4298.3724,-1152.1988,-445.4239,172.2250,0.0014
4299.3735,-1152.8461,-446.1861,172.2265,0.0015
4300.3746,-1153.4993,-446.9433,172.2279,0.0015
4301.3758,-1154.1532,-447.6999,172.2294,0.0015
4302.3769,-1154.8157,-448.4490,172.2309,0.0015
4303.3781,-1155.4793,-449.1971,172.2324,0.0015
4304.3792,-1156.1468,-449.9416,172.2340,0.0016
4305.3804,-1156.8194,-450.6817,172.2356,0.0016
4306.3816,-1157.4926,-451.4211,172.2372,0.0017
4307.3828,-1158.1732,-452.1538,172.2389,0.0017
4308.3839,-1158.8548,-452.8854,172.2407,0.0018
4309.3852,-1159.5403,-453.6136,172.2425,0.0018
4310.3864,-1160.2305,-454.3372,172.2444,0.0019
4311.3876,-1160.9214,-455.0601,172.2463,0.0019
4312.3889,-1161.6202,-455.7754,172.2483,0.0020
4313.3901,-1162.3200,-456.4897,172.2503,0.0020
4314.3915,-1163.0241,-457.1999,172.2523,0.0021
4315.3928,-1163.7333,-457.9049,172.2544,0.0021
4316.3940,-1164.4434,-458.6089,172.2566,0.0021
4317.3953,-1165.1619,-459.3044,172.2587,0.0022
4318.3967,-1165.8817,-459.9987,172.2609,0.0022
4319.3980,-1166.6058,-460.6883,172.2631,0.0022
4320.3993,-1167.3354,-461.3722,172.2653,0.0022
4321.4007,-1168.0659,-462.0551,172.2676,0.0023
4322.4021,-1168.8045,-462.7292,172.2699,0.0023
4323.4035,-1169.5444,-463.4020,172.2722,0.0024
4324.4049,-1170.2883,-464.0703,172.2747,0.0024
4325.4063,-1171.0371,-464.7331,172.2771,0.0025
4326.4077,-1171.7867,-465.3949,172.2797,0.0026
4327.4092,-1172.5432,-466.0489,172.2824,0.0027
4328.4106,-1173.3004,-466.7021,172.2851,0.0029
4329.4121,-1174.0583,-467.3545,172.2881,0.0030
4330.4136,-1174.8217,-468.0005,172.2912,0.0032
4331.4150,-1175.5855,-468.6458,172.2944,0.0034
4332.4165,-1176.3502,-469.2903,172.2979,0.0035
4333.4180,-1177.1206,-469.9278,172.3015,0.0037
4334.4195,-1177.8920,-470.5642,172.3054,0.0039
4335.4211,-1178.6670,-471.1962,172.3095,0.0041
4336.4226,-1179.4463,-471.8228,172.3137,0.0043
4337.4241,-1180.2267,-472.4481,172.3181,0.0045
4338.4256,-1181.0148,-473.0636,172.3227,0.0046
4339.4271,-1181.8041,-473.6775,172.3274,0.0047
4340.4288,-1182.5977,-474.2861,172.3322,0.0048
4341.4303,-1183.3960,-474.8882,172.3370,0.0049
4342.4319,-1184.1955,-475.4889,172.3419,0.0048
4343.4336,-1185.0018,-476.0805,172.3467,0.0048
4344.4352,-1185.8091,-476.6705,172.3515,0.0047
4345.4369,-1186.6198,-477.2561,172.3562,0.0046
4346.4385,-1187.4342,-477.8363,172.3607,0.0044
4347.4402,-1188.2496,-478.4153,172.3650,0.0042
4348.4418,-1189.0703,-478.9866,172.3692,0.0040
4349.4435,-1189.8920,-479.5565,172.3731,0.0038
4350.4452,-1190.7166,-480.1222,172.3767,0.0035
4351.4469,-1191.5445,-480.6830,172.3801,0.0033
4352.4486,-1192.3734,-481.2424,172.3833,0.0030
4353.4503,-1193.2077,-481.7938,172.3862,0.0028
4354.4520,-1194.0429,-482.3436,172.3889,0.0026
4355.4538,-1194.8814,-482.8886,172.3914,0.0024
4356.4556,-1195.7236,-483.4278,172.3937,0.0023
4357.4573,-1196.5669,-483.9652,172.3959,0.0022
4358.4591,-1197.4164,-484.4928,172.3981,0.0021
4359.4609,-1198.2670,-485.0186,172.4002,0.0021
4360.4627,-1199.1213,-485.5384,172.4022,0.0021
4361.4645,-1199.9796,-486.0515,172.4044,0.0021
4362.4663,-1200.8391,-486.5626,172.4065,0.0022
4363.4682,-1201.7049,-487.0630,172.4088,0.0023
4364.4700,-1202.5718,-487.5614,172.4112,0.0025
4365.4719,-1203.4422,-488.0539,172.4137,0.0026
4366.4737,-1204.3163,-488.5395,172.4164,0.0028
4367.4757,-1205.1917,-489.0230,172.4193,0.0029
4368.4776,-1206.0727,-489.4961,172.4223,0.0031
4369.4795,-1206.9548,-489.9672,172.4255,0.0033
4370.4814,-1207.8400,-490.4323,172.4289,0.0035
4371.4833,-1208.7287,-490.8908,172.4325,0.0036
4372.4852,-1209.6185,-491.3470,172.4362,0.0037
4373.4872,-1210.5136,-491.7930,172.4400,0.0039
4374.4892,-1211.4097,-492.2368,172.4439,0.0040
4375.4911,-1212.3088,-492.6745,172.4480,0.0041
4376.4932,-1213.2112,-493.1055,172.4521,0.0042
4377.4951,-1214.1146,-493.5341,172.4563,0.0042
4378.4971,-1215.0229,-493.9525,172.4606,0.0043
4379.4992,-1215.9322,-494.3687,172.4649,0.0043
4380.5012,-1216.8441,-494.7790,172.4692,0.0044
4381.5032,-1217.7589,-495.1829,172.4736,0.0044
4382.5052,-1218.6747,-495.5845,172.4780,0.0044
4383.5073,-1219.5945,-495.9769,172.4825,0.0044
4384.5094,-1220.5152,-496.3672,172.4869,0.0044
4385.5115,-1221.4382,-496.7521,172.4913,0.0044
4386.5136,-1222.3635,-497.1312,172.4957,0.0044
4387.5157,-1223.2899,-497.5079,172.5002,0.0044
4388.5178,-1224.2199,-497.8754,172.5045,0.0044
4389.5199,-1225.1507,-498.2409,172.5089,0.0043
4390.5220,-1226.0837,-498.6006,172.5132,0.0043
4391.5241,-1227.0191,-498.9543,172.5175,0.0042
4392.5263,-1227.9555,-499.3052,172.5217,0.0042
4393.5284,-1228.8956,-499.6462,172.5259,0.0041
4394.5305,-1229.8365,-499.9847,172.5300,0.0041
4395.5327,-1230.7798,-500.3166,172.5341,0.0040
4396.5348,-1231.7255,-500.6416,172.5381,0.0040
4397.5371,-1232.6723,-500.9635,172.5420,0.0039
4398.5392,-1233.6226,-501.2748,172.5460,0.0039
4399.5414,-1234.5742,-501.5821,172.5498,0.0039
4400.5436,-1235.5289,-501.8796,172.5537,0.0038
4401.5459,-1236.4849,-502.1730,172.5575,0.0038
4402.5480,-1237.4438,-502.4566,172.5614,0.0039
4403.5503,-1238.4040,-502.7361,172.5653,0.0039
4404.5526,-1239.3669,-503.0059,172.5692,0.0040
4405.5548,-1240.3310,-503.2714,172.5732,0.0040
4406.5571,-1241.2979,-503.5266,172.5773,0.0041
4407.5593,-1242.2654,-503.7792,172.5815,0.0043
4408.5616,-1243.2348,-504.0247,172.5858,0.0044
4409.5639,-1244.2060,-504.2632,172.5903,0.0045
4410.5661,-1245.1779,-504.4982,172.5949,0.0047
4411.5684,-1246.1524,-504.7226,172.5996,0.0048
4412.5707,-1247.1275,-504.9443,172.6045,0.0049
4413.5731,-1248.1042,-505.1591,172.6095,0.0051
4414.5754,-1249.0823,-505.3671,172.6146,0.0052
4415.5777,-1250.0612,-505.5715,172.6199,0.0053
4416.5800,-1251.0422,-505.7654,172.6252,0.0054
4417.5824,-1252.0238,-505.9566,172.6306,0.0054
4418.5847,-1253.0066,-506.1410,172.6361,0.0055
4419.5870,-1253.9906,-506.3190,172.6415,0.0055
4420.5894,-1254.9753,-506.4936,172.6470,0.0055
4421.5917,-1255.9614,-506.6593,172.6525,0.0054
4422.5940,-1256.9480,-506.8226,172.6579,0.0054
4423.5964,-1257.9354,-506.9806,172.6633,0.0053
4424.5988,-1258.9237,-507.1336,172.6686,0.0052
4425.6012,-1259.9121,-507.2855,172.6738,0.0051
4426.6035,-1260.9011,-507.4329,172.6789,0.0050
4427.6058,-1261.8908,-507.5761,172.6839,0.0049
4428.6082,-1262.8805,-507.7192,172.6888,0.0048
4429.6106,-1263.8702,-507.8624,172.6936,0.0047
4430.6129,-1264.8599,-508.0056,172.6982,0.0046
4431.6153,-1265.8496,-508.1486,172.7028,0.0045
4432.6177,-1266.8394,-508.2911,172.7073,0.0044
4433.6201,-1267.8293,-508.4335,172.7117,0.0044
4434.6225,-1268.8191,-508.5759,172.7160,0.0043
4435.6248,-1269.8089,-508.7183,172.7203,0.0042
4436.6272,-1270.7987,-508.8607,172.7245,0.0042
4437.6296,-1271.7885,-509.0031,172.7287,0.0042
4438.6319,-1272.7783,-509.1455,172.7329,0.0041
4439.6343,-1273.7681,-509.2882,172.7370,0.0041
4440.6367,-1274.7577,-509.4320,172.7411,0.0041
4441.6390,-1275.7471,-509.5768,172.7452,0.0041
4442.6414,-1276.7366,-509.7215,172.7493,0.0041
4443.6438,-1277.7261,-509.8663,172.7534,0.0041
4444.6461,-1278.7155,-510.0111,172.7575,0.0041
4445.6485,-1279.7050,-510.1558,172.7616,0.0041
4446.6509,-1280.6945,-510.3006,172.7656,0.0040
4447.6532,-1281.6839,-510.4453,172.7697,0.0040
4448.6556,-1282.6734,-510.5901,172.7737,0.0040
4449.6580,-1283.6629,-510.7345,172.7777,0.0040
4450.6604,-1284.6526,-510.8781,172.7817,0.0039
4451.6627,-1285.6422,-511.0217,172.7856,0.0039
4452.6650,-1286.6318,-511.1652,172.7895,0.0039
4453.6675,-1287.6215,-511.3088,172.7934,0.0038
4454.6698,-1288.6111,-511.4523,172.7972,0.0038
4455.6722,-1289.6008,-511.5958,172.8010,0.0038
4456.6745,-1290.5904,-511.7394,172.8047,0.0037
4457.6770,-1291.5801,-511.8829,172.8085,0.0037
4458.6793,-1292.5697,-512.0266,172.8122,0.0037
4459.6816,-1293.5592,-512.1708,172.8159,0.0037
4460.6840,-1294.5487,-512.3153,172.8195,0.0037
4461.6864,-1295.5382,-512.4599,172.8232,0.0037
4462.6888,-1296.5277,-512.6045,172.8269,0.0037
4463.6911,-1297.5172,-512.7490,172.8307,0.0037
4464.6935,-1298.5067,-512.8936,172.8345,0.0038
4465.6959,-1299.4962,-513.0381,172.8383,0.0038
4466.6982,-1300.4857,-513.1827,172.8422,0.0039
4467.7006,-1301.4752,-513.3272,172.8461,0.0040
4468.7030,-1302.4647,-513.4718,172.8502,0.0041
4469.7054,-1303.4542,-513.6165,172.8543,0.0042
4470.7078,-1304.4437,-513.7612,172.8586,0.0043
4471.7101,-1305.4331,-513.9059,172.8629,0.0044
4472.7125,-1306.4226,-514.0506,172.8673,0.0045
4473.7148,-1307.4121,-514.1952,172.8719,0.0046
4474.7172,-1308.4016,-514.3399,172.8766,0.0047
4475.7195,-1309.3910,-514.4846,172.8814,0.0048
4476.7219,-1310.3805,-514.6293,172.8863,0.0050
4477.7243,-1311.3700,-514.7742,172.8913,0.0051
4478.7266,-1312.3593,-514.9196,172.8964,0.0052
4479.7291,-1313.3487,-515.0653,172.9017,0.0053
4480.7314,-1314.3380,-515.2111,172.9071,0.0054
4481.7338,-1315.3273,-515.3569,172.9125,0.0055
4482.7361,-1316.3166,-515.5027,172.9181,0.0056
4483.7385,-1317.3059,-515.6485,172.9237,0.0057
4484.7409,-1318.2952,-515.7943,172.9295,0.0058
4485.7433,-1319.2846,-515.9400,172.9353,0.0059
4486.7457,-1320.2739,-516.0858,172.9413,0.0060
4487.7480,-1321.2632,-516.2314,172.9473,0.0060
4488.7504,-1322.2526,-516.3768,172.9534,0.0061
4489.7528,-1323.2420,-516.5221,172.9595,0.0062
4490.7551,-1324.2314,-516.6674,172.9658,0.0063
4491.7575,-1325.2208,-516.8127,172.9721,0.0064
4492.7598,-1326.2101,-516.9581,172.9785,0.0064
4493.7622,-1327.1995,-517.1034,172.9850,0.0065
4494.7646,-1328.1889,-517.2487,172.9916,0.0066
4495.7670,-1329.1783,-517.3940,172.9982,0.0067
4496.7693,-1330.1677,-517.5391,173.0050,0.0068
4497.7717,-1331.1572,-517.6837,173.0118,0.0069
4498.7741,-1332.1468,-517.8278,173.0188,0.0070
4499.7764,-1333.1363,-517.9720,173.0259,0.0071
4500.7788,-1334.1259,-518.1162,173.0331,0.0072
4501.7812,-1335.1154,-518.2603,173.0404,0.0073
4502.7836,-1336.1050,-518.4045,173.0478,0.0075
4503.7859,-1337.0945,-518.5486,173.0553,0.0076
4504.7883,-1338.0841,-518.6928,173.0630,0.0077
4505.7906,-1339.0736,-518.8370,173.0707,0.0078
4506.7930,-1340.0632,-518.9811,173.0786,0.0079
4507.7954,-1341.0528,-519.1252,173.0865,0.0079
4508.7978,-1342.0423,-519.2693,173.0945,0.0080
4509.8002,-1343.0319,-519.4134,173.1025,0.0080
4510.8026,-1344.0215,-519.5575,173.1105,0.0080
4511.8049,-1345.0110,-519.7016,173.1186,0.0080
4512.8073,-1346.0006,-519.8457,173.1266,0.0080
4513.8096,-1346.9901,-519.9898,173.1345,0.0079
4514.8120,-1347.9797,-520.1339,173.1424,0.0078
4515.8144,-1348.9693,-520.2780,173.1501,0.0077
4516.8167,-1349.9588,-520.4220,173.1578,0.0076
4517.8191,-1350.9484,-520.5659,173.1653,0.0074
4518.8215,-1351.9380,-520.7098,173.1726,0.0072
4519.8238,-1352.9276,-520.8537,173.1798,0.0071
4520.8262,-1353.9172,-520.9977,173.1868,0.0069
4521.8286,-1354.9068,-521.1416,173.1936,0.0067
4522.8310,-1355.8964,-521.2855,173.2003,0.0066
4523.8334,-1356.8860,-521.4294,173.2068,0.0064
4524.8357,-1357.8756,-521.5733,173.2131,0.0063
4525.8381,-1358.8652,-521.7169,173.2193,0.0061
4526.8404,-1359.8549,-521.8600,173.2254,0.0060
4527.8428,-1360.8446,-522.0031,173.2314,0.0059
4528.8452,-1361.8343,-522.1461,173.2373,0.0058
4529.8475,-1362.8240,-522.2892,173.2431,0.0058
4530.8500,-1363.8138,-522.4323,173.2488,0.0057
4531.8524,-1364.8035,-522.5754,173.2546,0.0057
4532.8547,-1365.7932,-522.7185,173.2603,0.0057
4533.8571,-1366.7829,-522.8615,173.2659,0.0057
4534.8595,-1367.7726,-523.0048,173.2716,0.0057
4535.8618,-1368.7622,-523.1485,173.2774,0.0057
4536.8642,-1369.7518,-523.2924,173.2831,0.0058
4537.8666,-1370.7414,-523.4363,173.2889,0.0058
4538.8690,-1371.7310,-523.5802,173.2947,0.0058
4539.8713,-1372.7206,-523.7241,173.3006,0.0059
4540.8737,-1373.7102,-523.8680,173.3065,0.0059
4541.8760,-1374.6997,-524.0119,173.3125,0.0060
4542.8784,-1375.6893,-524.1558,173.3185,0.0060
4543.8808,-1376.6789,-524.2998,173.3245,0.0061
4544.8832,-1377.6686,-524.4433,173.3306,0.0061
4545.8856,-1378.6583,-524.5864,173.3368,0.0062
4546.8879,-1379.6480,-524.7295,173.3430,0.0062
4547.8903,-1380.6377,-524.8726,173.3492,0.0062
4548.8926,-1381.6274,-525.0157,173.3555,0.0063
4549.8950,-1382.6171,-525.1588,173.3618,0.0063
4550.8974,-1383.6068,-525.3019,173.3681,0.0063
4551.8997,-1384.5965,-525.4450,173.3744,0.0063
4552.9021,-1385.5862,-525.5881,173.3808,0.0063
4553.9045,-1386.5759,-525.7314,173.3871,0.0063
4554.9069,-1387.5655,-525.8751,173.3934,0.0063
4555.9092,-1388.5551,-526.0190,173.3998,0.0063
4556.9116,-1389.5447,-526.1629,173.4061,0.0063
4557.9140,-1390.5343,-526.3068,173.4124,0.0063
4558.9164,-1391.5239,-526.4507,173.4187,0.0062
4559.9188,-1392.5135,-526.5946,173.4249,0.0062
4560.9211,-1393.5031,-526.7386,173.4311,0.0062
4561.9235,-1394.4927,-526.8825,173.4373,0.0061
4562.9259,-1395.4823,-527.0264,173.4434,0.0061
4563.9283,-1396.4719,-527.1701,173.4495,0.0060
4564.9306,-1397.4615,-527.3137,173.4555,0.0060
4565.9330,-1398.4512,-527.4573,173.4615,0.0060
4566.9354,-1399.4408,-527.6008,173.4674,0.0059
4567.9377,-1400.4304,-527.7444,173.4733,0.0059
4568.9401,-1401.4201,-527.8879,173.4792,0.0058
4569.9425,-1402.4097,-528.0315,173.4850,0.0058
4570.9449,-1403.3994,-528.1751,173.4908,0.0057
4571.9472,-1404.3890,-528.3186,173.4965,0.0057
4572.9496,-1405.3786,-528.4623,173.5023,0.0057
4573.9520,-1406.3682,-528.6064,173.5080,0.0057
4574.9543,-1407.3577,-528.7507,173.5137,0.0057
4575.9567,-1408.3473,-528.8949,173.5194,0.0057
4576.9591,-1409.3368,-529.0391,173.5251,0.0057
4577.9615,-1410.3264,-529.1834,173.5308,0.0057
4578.9638,-1411.3159,-529.3276,173.5366,0.0058
4579.9663,-1412.3055,-529.4719,173.5424,0.0058
4580.9686,-1413.2950,-529.6161,173.5482,0.0058
4581.9709,-1414.2850,-529.7569,173.5541,0.0059
4582.9733,-1415.2754,-529.8953,173.5600,0.0059
4583.9757,-1416.2658,-530.0335,173.5659,0.0060
4584.9781,-1417.2562,-530.1716,173.5720,0.0060
4585.9804,-1418.2466,-530.3098,173.5780,0.0061
4586.9829,-1419.2371,-530.4479,173.5841,0.0061
4587.9853,-1420.2275,-530.5860,173.5902,0.0061
4588.9876,-1421.2179,-530.7242,173.5964,0.0062
4589.9900,-1422.2083,-530.8623,173.6026,0.0062
4590.9924,-1423.1986,-531.0014,173.6088,0.0062
4591.9947,-1424.1885,-531.1426,173.6151,0.0063
4592.9971,-1425.1784,-531.2847,173.6214,0.0063
4593.9995,-1426.1683,-531.4267,173.6278,0.0063
4595.0018,-1427.1581,-531.5688,173.6341,0.0064
4596.0042,-1428.1480,-531.7108,173.6405,0.0064
4597.0066,-1429.1378,-531.8529,173.6470,0.0064
4598.0090,-1430.1277,-531.9949,173.6535,0.0065
4599.0114,-1431.1176,-532.1369,173.6600,0.0065
4600.0137,-1432.1074,-532.2790,173.6666,0.0066
4601.0161,-1433.0972,-532.4217,173.6731,0.0066
4602.0185,-1434.0869,-532.5649,173.6798,0.0066
4603.0209,-1435.0766,-532.7082,173.6864,0.0067
4604.0233,-1436.0663,-532.8514,173.6931,0.0067
4605.0256,-1437.0559,-532.9947,173.6998,0.0067
4606.0279,-1438.0456,-533.1379,173.7065,0.0067
4607.0303,-1439.0353,-533.2812,173.7132,0.0067
4608.0327,-1440.0250,-533.4244,173.7200,0.0067
4609.0351,-1441.0147,-533.5676,173.7267,0.0067
4610.0375,-1442.0044,-533.7107,173.7334,0.0067
4611.0399,-1442.9942,-533.8533,173.7401,0.0067
4612.0422,-1443.9840,-533.9958,173.7468,0.0067
4613.0446,-1444.9738,-534.1384,173.7534,0.0066
4614.0470,-1445.9636,-534.2809,173.7601,0.0066
4615.0494,-1446.9534,-534.4234,173.7667,0.0066
4616.0518,-1447.9432,-534.5659,173.7733,0.0066
4617.0541,-1448.9329,-534.7084,173.7800,0.0066
4618.0564,-1449.9227,-534.8509,173.7866,0.0067
4619.0588,-1450.9125,-534.9934,173.7933,0.0067
4620.0612,-1451.9023,-535.1362,173.8001,0.0067
4621.0636,-1452.8920,-535.2790,173.8068,0.0068
4622.0660,-1453.8818,-535.4219,173.8137,0.0069
4623.0683,-1454.8715,-535.5648,173.8206,0.0069
4624.0708,-1455.8613,-535.7077,173.8276,0.0070
4625.0731,-1456.8510,-535.8505,173.8347,0.0071
4626.0754,-1457.8407,-535.9934,173.8419,0.0072
4627.0779,-1458.8305,-536.1363,173.8492,0.0074
4628.0802,-1459.8202,-536.2792,173.8567,0.0075
4629.0827,-1460.8100,-536.4220,173.8642,0.0076
4630.0849,-1461.7997,-536.5646,173.8719,0.0077
4631.0873,-1462.7895,-536.7071,173.8796,0.0078
4632.0897,-1463.7793,-536.8496,173.8875,0.0079
4633.0921,-1464.7691,-536.9922,173.8954,0.0080
4634.0945,-1465.7589,-537.1347,173.9035,0.0081
4635.0969,-1466.7487,-537.2772,173.9116,0.0081
4636.0993,-1467.7385,-537.4198,173.9198,0.0082
4637.1016,-1468.7283,-537.5623,173.9280,0.0082
4638.1040,-1469.7181,-537.7049,173.9363,0.0083
4639.1063,-1470.7079,-537.8469,173.9446,0.0083
4640.1087,-1471.6978,-537.9888,173.9529,0.0083
4641.1111,-1472.6877,-538.1306,173.9612,0.0083
4642.1135,-1473.6776,-538.2724,173.9694,0.0082
4643.1159,-1474.6675,-538.4143,173.9777,0.0082
4644.1183,-1475.6574,-538.5561,173.9859,0.0081
4645.1207,-1476.6473,-538.6979,173.9940,0.0081
4646.1231,-1477.6372,-538.8398,174.0020,0.0080
4647.1253,-1478.6270,-538.9816,174.0100,0.0079
4648.1278,-1479.6170,-539.1233,174.0179,0.0078
4649.1301,-1480.6069,-539.2646,174.0257,0.0078
4650.1325,-1481.5969,-539.4058,174.0335,0.0077
4651.1349,-1482.5869,-539.5470,174.0411,0.0076
4652.1373,-1483.5769,-539.6882,174.0487,0.0076
4653.1396,-1484.5668,-539.8294,174.0563,0.0075
4654.1420,-1485.5568,-539.9706,174.0638,0.0075
4655.1444,-1486.5468,-540.1118,174.0712,0.0074
4656.1468,-1487.5368,-540.2531,174.0787,0.0074
4657.1492,-1488.5268,-540.3943,174.0861,0.0074
4658.1515,-1489.5166,-540.5365,174.0935,0.0074
4659.1539,-1490.5064,-540.6790,174.1010,0.0075
4660.1563,-1491.4962,-540.8216,174.1085,0.0075
4661.1586,-1492.4859,-540.9643,174.1161,0.0076
4662.1610,-1493.4757,-541.1069,174.1237,0.0076
4663.1634,-1494.4655,-541.2495,174.1314,0.0077
4664.1658,-1495.4553,-541.3921,174.1392,0.0078
4665.1682,-1496.4451,-541.5347,174.1470,0.0079
4666.1705,-1497.4348,-541.6773,174.1549,0.0079
4667.1729,-1498.4246,-541.8198,174.1629,0.0080
4668.1753,-1499.4143,-541.9631,174.1709,0.0081
4669.1777,-1500.4039,-542.1068,174.1791,0.0081
4670.1800,-1501.3935,-542.2506,174.1872,0.0082
4671.1825,-1502.3832,-542.3943,174.1954,0.0082
4672.1848,-1503.3728,-542.5380,174.2037,0.0082
4673.1872,-1504.3624,-542.6818,174.2119,0.0083
4674.1896,-1505.3520,-542.8255,174.2202,0.0083
4675.1919,-1506.3416,-542.9692,174.2285,0.0083
4676.1943,-1507.3312,-543.1130,174.2369,0.0083
4677.1967,-1508.3209,-543.2566,174.2452,0.0083
4678.1991,-1509.3105,-543.4002,174.2535,0.0083
4679.2014,-1510.3001,-543.5438,174.2618,0.0083
4680.2038,-1511.2898,-543.6874,174.2700,0.0083
4681.2062,-1512.2794,-543.8310,174.2783,0.0082
4682.2085,-1513.2690,-543.9747,174.2866,0.0082
4683.2110,-1514.2587,-544.1183,174.2948,0.0082
4684.2133,-1515.2483,-544.2619,174.3030,0.0082
4685.2157,-1516.2379,-544.4055,174.3112,0.0082
4686.2181,-1517.2275,-544.5499,174.3194,0.0082
4687.2204,-1518.2167,-544.6959,174.3276,0.0082
4688.2228,-1519.2060,-544.8421,174.3358,0.0081
4689.2253,-1520.1953,-544.9884,174.3439,0.0081
4690.2276,-1521.1845,-545.1346,174.3521,0.0081
4691.2300,-1522.1738,-545.2808,174.3602,0.0081
4692.2323,-1523.1630,-545.4270,174.3683,0.0081
4693.2347,-1524.1523,-545.5732,174.3763,0.0080
4694.2371,-1525.1415,-545.7195,174.3843,0.0080
4695.2395,-1526.1308,-545.8657,174.3924,0.0080
4696.2419,-1527.1203,-546.0102,174.4003,0.0079
4697.2443,-1528.1099,-546.1541,174.4083,0.0079
4698.2466,-1529.0994,-546.2981,174.4162,0.0079
4699.2489,-1530.0890,-546.4420,174.4241,0.0079
4700.2513,-1531.0786,-546.5860,174.4319,0.0078
4701.2537,-1532.0682,-546.7299,174.4398,0.0078
4702.2561,-1533.0578,-546.8739,174.4476,0.0078
4703.2585,-1534.0474,-547.0178,174.4554,0.0078
4704.2608,-1535.0369,-547.1618,174.4632,0.0078
4705.2632,-1536.0266,-547.3050,174.4710,0.0078
4706.2656,-1537.0165,-547.4467,174.4789,0.0078
4707.2680,-1538.0065,-547.5883,174.4867,0.0078
4708.2704,-1538.9964,-547.7299,174.4946,0.0079
4709.2727,-1539.9863,-547.8715,174.5025,0.0079
4710.2751,-1540.9762,-548.0132,174.5104,0.0080
4711.2776,-1541.9662,-548.1548,174.5184,0.0080
4712.2799,-1542.9561,-548.2964,174.5265,0.0081
4713.2823,-1543.9460,-548.4380,174.5347,0.0082
4714.2846,-1544.9359,-548.5796,174.5429,0.0083
4715.2870,-1545.9258,-548.7212,174.5512,0.0084
4716.2894,-1546.9158,-548.8628,174.5597,0.0085
4717.2918,-1547.9057,-549.0044,174.5682,0.0086
4718.2941,-1548.8956,-549.1460,174.5769,0.0087
4719.2965,-1549.8855,-549.2876,174.5856,0.0088
4720.2990,-1550.8755,-549.4292,174.5945,0.0089
4721.3013,-1551.8654,-549.5708,174.6036,0.0091
4722.3037,-1552.8553,-549.7124,174.6127,0.0092
4723.3060,-1553.8452,-549.8540,174.6220,0.0094
4724.3085,-1554.8352,-549.9957,174.6315,0.0095
4725.3108,-1555.8250,-550.1376,174.6411,0.0096
4726.3132,-1556.8149,-550.2796,174.6508,0.0098
4727.3156,-1557.8048,-550.4215,174.6607,0.0099
4728.3179,-1558.7946,-550.5635,174.6707,0.0101
4729.3203,-1559.7845,-550.7054,174.6809,0.0102
4730.3227,-1560.7744,-550.8474,174.6912,0.0103
4731.3251,-1561.7643,-550.9894,174.7016,0.0105
4732.3274,-1562.7541,-551.1313,174.7121,0.0106
4733.3299,-1563.7440,-551.2733,174.7228,0.0107
4734.3322,-1564.7338,-551.4159,174.7336,0.0108
4735.3347,-1565.7236,-551.5586,174.7444,0.0109
4736.3370,-1566.7133,-551.7013,174.7554,0.0109
4737.3394,-1567.7031,-551.8441,174.7664,0.0110
4738.3417,-1568.6928,-551.9868,174.7774,0.0110
4739.3441,-1569.6826,-552.1295,174.7885,0.0111
4740.3466,-1570.6724,-552.2723,174.7996,0.0111
4741.3489,-1571.6621,-552.4150,174.8107,0.0111
4742.3513,-1572.6519,-552.5577,174.8218,0.0111
4743.3536,-1573.6416,-552.7005,174.8329,0.0110
4744.3560,-1574.6314,-552.8432,174.8439,0.0110
4745.3585,-1575.6212,-552.9860,174.8550,0.0110
4746.3608,-1576.6109,-553.1287,174.8659,0.0109
4747.3632,-1577.6007,-553.2715,174.8769,0.0109
4748.3655,-1578.5904,-553.4142,174.8878,0.0108
4749.3679,-1579.5802,-553.5570,174.8986,0.0108
4750.3703,-1580.5700,-553.6997,174.9094,0.0107
4751.3727,-1581.5597,-553.8425,174.9201,0.0107
4752.3751,-1582.5495,-553.9852,174.9308,0.0106
4753.3774,-1583.5392,-554.1281,174.9415,0.0106
4754.3798,-1584.5289,-554.2710,174.9521,0.0106
4755.3822,-1585.5187,-554.4139,174.9626,0.0105
4756.3846,-1586.5084,-554.5568,174.9732,0.0105
4757.3870,-1587.4982,-554.6998,174.9837,0.0105
4758.3894,-1588.4879,-554.8427,174.9942,0.0105
4759.3917,-1589.4776,-554.9856,175.0047,0.0104
4760.3941,-1590.4674,-555.1285,175.0151,0.0104
4761.3965,-1591.4571,-555.2714,175.0255,0.0104
4762.3989,-1592.4469,-555.4141,175.0359,0.0103
4763.4013,-1593.4367,-555.5566,175.0463,0.0103
4764.4037,-1594.4265,-555.6990,175.0565,0.0102
4765.4060,-1595.4163,-555.8414,175.0668,0.0102
4766.4084,-1596.4061,-555.9838,175.0769,0.0101
4767.4108,-1597.3959,-556.1263,175.0870,0.0100
4768.4132,-1598.3857,-556.2687,175.0970,0.0099
4769.4155,-1599.3755,-556.4111,175.1070,0.0099
4770.4179,-1600.3653,-556.5535,175.1168,0.0098
4771.4203,-1601.3551,-556.6959,175.1265,0.0097
4772.4226,-1602.3449,-556.8382,175.1362,0.0096
4773.4251,-1603.3348,-556.9805,175.1457,0.0095
4774.4274,-1604.3246,-557.1228,175.1552,0.0094
4775.4298,-1605.3144,-557.2651,175.1646,0.0093
4776.4322,-1606.3042,-557.4074,175.1739,0.0093
4777.4346,-1607.2941,-557.5496,175.1831,0.0092
4778.4370,-1608.2839,-557.6919,175.1923,0.0092
4779.4393,-1609.2737,-557.8342,175.2015,0.0091
4780.4417,-1610.2636,-557.9763,175.2106,0.0091
4781.4441,-1611.2537,-558.1165,175.2198,0.0091
4782.4465,-1612.2443,-558.2535,175.2289,0.0091
4783.4488,-1613.2348,-558.3906,175.2381,0.0091
4784.4513,-1614.2254,-558.5277,175.2472,0.0091
4785.4536,-1615.2159,-558.6647,175.2564,0.0091
4786.4560,-1616.2066,-558.8011,175.2655,0.0091
4787.4584,-1617.1980,-558.9317,175.2747,0.0091
4788.4608,-1618.1896,-559.0613,175.2838,0.0091
4789.4632,-1619.1812,-559.1909,175.2930,0.0091
4790.4656,-1620.1728,-559.3201,175.3021,0.0090
4791.4680,-1621.1648,-559.4462,175.3111,0.0090
4792.4703,-1622.1574,-559.5674,175.3201,0.0089
4793.4728,-1623.1501,-559.6886,175.3289,0.0088
4794.4751,-1624.1427,-559.8093,175.3376,0.0086
4795.4776,-1625.1359,-559.9263,175.3462,0.0085
4796.4799,-1626.1297,-560.0374,175.3546,0.0083
4797.4823,-1627.1235,-560.1486,175.3629,0.0082
4798.4847,-1628.1174,-560.2586,175.3710,0.0080
4799.4871,-1629.1122,-560.3603,175.3789,0.0078
4800.4896,-1630.1072,-560.4606,175.3866,0.0076
4801.4920,-1631.1023,-560.5595,175.3942,0.0075
4802.4943,-1632.0982,-560.6497,175.4016,0.0073
4803.4968,-1633.0943,-560.7383,175.4089,0.0072
4804.4992,-1634.0905,-560.8255,175.4161,0.0071
4805.5016,-1635.0874,-560.9034,175.4232,0.0071
4806.5040,-1636.0845,-560.9797,175.4302,0.0070
4807.5064,-1637.0817,-561.0546,175.4373,0.0070
4808.5088,-1638.0795,-561.1204,175.4443,0.0071
4809.5113,-1639.0775,-561.1845,175.4515,0.0071
4810.5137,-1640.0755,-561.2473,175.4587,0.0072
4811.5161,-1641.0740,-561.3015,175.4660,0.0074
4812.5185,-1642.0726,-561.3542,175.4734,0.0075
4813.5209,-1643.0713,-561.4054,175.4811,0.0077
4814.5233,-1644.0704,-561.4484,175.4889,0.0079
4815.5257,-1645.0695,-561.4899,175.4970,0.0081
4816.5282,-1646.0687,-561.5308,175.5052,0.0084
4817.5306,-1647.0680,-561.5676,175.5138,0.0086
4818.5330,-1648.0675,-561.5987,175.5225,0.0089
4819.5354,-1649.0670,-561.6298,175.5316,0.0091
4820.5379,-1650.0666,-561.6596,175.5408,0.0094
4821.5403,-1651.0663,-561.6830,175.5504,0.0096
4822.5428,-1652.0661,-561.7052,175.5601,0.0098
4823.5451,-1653.0658,-561.7275,175.5701,0.0100
4824.5476,-1654.0656,-561.7485,175.5802,0.0102
4825.5500,-1655.0655,-561.7637,175.5905,0.0104
4826.5524,-1656.0654,-561.7779,175.6010,0.0105
4827.5549,-1657.0653,-561.7921,175.6115,0.0106
4828.5573,-1658.0652,-561.8058,175.6222,0.0106
4829.5597,-1659.0651,-561.8161,175.6329,0.0107
4830.5621,-1660.0651,-561.8219,175.6436,0.0107
4831.5646,-1661.0651,-561.8277,175.6542,0.0106
4832.5670,-1662.0651,-561.8329,175.6649,0.0105
4833.5694,-1663.0651,-561.8344,175.6754,0.0104
4834.5719,-1664.0651,-561.8311,175.6858,0.0103
4835.5743,-1665.0651,-561.8278,175.6961,0.0102
4836.5766,-1666.0650,-561.8227,175.7062,0.0100
4837.5791,-1667.0650,-561.8107,175.7161,0.0098
4838.5816,-1668.0649,-561.7974,175.7258,0.0096
4839.5840,-1669.0648,-561.7834,175.7353,0.0094
4840.5864,-1670.0646,-561.7648,175.7446,0.0092
4841.5888,-1671.0643,-561.7407,175.7537,0.0090
4842.5912,-1672.0640,-561.7157,175.7626,0.0087
4843.5937,-1673.0636,-561.6860,175.7712,0.0085
4844.5961,-1674.0629,-561.6506,175.7797,0.0083
4845.5985,-1675.0623,-561.6144,175.7879,0.0081
4846.6009,-1676.0614,-561.5735,175.7960,0.0079
4847.6033,-1677.0603,-561.5270,175.8038,0.0077
4848.6057,-1678.0592,-561.4796,175.8115,0.0076
4849.6082,-1679.0579,-561.4278,175.8190,0.0074
4850.6106,-1680.0562,-561.3706,175.8263,0.0072
4851.6130,-1681.0545,-561.3125,175.8334,0.0070
4852.6154,-1682.0526,-561.2500,175.8404,0.0068
4853.6179,-1683.0503,-561.1821,175.8471,0.0066
4854.6203,-1684.0479,-561.1132,175.8537,0.0064
4855.6227,-1685.0452,-561.0397,175.8600,0.0062
4856.6251,-1686.0421,-560.9608,175.8661,0.0060
4857.6275,-1687.0389,-560.8809,175.8721,0.0058
4858.6299,-1688.0353,-560.7963,175.8778,0.0056
4859.6323,-1689.0312,-560.7063,175.8834,0.0054
4860.6348,-1690.0271,-560.6152,175.8887,0.0052
4861.6371,-1691.0225,-560.5197,175.8939,0.0051
4862.6395,-1692.0174,-560.4189,175.8989,0.0049
4863.6419,-1693.0122,-560.3171,175.9037,0.0047
4864.6443,-1694.0065,-560.2106,175.9084,0.0046
4865.6468,-1695.0003,-560.0990,175.9129,0.0045
4866.6491,-1695.9939,-559.9864,175.9174,0.0045
4867.6515,-1696.9870,-559.8689,175.9219,0.0044
4868.6539,-1697.9794,-559.7460,175.9263,0.0044
4869.6563,-1698.9717,-559.6221,175.9307,0.0044
4870.6586,-1699.9633,-559.4933,175.9351,0.0045
4871.6611,-1700.9543,-559.3590,175.9397,0.0046
4872.6635,-1701.9451,-559.2237,175.9443,0.0047
4873.6658,-1702.9352,-559.0837,175.9490,0.0048
4874.6682,-1703.9246,-558.9386,175.9539,0.0050
4875.6706,-1704.9139,-558.7925,175.9590,0.0052
4876.6730,-1705.9025,-558.6417,175.9643,0.0054
4877.6753,-1706.8903,-558.4861,175.9698,0.0056
4878.6777,-1707.8779,-558.3293,175.9756,0.0059
4879.6801,-1708.8648,-558.1678,175.9816,0.0061
4880.6824,-1709.8508,-558.0012,175.9878,0.0064
4881.6848,-1710.8367,-557.8335,175.9943,0.0066
4882.6871,-1711.8216,-557.6609,176.0011,0.0069
4883.6894,-1712.8057,-557.4833,176.0082,0.0072
4884.6918,-1713.7896,-557.3045,176.0155,0.0074
4885.6942,-1714.7726,-557.1209,176.0231,0.0077
4886.6965,-1715.7547,-556.9324,176.0309,0.0080
4887.6989,-1716.7365,-556.7426,176.0390,0.0082
4888.7013,-1717.7174,-556.5478,176.0474,0.0085
4889.7036,-1718.6972,-556.3479,176.0560,0.0087
4890.7059,-1719.6767,-556.1466,176.0649,0.0090
4891.7082,-1720.6551,-555.9398,176.0740,0.0092
4892.7105,-1721.6323,-555.7275,176.0833,0.0094
4893.7129,-1722.6092,-555.5138,176.0928,0.0096
4894.7152,-1723.5848,-555.2944,176.1026,0.0099
4895.7174,-1724.5591,-555.0693,176.1126,0.0101
4896.7198,-1725.5332,-554.8429,176.1228,0.0102
4897.7220,-1726.5059,-554.6111,176.1331,0.0104
4898.7244,-1727.4774,-554.3740,176.1437,0.0106
4899.7267,-1728.4486,-554.1356,176.1543,0.0107
4900.7289,-1729.4185,-553.8923,176.1651,0.0108
4901.7313,-1730.3873,-553.6442,176.1759,0.0109
4902.7335,-1731.3557,-553.3949,176.1868,0.0109
4903.7358,-1732.3228,-553.1407,176.1978,0.0109
4904.7381,-1733.2888,-552.8820,176.2086,0.0108
4905.7404,-1734.2544,-552.6220,176.2194,0.0107
4906.7426,-1735.2187,-552.3572,176.2300,0.0105
4907.7448,-1736.1817,-552.0879,176.2405,0.0103
4908.7471,-1737.1444,-551.8173,176.2508,0.0101
4909.7493,-1738.1058,-551.5422,176.2608,0.0098
4910.7516,-1739.0660,-551.2628,176.2704,0.0095
4911.7539,-1740.0258,-550.9821,176.2798,0.0092
4912.7561,-1740.9843,-550.6969,176.2888,0.0088
4913.7583,-1741.9414,-550.4074,176.2974,0.0084
4914.7605,-1742.8986,-550.1179,176.3057,0.0080
4915.7628,-1743.8548,-549.8252,176.3135,0.0077
4916.7650,-1744.8092,-549.5267,176.3210,0.0073
4917.7672,-1745.7633,-549.2272,176.3282,0.0070
4918.7694,-1746.7170,-548.9264,176.3350,0.0067
4919.7717,-1747.6692,-548.6208,176.3415,0.0064
4920.7739,-1748.6200,-548.3111,176.3478,0.0062
4921.7760,-1749.5708,-548.0014,176.3539,0.0060
4922.7783,-1750.5206,-547.6884,176.3598,0.0058
4923.7805,-1751.4684,-547.3696,176.3656,0.0057
4924.7827,-1752.4159,-547.0498,176.3713,0.0057
4925.7849,-1753.3630,-546.7288,176.3770,0.0057
4926.7870,-1754.3084,-546.4032,176.3827,0.0057
4927.7892,-1755.2526,-546.0737,176.3884,0.0057
4928.7914,-1756.1968,-545.7443,176.3942,0.0058
4929.7936,-1757.1399,-545.4118,176.4000,0.0058
4930.7957,-1758.0812,-545.0743,176.4059,0.0059
4931.7979,-1759.0223,-544.7360,176.4119,0.0060
4932.8001,-1759.9629,-544.3964,176.4179,0.0061
4933.8022,-1760.9020,-544.0529,176.4241,0.0061
4934.8043,-1761.8399,-543.7062,176.4302,0.0062
4935.8065,-1762.7779,-543.3594,176.4364,0.0062
4936.8087,-1763.7155,-543.0116,176.4427,0.0062
4937.8108,-1764.6518,-542.6604,176.4489,0.0062
4938.8129,-1765.5870,-542.3064,176.4551,0.0062
4939.8151,-1766.5223,-541.9525,176.4613,0.0062
4940.8173,-1767.4576,-541.5985,176.4675,0.0061
4941.8193,-1768.3928,-541.2446,176.4736,0.0060
4942.8215,-1769.3281,-540.8906,176.4796,0.0059
4943.8236,-1770.2633,-540.5366,176.4855,0.0059
4944.8258,-1771.1984,-540.1822,176.4913,0.0058
4945.8279,-1772.1334,-539.8275,176.4970,0.0057
4946.8301,-1773.0684,-539.4729,176.5026,0.0055
4947.8322,-1774.0034,-539.1183,176.5081,0.0054
4948.8343,-1774.9384,-538.7636,176.5135,0.0053
4949.8365,-1775.8734,-538.4090,176.5188,0.0052
4950.8386,-1776.8084,-538.0543,176.5240,0.0051
4951.8407,-1777.7434,-537.6997,176.5291,0.0050
4952.8429,-1778.6784,-537.3450,176.5341,0.0050
4953.8451,-1779.6136,-536.9908,176.5391,0.0049
4954.8471,-1780.5489,-536.6371,176.5439,0.0048
4955.8493,-1781.4843,-536.2834,176.5486,0.0047
4956.8515,-1782.4197,-535.9298,176.5533,0.0046
4957.8536,-1783.3551,-535.5761,176.5579,0.0045
4958.8557,-1784.2904,-535.2225,176.5624,0.0044
4959.8578,-1785.2258,-534.8689,176.5668,0.0044
4960.8600,-1786.1612,-534.5152,176.5711,0.0043
4961.8622,-1787.0966,-534.1616,176.5754,0.0042
4962.8643,-1788.0320,-533.8079,176.5795,0.0041
4963.8664,-1788.9672,-533.4540,176.5836,0.0040
4964.8686,-1789.9025,-533.1000,176.5877,0.0040
4965.8707,-1790.8378,-532.7461,176.5916,0.0039
4966.8729,-1791.7731,-532.3923,176.5955,0.0039
4967.8750,-1792.7084,-532.0385,176.5993,0.0038
4968.8771,-1793.6437,-531.6847,176.6031,0.0038
4969.8792,-1794.5790,-531.3309,176.6069,0.0037
4970.8814,-1795.5144,-530.9771,176.6106,0.0037
4971.8836,-1796.4497,-530.6233,176.6143,0.0037
4972.8857,-1797.3850,-530.2695,176.6180,0.0037
4973.8878,-1798.3203,-529.9157,176.6217,0.0037
4974.8900,-1799.2557,-529.5620,176.6255,0.0037
4975.8921,-1800.1910,-529.2082,176.6292,0.0038
4976.8942,-1801.1263,-528.8544,176.6330,0.0038
4977.8964,-1802.0617,-528.5007,176.6369,0.0038
4978.8985,-1802.9970,-528.1469,176.6407,0.0039
4979.9006,-1803.9323,-527.7931,176.6447,0.0039
4980.9028,-1804.8677,-527.4393,176.6486,0.0040
4981.9049,-1805.8030,-527.0857,176.6526,0.0040
4982.9070,-1806.7385,-526.7323,176.6567,0.0040
4983.9092,-1807.6741,-526.3792,176.6607,0.0041
4984.9113,-1808.6097,-526.0261,176.6648,0.0041
4985.9135,-1809.5453,-525.6730,176.6689,0.0041
4986.9156,-1810.4808,-525.3198,176.6729,0.0040
4987.9177,-1811.4164,-524.9667,176.6770,0.0040
4988.9199,-1812.3520,-524.6136,176.6810,0.0039
4989.9220,-1813.2876,-524.2605,176.6849,0.0039
4990.9242,-1814.2232,-523.9073,176.6887,0.0038
4991.9263,-1815.1585,-523.5536,176.6925,0.0037
4992.9285,-1816.0936,-523.1991,176.6961,0.0036
4993.9306,-1817.0286,-522.8445,176.6996,0.0034
4994.9327,-1817.9636,-522.4900,176.7030,0.0033
4995.9348,-1818.8986,-522.1354,176.7061,0.0031
4996.9370,-1819.8337,-521.7808,176.7092,0.0029
4997.9391,-1820.7687,-521.4262,176.7120,0.0027
4998.9413,-1821.7035,-521.0710,176.7146,0.0025
4999.9434,-1822.6375,-520.7137,176.7170,0.0023
5000.9455,-1823.5710,-520.3553,176.7192,0.0021
5001.9477,-1824.5046,-519.9969,176.7212,0.0019
5002.9498,-1825.4381,-519.6384,176.7230,0.0017
5003.9519,-1826.3717,-519.2800,176.7246,0.0015
5004.9540,-1827.3052,-518.9216,176.7259,0.0013
5005.9562,-1828.2388,-518.5631,176.7271,0.0011
5006.9583,-1829.1724,-518.2047,176.7281,0.0009
5007.9604,-1830.1059,-517.8463,176.7290,0.0008
5008.9625,-1831.0401,-517.4895,176.7297,0.0006
5009.9647,-1831.9749,-517.1343,176.7302,0.0005
5010.9668,-1832.9098,-516.7794,176.7306,0.0003
5011.9690,-1833.8447,-516.4245,176.7309,0.0002
5012.9711,-1834.7796,-516.0695,176.7311,0.0001
5013.9732,-1835.7145,-515.7146,176.7311,0.0000
5014.9754,-1836.6494,-515.3597,176.7311,-0.0001
5015.9775,-1837.5843,-515.0048,176.7310,-0.0002
5016.9796,-1838.5192,-514.6499,176.7308,-0.0002
5017.9818,-1839.4542,-514.2952,176.7305,-0.0003
5018.9839,-1840.3895,-513.9413,176.7301,-0.0004
5019.9860,-1841.3249,-513.5878,176.7297,-0.0005
5020.9881,-1842.2603,-513.2343,176.7292,-0.0006
5021.9903,-1843.1958,-512.8808,176.7286,-0.0006
5022.9924,-1844.1312,-512.5273,176.7279,-0.0007
5023.9945,-1845.0666,-512.1738,176.7272,-0.0008
5024.9967,-1846.0021,-511.8203,176.7264,-0.0008
5025.9988,-1846.9375,-511.4668,176.7255,-0.0009
5027.0010,-1847.8729,-511.1133,176.7246,-0.0009
5028.0031,-1848.8084,-510.7598,176.7236,-0.0010
5029.0052,-1849.7438,-510.4064,176.7226,-0.0011
5030.0074,-1850.6793,-510.0530,176.7215,-0.0011
5031.0096,-1851.6148,-509.6995,176.7204,-0.0011
5032.0116,-1852.5502,-509.3461,176.7192,-0.0012
5033.0138,-1853.4857,-508.9927,176.7180,-0.0012
5034.0160,-1854.4212,-508.6393,176.7168,-0.0013
5035.0180,-1855.3566,-508.2859,176.7155,-0.0013
5036.0202,-1856.2921,-507.9324,176.7141,-0.0014
5037.0223,-1857.2274,-507.5787,176.7128,-0.0014
5038.0245,-1858.1625,-507.2242,176.7113,-0.0015
5039.0266,-1859.0974,-506.8693,176.7098,-0.0015
5040.0287,-1860.0323,-506.5144,176.7083,-0.0016
5041.0309,-1860.9672,-506.1595,176.7067,-0.0016
5042.0330,-1861.9021,-505.8046,176.7051,-0.0017
5043.0351,-1862.8370,-505.4497,176.7034,-0.0017
5044.0372,-1863.7719,-505.0948,176.7016,-0.0018
5045.0394,-1864.7068,-504.7399,176.6998,-0.0018
5046.0415,-1865.6417,-504.3850,176.6980,-0.0019
5047.0436,-1866.5766,-504.0301,176.6961,-0.0019
5048.0458,-1867.5115,-503.6752,176.6941,-0.0020
5049.0479,-1868.4464,-503.3202,176.6921,-0.0020
5050.0500,-1869.3813,-502.9653,176.6901,-0.0020
5051.0522,-1870.3162,-502.6104,176.6881,-0.0020
5052.0543,-1871.2511,-502.2554,176.6860,-0.0020
5053.0565,-1872.1860,-501.9005,176.6840,-0.0020
5054.0586,-1873.1209,-501.5456,176.6820,-0.0020
5055.0607,-1874.0557,-501.1906,176.6799,-0.0020
5056.0628,-1874.9907,-500.8359,176.6779,-0.0020
5057.0649,-1875.9258,-500.4816,176.6759,-0.0020
5058.0670,-1876.8610,-500.1275,176.6739,-0.0020
5059.0692,-1877.7962,-499.7734,176.6719,-0.0020
5060.0714,-1878.7315,-499.4193,176.6700,-0.0019
5061.0735,-1879.6667,-499.0651,176.6680,-0.0019
5062.0757,-1880.6019,-498.7110,176.6661,-0.0019
5063.0778,-1881.5371,-498.3569,176.6642,-0.0019
5064.0799,-1882.4723,-498.0028,176.6623,-0.0019
5065.0820,-1883.4075,-497.6487,176.6604,-0.0019
5066.0842,-1884.3426,-497.2943,176.6586,-0.0019
5067.0862,-1885.2776,-496.9398,176.6567,-0.0018
5068.0884,-1886.2126,-496.5852,176.6549,-0.0018
5069.0905,-1887.1476,-496.2305,176.6531,-0.0018
5070.0927,-1888.0827,-495.8759,176.6512,-0.0018
5071.0948,-1889.0177,-495.5213,176.6494,-0.0018
5072.0969,-1889.9527,-495.1667,176.6475,-0.0018
5073.0991,-1890.8877,-494.8121,176.6457,-0.0018
5074.1012,-1891.8227,-494.4575,176.6439,-0.0018
5075.1033,-1892.7577,-494.1029,176.6420,-0.0019
5076.1055,-1893.6928,-493.7484,176.6401,-0.0019
5077.1076,-1894.6278,-493.3938,176.6383,-0.0019
5078.1096,-1895.5628,-493.0393,176.6364,-0.0019
5079.1119,-1896.4979,-492.6847,176.6344,-0.0019
5080.1139,-1897.4329,-492.3302,176.6325,-0.0020
5081.1161,-1898.3680,-491.9756,176.6305,-0.0020
5082.1182,-1899.3030,-491.6211,176.6284,-0.0021
5083.1203,-1900.2380,-491.2665,176.6263,-0.0021
5084.1225,-1901.1731,-490.9120,176.6242,-0.0022
5085.1246,-1902.1084,-490.5583,176.6220,-0.0022
5086.1267,-1903.0440,-490.2052,176.6197,-0.0023
5087.1289,-1903.9796,-489.8521,176.6173,-0.0024
5088.1310,-1904.9152,-489.4991,176.6149,-0.0025
5089.1331,-1905.8508,-489.1461,176.6124,-0.0026
5090.1352,-1906.7864,-488.7930,176.6098,-0.0026
5091.1374,-1907.7221,-488.4400,176.6071,-0.0027
5092.1396,-1908.6577,-488.0869,176.6043,-0.0028
5093.1417,-1909.5933,-487.7339,176.6014,-0.0029
5094.1438,-1910.5289,-487.3808,176.5985,-0.0030
5095.1459,-1911.4644,-487.0276,176.5954,-0.0031
5096.1480,-1912.3999,-486.6743,176.5923,-0.0032
5097.1502,-1913.3354,-486.3210,176.5890,-0.0033
5098.1523,-1914.2710,-485.9678,176.5857,-0.0033
5099.1545,-1915.2065,-485.6145,176.5823,-0.0034
5100.1566,-1916.1420,-485.2612,176.5788,-0.0035
5101.1587,-1917.0775,-484.9080,176.5753,-0.0036
5102.1609,-1918.0131,-484.5547,176.5717,-0.0037
5103.1630,-1918.9486,-484.2015,176.5680,-0.0037
5104.1651,-1919.8837,-483.8472,176.5642,-0.0038
5105.1672,-1920.8186,-483.4923,176.5603,-0.0039
5106.1693,-1921.7535,-483.1374,176.5564,-0.0039
5107.1715,-1922.6884,-482.7824,176.5525,-0.0040
5108.1736,-1923.6233,-482.4275,176.5485,-0.0040
5109.1757,-1924.5582,-482.0726,176.5444,-0.0041
5110.1779,-1925.4931,-481.7176,176.5402,-0.0042
5111.1800,-1926.4280,-481.3627,176.5360,-0.0042
5112.1821,-1927.3629,-481.0078,176.5318,-0.0043
5113.1843,-1928.2978,-480.6528,176.5275,-0.0043
5114.1864,-1929.2327,-480.2980,176.5232,-0.0043
5115.1885,-1930.1677,-479.9432,176.5188,-0.0044
5116.1906,-1931.1026,-479.5885,176.5144,-0.0044
5117.1928,-1932.0376,-479.2337,176.5099,-0.0045
5118.1949,-1932.9725,-478.8789,176.5054,-0.0045
5119.1969,-1933.9074,-478.5241,176.5009,-0.0045
5120.1991,-1934.8424,-478.1693,176.4964,-0.0046
5121.2012,-1935.7773,-477.8145,176.4918,-0.0046
5122.2034,-1936.7123,-477.4597,176.4871,-0.0046
5123.2055,-1937.6474,-477.1054,176.4825,-0.0047
5124.2077,-1938.5826,-476.7512,176.4778,-0.0047
5125.2098,-1939.5178,-476.3970,176.4731,-0.0047
5126.2119,-1940.4530,-476.0429,176.4683,-0.0048
5127.2140,-1941.3881,-475.6888,176.4635,-0.0048
5128.2161,-1942.3233,-475.3346,176.4587,-0.0048
5129.2182,-1943.2585,-474.9805,176.4538,-0.0049
5130.2204,-1944.1937,-474.6263,176.4489,-0.0049
5131.2225,-1945.1289,-474.2722,176.4439,-0.0050
5132.2246,-1946.0642,-473.9183,176.4389,-0.0050
5133.2268,-1946.9997,-473.5650,176.4339,-0.0051
5134.2289,-1947.9353,-473.2119,176.4288,-0.0051
5135.2310,-1948.8709,-472.8588,176.4236,-0.0052
5136.2332,-1949.8065,-472.5057,176.4184,-0.0052
5137.2353,-1950.7421,-472.1526,176.4132,-0.0053
5138.2374,-1951.6776,-471.7995,176.4079,-0.0053
5139.2395,-1952.6132,-471.4464,176.4026,-0.0053
5140.2417,-1953.5488,-471.0933,176.3972,-0.0054
5141.2438,-1954.4844,-470.7402,176.3918,-0.0054
5142.2459,-1955.4199,-470.3869,176.3864,-0.0054
5143.2480,-1956.3554,-470.0336,176.3809,-0.0054
5144.2502,-1957.2909,-469.6803,176.3755,-0.0054
5145.2523,-1958.2264,-469.3270,176.3701,-0.0054
5146.2544,-1959.1619,-468.9737,176.3646,-0.0054
5147.2566,-1960.0975,-468.6204,176.3593,-0.0054
5148.2587,-1961.0330,-468.2671,176.3539,-0.0053
5149.2608,-1961.9685,-467.9138,176.3486,-0.0052
5150.2630,-1962.9040,-467.5605,176.3434,-0.0052
5151.2650,-1963.8394,-467.2070,176.3383,-0.0051
5152.2672,-1964.7747,-466.8531,176.3332,-0.0050
5153.2694,-1965.7100,-466.4991,176.3283,-0.0049
5154.2714,-1966.6452,-466.1452,176.3234,-0.0048
5155.2736,-1967.5805,-465.7912,176.3187,-0.0047
5156.2756,-1968.5157,-465.4373,176.3140,-0.0046
5157.2778,-1969.4510,-465.0833,176.3094,-0.0046
5158.2800,-1970.3863,-464.7293,176.3048,-0.0045
5159.2820,-1971.3215,-464.3754,176.3004,-0.0045
5160.2842,-1972.2568,-464.0214,176.2959,-0.0044
5161.2863,-1973.1923,-463.6682,176.2915,-0.0044
5162.2885,-1974.1280,-463.3152,176.2870,-0.0044
5163.2906,-1975.0636,-462.9623,176.2826,-0.0045
5164.2927,-1975.9993,-462.6094,176.2781,-0.0045
5165.2948,-1976.9349,-462.2564,176.2735,-0.0046
5166.2970,-1977.8706,-461.9035,176.2688,-0.0047
5167.2991,-1978.8062,-461.5506,176.2640,-0.0048
5168.3012,-1979.7419,-461.1977,176.2592,-0.0049
5169.3033,-1980.6775,-460.8447,176.2542,-0.0050
5170.3054,-1981.6131,-460.4917,176.2491,-0.0051
5171.3076,-1982.5486,-460.1382,176.2439,-0.0053
5172.3097,-1983.4840,-459.7847,176.2386,-0.0054
5173.3118,-1984.4194,-459.4312,176.2331,-0.0055
5174.3140,-1985.3549,-459.0777,176.2276,-0.0055
5175.3161,-1986.2903,-458.7242,176.2220,-0.0056
5176.3182,-1987.2257,-458.3707,176.2164,-0.0057
5177.3204,-1988.1612,-458.0172,176.2107,-0.0057
5178.3225,-1989.0966,-457.6636,176.2050,-0.0057
5179.3246,-1990.0320,-457.3101,176.1993,-0.0057
5180.3267,-1990.9675,-456.9567,176.1936,-0.0057
5181.3288,-1991.9029,-456.6032,176.1879,-0.0056
5182.3309,-1992.8383,-456.2497,176.1822,-0.0056
5183.3331,-1993.7738,-455.8962,176.1767,-0.0056
5184.3352,-1994.7092,-455.5427,176.1711,-0.0055
5185.3374,-1995.6447,-455.1892,176.1656,-0.0055
5186.3394,-1996.5801,-454.8358,176.1602,-0.0054
5187.3415,-1997.5155,-454.4823,176.1548,-0.0054
5188.3437,-1998.4510,-454.1288,176.1494,-0.0053
5189.3458,-1999.3865,-453.7755,176.1441,-0.0053
5190.3479,-2000.3222,-453.4227,176.1387,-0.0053
5191.3500,-2001.2579,-453.0700,176.1334,-0.0053
5192.3522,-2002.1936,-452.7172,176.1280,-0.0054
5193.3543,-2003.1293,-452.3644,176.1227,-0.0054
5194.3565,-2004.0651,-452.0117,176.1172,-0.0055
5195.3586,-2005.0008,-451.6589,176.1117,-0.0055
5196.3607,-2005.9365,-451.3062,176.1062,-0.0056
5197.3628,-2006.8722,-450.9534,176.1005,-0.0057
5198.3649,-2007.8079,-450.6007,176.0948,-0.0058
5199.3671,-2008.7439,-450.2486,176.0890,-0.0058
5200.3692,-2009.6800,-449.8969,176.0831,-0.0059
5201.3713,-2010.6161,-449.5451,176.0771,-0.0060
5202.3735,-2011.5522,-449.1933,176.0711,-0.0061
5203.3755,-2012.4882,-448.8415,176.0650,-0.0061
5204.3777,-2013.4243,-448.4897,176.0589,-0.0061
5205.3798,-2014.3604,-448.1380,176.0527,-0.0062
5206.3819,-2015.2965,-447.7862,176.0465,-0.0062
5207.3841,-2016.2326,-447.4344,176.0403,-0.0062
5208.3862,-2017.1686,-447.0825,176.0341,-0.0061
5209.3883,-2018.1045,-446.7302,176.0280,-0.0061
5210.3904,-2019.0404,-446.3779,176.0219,-0.0060
5211.3926,-2019.9763,-446.0256,176.0159,-0.0060
5212.3946,-2020.9121,-445.6733,176.0099,-0.0059
5213.3968,-2021.8480,-445.3210,176.0041,-0.0058
5214.3989,-2022.7839,-444.9686,175.9983,-0.0057
5215.4011,-2023.7198,-444.6163,175.9927,-0.0056
5216.4032,-2024.6557,-444.2640,175.9871,-0.0054
5217.4053,-2025.5916,-443.9117,175.9818,-0.0053
5218.4074,-2026.5262,-443.5562,175.9765,-0.0052
5219.4095,-2027.4605,-443.1997,175.9714,-0.0051
5220.4116,-2028.3948,-442.8432,175.9664,-0.0049
5221.4137,-2029.3291,-442.4867,175.9615,-0.0048
5222.4159,-2030.2634,-442.1302,175.9567,-0.0047
5223.4180,-2031.1968,-441.7712,175.9521,-0.0046
5224.4201,-2032.1298,-441.4114,175.9476,-0.0045
5225.4223,-2033.0629,-441.0517,175.9431,-0.0044
5226.4243,-2033.9959,-440.6919,175.9388,-0.0043
5227.4264,-2034.9289,-440.3322,175.9346,-0.0042
5228.4285,-2035.8620,-439.9725,175.9304,-0.0041
5229.4307,-2036.7956,-439.6141,175.9263,-0.0041
5230.4328,-2037.7304,-439.2590,175.9222,-0.0040
5231.4349,-2038.6653,-438.9040,175.9182,-0.0040
5232.4370,-2039.6001,-438.5489,175.9142,-0.0040
5233.4391,-2040.5349,-438.1938,175.9102,-0.0040
5234.4413,-2041.4698,-437.8388,175.9062,-0.0040
5235.4433,-2042.4046,-437.4837,175.9022,-0.0040
5236.4455,-2043.3395,-437.1286,175.8982,-0.0040
5237.4476,-2044.2743,-436.7736,175.8941,-0.0041
5238.4498,-2045.2092,-436.4185,175.8900,-0.0042
5239.4518,-2046.1441,-436.0638,175.8858,-0.0043
5240.4539,-2047.0791,-435.7092,175.8814,-0.0044
5241.4561,-2048.0142,-435.3546,175.8770,-0.0045
5242.4582,-2048.9492,-435.0000,175.8724,-0.0047
5243.4603,-2049.8842,-434.6453,175.8676,-0.0049
5244.4624,-2050.8192,-434.2907,175.8625,-0.0051
5245.4645,-2051.7542,-433.9361,175.8573,-0.0054
5246.4666,-2052.6892,-433.5815,175.8518,-0.0057
5247.4687,-2053.6242,-433.2269,175.8460,-0.0060
5248.4708,-2054.5592,-432.8723,175.8398,-0.0063
5249.4731,-2055.4943,-432.5176,175.8334,-0.0066
5250.4752,-2056.4293,-432.1630,175.8266,-0.0070
5251.4773,-2057.3643,-431.8084,175.8194,-0.0074
5252.4794,-2058.2993,-431.4537,175.8118,-0.0078
5253.4815,-2059.2343,-431.0991,175.8038,-0.0082
5254.4836,-2060.1693,-430.7445,175.7953,-0.0086
5255.4858,-2061.1043,-430.3898,175.7865,-0.0090
5256.4879,-2062.0393,-430.0352,175.7773,-0.0094
5257.4900,-2062.9743,-429.6805,175.7676,-0.0099
5258.4921,-2063.9091,-429.3254,175.7575,-0.0103
5259.4942,-2064.8439,-428.9702,175.7470,-0.0107
5260.4964,-2065.7787,-428.6149,175.7362,-0.0110
5261.4984,-2066.7134,-428.2597,175.7249,-0.0114
5262.5005,-2067.6482,-427.9045,175.7133,-0.0118
5263.5026,-2068.5830,-427.5493,175.7013,-0.0121
5264.5048,-2069.5178,-427.1940,175.6890,-0.0124
5265.5069,-2070.4526,-426.8388,175.6764,-0.0127
5266.5090,-2071.3874,-426.4837,175.6635,-0.0130
5267.5111,-2072.3227,-426.1298,175.6503,-0.0133
5268.5132,-2073.2589,-425.7784,175.6369,-0.0135
5269.5153,-2074.1951,-425.4270,175.6232,-0.0137
5270.5175,-2075.1314,-425.0757,175.6094,-0.0139
5271.5196,-2076.0676,-424.7243,175.5954,-0.0140
5272.5217,-2077.0038,-424.3729,175.5813,-0.0141
5273.5239,-2077.9401,-424.0216,175.5670,-0.0142
5274.5259,-2078.8763,-423.6702,175.5527,-0.0143
5275.5281,-2079.8126,-423.3189,175.5384,-0.0143
5276.5302,-2080.7489,-422.9677,175.5240,-0.0143
5277.5323,-2081.6852,-422.6165,175.5097,-0.0143
5278.5345,-2082.6215,-422.2653,175.4954,-0.0142
5279.5365,-2083.5578,-421.9142,175.4811,-0.0142
5280.5387,-2084.4941,-421.5630,175.4670,-0.0140
5281.5408,-2085.4304,-421.2118,175.4530,-0.0139
5282.5430,-2086.3668,-420.8607,175.4391,-0.0138
5283.5451,-2087.3031,-420.5095,175.4254,-0.0136
5284.5471,-2088.2393,-420.1583,175.4118,-0.0134
5285.5493,-2089.1753,-419.8061,175.3985,-0.0132
5286.5514,-2090.1106,-419.4524,175.3853,-0.0130
5287.5536,-2091.0460,-419.0986,175.3723,-0.0129
5288.5557,-2091.9813,-418.7448,175.3595,-0.0127
5289.5577,-2092.9166,-418.3910,175.3470,-0.0125
5290.5598,-2093.8519,-418.0372,175.3346,-0.0123
5291.5620,-2094.7873,-417.6835,175.3224,-0.0121
5292.5641,-2095.7226,-417.3297,175.3103,-0.0119
5293.5662,-2096.6579,-416.9759,175.2985,-0.0117
5294.5683,-2097.5932,-416.6220,175.2869,-0.0115
5295.5705,-2098.5282,-416.2673,175.2754,-0.0113
5296.5726,-2099.4631,-415.9124,175.2642,-0.0111
5297.5747,-2100.3980,-415.5575,175.2531,-0.0109
5298.5767,-2101.3329,-415.2027,175.2422,-0.0107
5299.5789,-2102.2678,-414.8478,175.2316,-0.0105
5300.5810,-2103.2027,-414.4929,175.2212,-0.0103
5301.5832,-2104.1377,-414.1380,175.2110,-0.0101
5302.5853,-2105.0726,-413.7831,175.2009,-0.0099
5303.5874,-2106.0075,-413.4282,175.1911,-0.0097
5304.5895,-2106.9424,-413.0734,175.1814,-0.0096
5305.5916,-2107.8772,-412.7182,175.1718,-0.0095
5306.5937,-2108.8112,-412.3609,175.1624,-0.0094
5307.5958,-2109.7452,-412.0036,175.1529,-0.0094
5308.5979,-2110.6791,-411.6462,175.1435,-0.0095
5309.6000,-2111.6131,-411.2889,175.1339,-0.0096
5310.6021,-2112.5471,-410.9316,175.1242,-0.0098
5311.6042,-2113.4811,-410.5743,175.1144,-0.0100
5312.6064,-2114.4151,-410.2169,175.1043,-0.0102
5313.6084,-2115.3490,-409.8596,175.0939,-0.0105
5314.6106,-2116.2845,-409.5061,175.0832,-0.0108
5315.6127,-2117.2199,-409.1525,175.0722,-0.0112
5316.6148,-2118.1547,-408.7974,175.0608,-0.0115
5317.6169,-2119.0890,-408.4409,175.0492,-0.0118
5318.6190,-2120.0228,-408.0832,175.0373,-0.0120
5319.6211,-2120.9560,-407.7239,175.0251,-0.0122
5320.6233,-2121.8891,-407.3640,175.0128,-0.0123
5321.6253,-2122.8221,-407.0043,175.0004,-0.0124
5322.6274,-2123.7559,-406.6466,174.9880,-0.0124
5323.6295,-2124.6903,-406.2903,174.9756,-0.0123
5324.6317,-2125.6250,-405.9348,174.9634,-0.0121
5325.6337,-2126.5611,-405.5832,174.9514,-0.0119
5326.6359,-2127.4986,-405.2352,174.9396,-0.0115
5327.6380,-2128.4382,-404.8928,174.9282,-0.0112
5328.6401,-2129.3806,-404.5585,174.9172,-0.0108
5329.6423,-2130.3263,-404.2333,174.9066,-0.0104
5330.6445,-2131.2755,-403.9186,174.8965,-0.0099
5331.6466,-2132.2286,-403.6161,174.8868,-0.0095
5332.6488,-2133.1858,-403.3267,174.8775,-0.0090
5333.6510,-2134.1472,-403.0517,174.8687,-0.0086
5334.6533,-2135.1130,-402.7924,174.8602,-0.0082
5335.6555,-2136.0828,-402.5487,174.8522,-0.0079
5336.6578,-2137.0566,-402.3211,174.8444,-0.0076
5337.6600,-2138.0341,-402.1105,174.8370,-0.0073
5338.6623,-2139.0151,-401.9166,174.8297,-0.0071
5339.6646,-2139.9989,-401.7376,174.8227,-0.0070
5340.6669,-2140.9860,-401.5773,174.8158,-0.0069
5341.6692,-2141.9760,-401.4369,174.8089,-0.0068
5342.6715,-2142.9687,-401.3165,174.8022,-0.0067
5343.6739,-2143.9637,-401.2168,174.7955,-0.0067
5344.6762,-2144.9606,-401.1381,174.7888,-0.0067
5345.6786,-2145.9588,-401.0792,174.7821,-0.0066
5346.6809,-2146.9580,-401.0400,174.7754,-0.0066
5347.6833,-2147.9578,-401.0198,174.7688,-0.0066
5348.6856,-2148.9577,-401.0170,174.7622,-0.0066
5349.6880,-2149.9576,-401.0306,174.7557,-0.0065
5350.6904,-2150.9571,-401.0613,174.7492,-0.0064
5351.6927,-2151.9559,-401.1102,174.7428,-0.0063
5352.6951,-2152.9536,-401.1776,174.7365,-0.0062
5353.6975,-2153.9499,-401.2639,174.7303,-0.0061
5354.6998,-2154.9442,-401.3700,174.7242,-0.0060
5355.7021,-2155.9361,-401.4969,174.7182,-0.0059
5356.7044,-2156.9252,-401.6434,174.7124,-0.0058
5357.7067,-2157.9110,-401.8114,174.7067,-0.0056
5358.7090,-2158.8925,-402.0027,174.7011,-0.0055
5359.7112,-2159.8688,-402.2188,174.6956,-0.0054
5360.7134,-2160.8387,-402.4621,174.6902,-0.0053
5361.7155,-2161.8004,-402.7358,174.6850,-0.0052
5362.7177,-2162.7531,-403.0395,174.6798,-0.0051
5363.7197,-2163.6959,-403.3725,174.6748,-0.0050
5364.7217,-2164.6264,-403.7387,174.6698,-0.0049
5365.7236,-2165.5434,-404.1372,174.6649,-0.0049
5366.7255,-2166.4464,-404.5666,174.6601,-0.0048
5367.7274,-2167.3348,-405.0256,174.6553,-0.0047
5368.7291,-2168.2063,-405.5157,174.6506,-0.0047
5369.7308,-2169.0584,-406.0389,174.6460,-0.0046
5370.7324,-2169.8909,-406.5928,174.6414,-0.0046
5371.7340,-2170.7053,-407.1730,174.6369,-0.0045
5372.7355,-2171.5046,-407.7738,174.6324,-0.0045
5373.7370,-2172.2897,-408.3931,174.6279,-0.0045
5374.7385,-2173.0600,-409.0307,174.6233,-0.0045
5375.7398,-2173.8157,-409.6855,174.6188,-0.0045
5376.7413,-2174.5579,-410.3558,174.6142,-0.0046
5377.7426,-2175.2882,-411.0388,174.6096,-0.0047
5378.7438,-2176.0082,-411.7327,174.6049,-0.0048
5379.7452,-2176.7200,-412.4352,174.6001,-0.0049
5380.7464,-2177.4242,-413.1451,174.5951,-0.0050
5381.7477,-2178.1227,-413.8608,174.5900,-0.0051
5382.7489,-2178.8157,-414.5816,174.5848,-0.0053
5383.7501,-2179.5068,-415.3044,174.5794,-0.0054
5384.7513,-2180.1978,-416.0272,174.5739,-0.0056
5385.7526,-2180.8879,-416.7510,174.5682,-0.0057
5386.7538,-2181.5776,-417.4751,174.5624,-0.0059
5387.7550,-2182.2655,-418.2008,174.5565,-0.0060
5388.7562,-2182.9548,-418.9253,174.5505,-0.0061
5389.7576,-2183.6465,-419.6476,174.5444,-0.0061
5390.7587,-2184.3375,-420.3703,174.5383,-0.0061
5391.7600,-2185.0295,-421.0923,174.5321,-0.0062
5392.7612,-2185.7238,-421.8120,174.5259,-0.0061
5393.7624,-2186.4176,-422.5321,174.5198,-0.0061
5394.7637,-2187.1117,-423.2520,174.5138,-0.0060
5395.7649,-2187.8055,-423.9721,174.5078,-0.0059
5396.7662,-2188.5005,-424.6912,174.5020,-0.0058
5397.7674,-2189.1963,-425.4094,174.4963,-0.0057
5398.7268,-2189.3592,-426.3546,174.4908,-0.0056
5399.7269,-2189.3948,-427.3539,174.4854,-0.0053
5400.7271,-2189.4305,-428.3533,174.4803,-0.0051
5401.7261,-2189.5663,-429.3428,174.4753,-0.0048
5402.7263,-2189.7411,-430.3274,174.4706,-0.0046
5403.7266,-2189.9275,-431.3099,174.4661,-0.0044
5404.7268,-2190.1227,-432.2906,174.4618,-0.0041
5405.7271,-2190.3259,-433.2698,174.4578,-0.0039
5406.7272,-2190.5377,-434.2470,174.4540,-0.0037
5407.7268,-2190.8324,-435.2018,174.4504,-0.0034
5408.7272,-2191.1478,-436.1507,174.4472,-0.0032
5409.7276,-2191.4610,-437.1004,174.4441,-0.0029
5410.7279,-2191.7720,-438.0508,174.4413,-0.0027
5411.7284,-2192.0822,-439.0015,174.4388,-0.0024
5412.7287,-2192.3925,-439.9521,174.4365,-0.0022
5413.7291,-2192.7053,-440.9019,174.4344,-0.0020
5414.7295,-2193.0225,-441.8503,174.4325,-0.0018
5415.7300,-2193.3439,-442.7973,174.4308,-0.0016
5416.7303,-2193.6704,-443.7424,174.4293,-0.0014
5417.7307,-2194.0031,-444.6855,174.4279,-0.0013
5418.7312,-2194.3429,-445.6260,174.4267,-0.0011
5419.7316,-2194.6886,-446.5643,174.4257,-0.0010
5420.7320,-2195.0412,-447.5001,174.4247,-0.0010
5421.7325,-2195.4016,-448.4329,174.4237,-0.0009
5422.7329,-2195.7693,-449.3628,174.4228,-0.0009
5423.7334,-2196.1443,-450.2898,174.4219,-0.0009
5424.7339,-2196.5267,-451.2138,174.4210,-0.0010
5425.7344,-2196.9170,-452.1345,174.4200,-0.0011
5426.7349,-2197.3140,-453.0523,174.4189,-0.0012
5427.7354,-2197.7169,-453.9675,174.4176,-0.0013
5428.7359,-2198.1262,-454.8799,174.4162,-0.0016
5429.7365,-2198.5411,-455.7898,174.4145,-0.0018
5430.7371,-2198.9612,-456.6973,174.4125,-0.0021
5431.7377,-2199.3873,-457.6020,174.4103,-0.0025
5432.7383,-2199.8190,-458.5040,174.4076,-0.0029
5433.7389,-2200.2547,-459.4041,174.4045,-0.0033
5434.7394,-2200.6940,-460.3024,174.4010,-0.0038
5435.7401,-2201.1371,-461.1989,174.3969,-0.0043
5436.7406,-2201.5838,-462.0935,174.3923,-0.0049
5437.7413,-2202.0338,-462.9866,174.3871,-0.0055
5438.7419,-2202.4865,-463.8782,174.3812,-0.0062
5439.7426,-2202.9424,-464.7683,174.3747,-0.0068
5440.7432,-2203.4018,-465.6565,174.3676,-0.0075
5441.7438,-2203.8645,-466.5430,174.3598,-0.0081
5442.7445,-2204.3304,-467.4279,174.3514,-0.0087
5443.7451,-2204.7991,-468.3112,174.3424,-0.0093
5444.7458,-2205.2718,-469.1924,174.3327,-0.0099
5445.7465,-2205.7489,-470.0713,174.3225,-0.0104
5446.7472,-2206.2286,-470.9487,174.3118,-0.0109
5447.7479,-2206.7112,-471.8246,174.3006,-0.0114
5448.7486,-2207.1964,-472.6990,174.2891,-0.0117
5449.7492,-2207.6856,-473.5711,174.2771,-0.0121
5450.7499,-2208.1791,-474.4408,174.2649,-0.0123
5451.7507,-2208.6763,-475.3085,174.2525,-0.0125
5452.7514,-2209.1770,-476.1741,174.2399,-0.0126
5453.7522,-2209.6802,-477.0383,174.2273,-0.0127
5454.7529,-2210.1863,-477.9008,174.2146,-0.0127
5455.7537,-2210.6954,-478.7615,174.2019,-0.0127
5456.7544,-2211.2080,-479.6201,174.1892,-0.0126
5457.7552,-2211.7248,-480.4762,174.1767,-0.0125
5458.7559,-2212.2457,-481.3298,174.1643,-0.0123
5459.7567,-2212.7711,-482.1806,174.1520,-0.0121
5460.7575,-2213.3014,-483.0285,174.1400,-0.0119
5461.7583,-2213.8363,-483.8734,174.1282,-0.0116
5462.7592,-2214.3772,-484.7145,174.1167,-0.0114
5463.7600,-2214.9241,-485.5517,174.1054,-0.0111
5464.7608,-2215.4764,-486.3853,174.0945,-0.0108
5465.7617,-2216.0342,-487.2153,174.0839,-0.0105
5466.7626,-2216.5974,-488.0416,174.0736,-0.0101
5467.7634,-2217.1670,-488.8635,174.0636,-0.0098
5468.7644,-2217.7432,-489.6808,174.0540,-0.0094
5469.7653,-2218.3267,-490.4929,174.0448,-0.0090
5470.7662,-2218.9176,-491.2996,174.0360,-0.0086
5471.7672,-2219.5152,-492.1015,174.0276,-0.0082
5472.7681,-2220.1193,-492.8983,174.0196,-0.0078
5473.7692,-2220.7286,-493.6913,174.0120,-0.0074
5474.7702,-2221.3441,-494.4794,174.0048,-0.0069
5475.7712,-2221.9664,-495.2622,173.9981,-0.0065
5476.7723,-2222.5944,-496.0404,173.9918,-0.0061
5477.7733,-2223.2286,-496.8135,173.9859,-0.0057
5478.7745,-2223.8694,-497.5813,173.9805,-0.0053
5479.7756,-2224.5163,-498.3439,173.9754,-0.0049
5480.7766,-2225.1688,-499.1016,173.9707,-0.0045
5481.7778,-2225.8262,-499.8551,173.9664,-0.0041
5482.7790,-2226.4894,-500.6036,173.9624,-0.0038
5483.7801,-2227.1591,-501.3462,173.9588,-0.0035
5484.7813,-2227.8356,-502.0826,173.9554,-0.0032
5485.7825,-2228.5181,-502.8135,173.9523,-0.0030
5486.7838,-2229.2060,-503.5394,173.9495,-0.0027
5487.7850,-2229.9003,-504.2590,173.9469,-0.0025
5488.7863,-2230.6014,-504.9721,173.9444,-0.0024
5489.7875,-2231.3089,-505.6787,173.9421,-0.0022
5490.7888,-2232.0222,-506.3796,173.9400,-0.0021
5491.7901,-2232.7418,-507.0739,173.9380,-0.0019
5492.7915,-2233.4683,-507.7611,173.9361,-0.0018
5493.7929,-2234.2006,-508.4421,173.9343,-0.0018
5494.7943,-2234.9387,-509.1168,173.9326,-0.0017
5495.7957,-2235.6826,-509.7851,173.9309,-0.0016
5496.7970,-2236.4328,-510.4462,173.9294,-0.0015
5497.7985,-2237.1895,-511.1000,173.9279,-0.0014
5498.8000,-2237.9536,-511.7451,173.9265,-0.0014
5499.8015,-2238.7248,-512.3817,173.9252,-0.0013
5500.8030,-2239.5033,-513.0093,173.9240,-0.0011
5501.8046,-2240.2880,-513.6292,173.9229,-0.0010
5502.8061,-2241.0788,-514.2412,173.9220,-0.0008
5503.8077,-2241.8753,-514.8459,173.9213,-0.0006
5504.8094,-2242.6769,-515.4438,173.9208,-0.0003
5505.8109,-2243.4838,-516.0343,173.9206,-0.0001
5506.8126,-2244.2957,-516.6182,173.9207,0.0003
5507.8142,-2245.1118,-517.1960,173.9212,0.0007
5508.8159,-2245.9323,-517.7677,173.9221,0.0011
5509.8177,-2246.7570,-518.3333,173.9234,0.0016
5510.8193,-2247.5846,-518.8946,173.9253,0.0022
5511.8211,-2248.4153,-519.4514,173.9278,0.0028
5512.8228,-2249.2489,-520.0037,173.9310,0.0035
5513.8245,-2250.0844,-520.5531,173.9349,0.0042
5514.8263,-2250.9212,-521.1007,173.9395,0.0062
5515.5640,-2251.1522,-520.4004,173.9450,0.0069
5516.5641,-2251.2395,-519.4043,173.9513,0.0067
5517.5643,-2251.3267,-518.4081,173.9584,0.0076
5518.5645,-2251.4140,-517.4119,173.9664,0.0085
5519.5647,-2251.5013,-516.4157,173.9753,0.0093
5520.5649,-2251.5885,-515.4195,173.9851,0.0102
5521.5651,-2251.6758,-514.4233,173.9957,0.0110
5522.5653,-2251.7630,-513.4271,174.0070,0.0117
5523.5654,-2251.8503,-512.4310,174.0191,0.0124
5524.5656,-2251.9376,-511.4348,174.0318,0.0130
5525.5658,-2252.0248,-510.4386,174.0451,0.0135
5526.5660,-2252.1121,-509.4424,174.0588,0.0139
5527.5662,-2252.1993,-508.4462,174.0729,0.0142
5528.5664,-2252.2866,-507.4500,174.0873,0.0144
5529.5666,-2252.3739,-506.4538,174.1018,0.0145
5530.5667,-2252.4611,-505.4577,174.1163,0.0145
5531.5669,-2252.5484,-504.4615,174.1308,0.0144
5532.5671,-2252.6356,-503.4653,174.1452,0.0142
5533.5673,-2252.7229,-502.4691,174.1593,0.0139
5534.5675,-2252.8102,-501.4729,174.1731,0.0136
5535.5677,-2252.8974,-500.4767,174.1864,0.0131
5536.5679,-2252.9847,-499.4805,174.1993,0.0126
5537.5680,-2253.0719,-498.4844,174.2117,0.0121
5538.5682,-2253.1592,-497.4882,174.2235,0.0118
5539.5160,-2253.1051,-496.5421,174.2347,0.0112
5540.5172,-2252.4093,-495.8239,174.2452,0.0102
5541.5185,-2251.7119,-495.1072,174.2552,0.0096
5542.5198,-2251.0149,-494.3901,174.2645,0.0090
5543.5210,-2250.3168,-493.6741,174.2732,0.0084
5544.5223,-2249.6192,-492.9576,174.2814,0.0079
5545.5235,-2248.9250,-492.2379,174.2890,0.0073
5546.5247,-2248.2331,-491.5159,174.2960,0.0068
5547.5260,-2247.5393,-490.7957,174.3027,0.0064
5548.5273,-2246.8475,-490.0736,174.3089,0.0060
5549.5285,-2246.1562,-489.3510,174.3147,0.0056
5550.5297,-2245.4643,-488.6291,174.3202,0.0053
5551.5310,-2244.7725,-487.9070,174.3253,0.0050
5552.5322,-2244.0805,-487.1851,174.3302,0.0048
5553.5335,-2243.3863,-486.4652,174.3349,0.0046
5554.5347,-2242.6895,-485.7481,174.3394,0.0044
5555.5360,-2241.9924,-485.0310,174.3436,0.0042
5556.5372,-2241.2966,-484.3128,174.3477,0.0040
5557.5385,-2240.6007,-483.5947,174.3517,0.0038
5558.5397,-2239.9059,-482.8755,174.3554,0.0037
5559.5410,-2239.2100,-482.1573,174.3591,0.0035
5560.5423,-2238.5128,-481.4404,174.3626,0.0034
5561.5435,-2237.8166,-480.7226,174.3659,0.0033
5562.5448,-2237.1228,-480.0024,174.3691,0.0031
5563.5460,-2236.4286,-479.2827,174.3721,0.0030
5564.5473,-2235.7331,-478.5641,174.3751,0.0028
5565.5486,-2235.0362,-477.8469,174.3778,0.0027
5566.5498,-2234.3401,-477.1290,174.3805,0.0026
5567.5510,-2233.6468,-476.4084,174.3830,0.0024
5568.5523,-2232.9534,-475.6878,174.3853,0.0023
5569.5535,-2232.2580,-474.9692,174.3876,0.0022
5570.5548,-2231.5633,-474.2499,174.3897,0.0021
5571.5560,-2230.8696,-473.5297,174.3917,0.0020
5572.5573,-2230.1774,-472.8079,174.3936,0.0018
5573.5585,-2229.4872,-472.0843,174.3954,0.0017
5574.5597,-2228.7992,-471.3586,174.3971,0.0016
5575.5609,-2228.1104,-470.6337,174.3987,0.0015
5576.5622,-2227.4183,-469.9118,174.4002,0.0014
5577.5635,-2226.7241,-469.1920,174.4016,0.0014
5578.5647,-2226.0297,-468.4725,174.4029,0.0013
5579.5659,-2225.3367,-467.7515,174.4041,0.0012
5580.5672,-2224.6439,-467.0304,174.4053,0.0011
5581.5684,-2223.9510,-466.3094,174.4063,0.0010
5582.5696,-2223.2570,-465.5894,174.4073,0.0009
5583.5708,-2222.5634,-464.8691,174.4082,0.0009
5584.5721,-2221.8702,-464.1483,174.4091,0.0008
5585.5734,-2221.1724,-463.4320,174.4099,0.0007
5586.5747,-2220.4749,-462.7154,174.4106,0.0007
5587.5759,-2219.7793,-461.9970,174.4112,0.0006
5588.5771,-2219.0848,-461.2775,174.4119,0.0006
5589.5784,-2218.3899,-460.5584,174.4124,0.0006
5590.5796,-2217.6939,-459.8404,174.4130,0.0005
5591.5809,-2216.9988,-459.1214,174.4135,0.0005
5592.5821,-2216.3017,-458.4045,174.4139,0.0005
5593.5834,-2215.6042,-457.6879,174.4144,0.0004
5594.5846,-2214.9050,-456.9730,174.4148,0.0004
5595.5859,-2214.2070,-456.2569,174.4152,0.0004
5596.5872,-2213.5107,-455.5391,174.4157,0.0004
5597.5884,-2212.8174,-454.8185,174.4161,0.0004
5598.5897,-2212.1207,-454.1011,174.4165,0.0004
5599.5909,-2211.4233,-453.3844,174.4169,0.0004
5600.5922,-2210.7277,-452.6660,174.4173,0.0004
5601.5934,-2210.0304,-451.9493,174.4177,0.0004
5602.5946,-2209.3324,-451.2332,174.4182,0.0005
5603.5960,-2208.6345,-450.5169,174.4186,0.0005
5604.5972,-2207.9373,-449.8000,174.4191,0.0005
5605.5984,-2207.2426,-449.0808,174.4197,0.0006
5606.5997,-2206.5476,-448.3617,174.4203,0.0006
5607.6009,-2205.8557,-447.6398,174.4209,0.0007
5608.6022,-2205.1635,-446.9180,174.4216,0.0007
5609.6033,-2204.4707,-446.1970,174.4224,0.0008
5610.6046,-2203.7790,-445.4748,174.4233,0.0009
5611.6058,-2203.0872,-444.7527,174.4242,0.0010
5612.6071,-2202.3942,-444.0317,174.4253,0.0011
5613.6084,-2201.7029,-443.3091,174.4265,0.0013
5614.6096,-2201.0114,-442.5867,174.4278,0.0014
5615.6108,-2200.3181,-441.8662,174.4293,0.0015
5616.6121,-2199.6221,-441.1481,174.4309,0.0017
5617.6133,-2198.9233,-440.4328,174.4327,0.0018
5618.6146,-2198.2247,-439.7172,174.4346,0.0020
5619.6158,-2197.5268,-439.0011,174.4367,0.0022
5620.6171,-2196.8284,-438.2854,174.4390,0.0024
5621.6183,-2196.1298,-437.5699,174.4415,0.0025
5622.6196,-2195.4320,-436.8536,174.4441,0.0027
5623.6209,-2194.7363,-436.1352,174.4469,0.0029
5624.6221,-2194.0399,-435.4175,174.4500,0.0031
5625.6233,-2193.3422,-434.7012,174.4532,0.0033
5626.6246,-2192.6448,-433.9845,174.4566,0.0035
5627.6258,-2191.9458,-433.2694,174.4603,0.0037
5628.6271,-2191.2458,-432.5553,174.4641,0.0040
5629.6284,-2190.5452,-431.8417,174.4682,0.0042
5630.6297,-2189.8442,-431.1285,174.4725,0.0044
5631.6309,-2189.1460,-430.4126,174.4770,0.0046
5632.6322,-2188.4497,-429.6948,174.4817,0.0048
5633.6334,-2187.7546,-428.9759,174.4867,0.0051
5634.6346,-2187.0605,-428.2561,174.4918,0.0053
5635.6358,-2186.3678,-427.5349,174.4972,0.0055
5636.6371,-2185.6759,-426.8129,174.5028,0.0056
5637.6383,-2184.9839,-426.0910,174.5085,0.0058
5638.6395,-2184.2936,-425.3675,174.5144,0.0059
5639.6409,-2183.6066,-424.6407,174.5204,0.0060
5640.6420,-2182.9218,-423.9121,174.5265,0.0061
5641.6432,-2182.2381,-423.1823,174.5326,0.0061
5642.6444,-2181.5574,-422.4497,174.5387,0.0061
5643.6457,-2180.8796,-421.7144,174.5449,0.0061
5644.6468,-2180.2043,-420.9769,174.5509,0.0060
5645.6480,-2179.5322,-420.2364,174.5569,0.0059
5646.6491,-2178.8608,-419.4954,174.5628,0.0058
5647.6503,-2178.1887,-418.7549,174.5686,0.0057
5648.6515,-2177.5132,-418.0175,174.5742,0.0056
5649.6527,-2176.8320,-417.2855,174.5797,0.0054
5650.6539,-2176.1431,-416.5607,174.5851,0.0053
5651.6551,-2175.4457,-415.8440,174.5903,0.0052
5652.6564,-2174.7384,-415.1371,174.5955,0.0051
5653.6577,-2174.0170,-414.4446,174.6005,0.0050
5654.6590,-2173.2792,-413.7697,174.6055,0.0050
5655.6604,-2172.5239,-413.1144,174.6105,0.0050
5656.6619,-2171.7494,-412.4819,174.6155,0.0050
5657.6633,-2170.9564,-411.8728,174.6205,0.0050
5658.6648,-2170.1454,-411.2880,174.6255,0.0050
5659.6665,-2169.3155,-410.7301,174.6305,0.0051
5660.6681,-2168.4670,-410.2012,174.6356,0.0051
5661.6700,-2167.6008,-409.7015,174.6408,0.0052
5662.6717,-2166.7191,-409.2300,174.6460,0.0052
5663.6736,-2165.8232,-408.7859,174.6513,0.0053
5664.6755,-2164.9144,-408.3689,174.6566,0.0053
5665.6775,-2163.9936,-407.9790,174.6619,0.0053
5666.6796,-2163.0619,-407.6158,174.6672,0.0053
5667.6817,-2162.1203,-407.2793,174.6725,0.0053
5668.6838,-2161.1700,-406.9681,174.6779,0.0053
5669.6860,-2160.2128,-406.6788,174.6832,0.0053
5670.6882,-2159.2498,-406.4095,174.6885,0.0053
5671.6905,-2158.2814,-406.1599,174.6939,0.0054
5672.6927,-2157.3085,-405.9288,174.6992,0.0054
5673.6949,-2156.3314,-405.7163,174.7047,0.0055
5674.6972,-2155.3499,-405.5250,174.7102,0.0056
5675.6995,-2154.3644,-405.3557,174.7158,0.0057
5676.7018,-2153.3753,-405.2089,174.7216,0.0059
5677.7041,-2152.3831,-405.0842,174.7276,0.0060
5678.7064,-2151.3885,-404.9809,174.7337,0.0063
5679.7088,-2150.3919,-404.8989,174.7401,0.0065
5680.7112,-2149.3939,-404.8355,174.7467,0.0068
5681.7135,-2148.3949,-404.7931,174.7537,0.0070
5682.7158,-2147.3951,-404.7738,174.7608,0.0073
5683.7182,-2146.3951,-404.7777,174.7683,0.0076
5684.7206,-2145.3955,-404.8038,174.7760,0.0078
5685.7229,-2144.3966,-404.8501,174.7840,0.0081
5686.7253,-2143.3990,-404.9189,174.7922,0.0083
5687.7275,-2142.4035,-405.0123,174.8006,0.0085
5688.7299,-2141.4107,-405.1322,174.8092,0.0086
5689.7322,-2140.4216,-405.2791,174.8179,0.0088
5690.7345,-2139.4361,-405.4487,174.8267,0.0089
5691.7368,-2138.4544,-405.6390,174.8357,0.0090
5692.7390,-2137.4771,-405.8505,174.8447,0.0090
5693.7412,-2136.5046,-406.0830,174.8538,0.0091
5694.7435,-2135.5373,-406.3368,174.8629,0.0091
5695.7457,-2134.5750,-406.6087,174.8721,0.0091
5696.7479,-2133.6175,-406.8971,174.8812,0.0092
5697.7500,-2132.6644,-407.1995,174.8904,0.0092
5698.7522,-2131.7148,-407.5131,174.8996,0.0092
5699.7544,-2130.7686,-407.8367,174.9089,0.0092
5700.7565,-2129.8258,-408.1700,174.9182,0.0093
5701.7586,-2128.8858,-408.5110,174.9275,0.0093
5702.7607,-2127.9474,-408.8565,174.9368,0.0094
5703.7628,-2127.0104,-409.2059,174.9462,0.0094
5704.7649,-2126.0739,-409.5566,174.9557,0.0095
5705.7671,-2125.1379,-409.9086,174.9652,0.0095
5706.7692,-2124.2023,-410.2617,174.9747,0.0095
5707.7713,-2123.2676,-410.6171,174.9843,0.0096
5708.7734,-2122.3329,-410.9725,174.9939,0.0096
5709.7755,-2121.3981,-411.3278,175.0036,0.0097
5710.7776,-2120.4633,-411.6828,175.0133,0.0097
5711.7798,-2119.5284,-412.0379,175.0230,0.0097
5712.7819,-2118.5935,-412.3929,175.0327,0.0097
5713.7840,-2117.6587,-412.7479,175.0425,0.0097
5714.7861,-2116.7238,-413.1029,175.0522,0.0097
5715.7883,-2115.7889,-413.4579,175.0620,0.0097
5716.7903,-2114.8541,-413.8129,175.0717,0.0097
5717.7925,-2113.9192,-414.1679,175.0815,0.0097
5718.7946,-2112.9843,-414.5228,175.0913,0.0098
5719.7967,-2112.0494,-414.8777,175.1011,0.0098
5720.7988,-2111.1146,-415.2328,175.1109,0.0098
5721.8009,-2110.1797,-415.5878,175.1208,0.0099
5722.8030,-2109.2449,-415.9429,175.1307,0.0099
5723.8051,-2108.3101,-416.2981,175.1407,0.0100
5724.8072,-2107.3753,-416.6532,175.1507,0.0101
5725.8094,-2106.4405,-417.0085,175.1609,0.0102
5726.8114,-2105.5059,-417.3641,175.1712,0.0103
5727.8136,-2104.5712,-417.7197,175.1816,0.0105
5728.8157,-2103.6367,-418.0756,175.1922,0.0107
5729.8178,-2102.7023,-418.4318,175.2030,0.0109
5730.8199,-2101.7679,-418.7879,175.2140,0.0111
5731.8220,-2100.8333,-419.1437,175.2252,0.0113
5732.8242,-2099.8987,-419.4995,175.2366,0.0115
5733.8263,-2098.9643,-419.8558,175.2482,0.0118
5734.8283,-2098.0300,-420.2121,175.2602,0.0120
5735.8305,-2097.0956,-420.5684,175.2723,0.0123
5736.8326,-2096.1611,-420.9244,175.2848,0.0125
5737.8347,-2095.2266,-421.2803,175.2975,0.0128
5738.8368,-2094.2921,-421.6362,175.3104,0.0131
5739.8389,-2093.3576,-421.9921,175.3237,0.0134
5740.8410,-2092.4228,-422.3473,175.3372,0.0136
5741.8432,-2091.4877,-422.7019,175.3510,0.0139
5742.8453,-2090.5527,-423.0564,175.3650,0.0141
5743.8474,-2089.6176,-423.4108,175.3793,0.0144
5744.8495,-2088.6820,-423.7639,175.3938,0.0146
5745.8516,-2087.7464,-424.1170,175.4085,0.0148
5746.8537,-2086.8108,-424.4700,175.4235,0.0150
5747.8558,-2085.8747,-424.8216,175.4386,0.0152
5748.8580,-2084.9385,-425.1732,175.4539,0.0153
5749.8601,-2084.0023,-425.5247,175.4693,0.0154
5750.8622,-2083.0661,-425.8762,175.4847,0.0155
5751.8644,-2082.1298,-426.2274,175.5002,0.0155
5752.8664,-2081.1934,-426.5782,175.5158,0.0155
5753.8686,-2080.2569,-426.9290,175.5313,0.0154
5754.8707,-2079.3205,-427.2797,175.5467,0.0153
5755.8728,-2078.3840,-427.6305,175.5619,0.0151
5756.8750,-2077.4475,-427.9813,175.5770,0.0149
5757.8771,-2076.5114,-428.3330,175.5919,0.0147
5758.8792,-2075.5753,-428.6848,175.6065,0.0144
5759.8814,-2074.6392,-429.0365,175.6207,0.0141
5760.8834,-2073.7034,-429.3889,175.6346,0.0137
5761.8856,-2072.7678,-429.7420,175.6481,0.0133
5762.8877,-2071.8322,-430.0951,175.6612,0.0128
5763.8898,-2070.8971,-430.4494,175.6739,0.0124
5764.8920,-2069.9619,-430.8037,175.6860,0.0119
5765.8941,-2069.0270,-431.1586,175.6977,0.0114
5766.8961,-2068.0924,-431.5140,175.7089,0.0109
5767.8982,-2067.1577,-431.8695,175.7196,0.0104
5768.9004,-2066.2231,-432.2254,175.7298,0.0100
5769.9026,-2065.2887,-432.5817,175.7396,0.0095
5770.9046,-2064.3545,-432.9382,175.7489,0.0091
5771.9067,-2063.4202,-433.2948,175.7578,0.0086
5772.9088,-2062.4860,-433.6514,175.7662,0.0082
5773.9109,-2061.5517,-434.0080,175.7743,0.0079
5774.9130,-2060.6175,-434.3647,175.7820,0.0075
5775.9152,-2059.6832,-434.7212,175.7893,0.0072
5776.9173,-2058.7488,-435.0775,175.7964,0.0069
5777.9194,-2057.8144,-435.4338,175.8032,0.0066
5778.9215,-2056.8801,-435.7901,175.8097,0.0064
5779.9236,-2055.9455,-436.1458,175.8159,0.0061
5780.9257,-2055.0109,-436.5015,175.8220,0.0059
5781.9278,-2054.0763,-436.8572,175.8278,0.0057
5782.9299,-2053.1416,-437.2126,175.8335,0.0056
5783.9322,-2052.2067,-437.5678,175.8390,0.0054
5784.9342,-2051.2719,-437.9227,175.8444,0.0053
5785.9364,-2050.3369,-438.2775,175.8496,0.0052
5786.9385,-2049.4019,-438.6322,175.8548,0.0051
5787.9406,-2048.4670,-438.9870,175.8598,0.0050
5788.9427,-2047.5320,-439.3417,175.8648,0.0049
5789.9448,-2046.5971,-439.6965,175.8697,0.0049
5790.9469,-2045.6619,-440.0507,175.8746,0.0048
5791.9490,-2044.7268,-440.4050,175.8794,0.0048
5792.9512,-2043.7916,-440.7593,175.8842,0.0048
5793.9532,-2042.8563,-441.1129,175.8890,0.0048
5794.9554,-2041.9209,-441.4666,175.8938,0.0048
5795.9576,-2040.9855,-441.8203,175.8985,0.0048
5796.9597,-2040.0500,-442.1736,175.9033,0.0048
5797.9618,-2039.1145,-442.5269,175.9082,0.0048
5798.9639,-2038.1790,-442.8802,175.9130,0.0048
5799.9660,-2037.2435,-443.2336,175.9179,0.0049
5800.9682,-2036.3080,-443.5870,175.9227,0.0049
5801.9702,-2035.3726,-443.9404,175.9276,0.0049
5802.9724,-2034.4372,-444.2941,175.9326,0.0049
5803.9745,-2033.5020,-444.6481,175.9375,0.0050
5804.9767,-2032.5667,-445.0021,175.9425,0.0050
5805.9787,-2031.6315,-445.3561,175.9475,0.0050
5806.9809,-2030.6962,-445.7101,175.9525,0.0050
5807.9830,-2029.7613,-446.0648,175.9575,0.0050
5808.9851,-2028.8263,-446.4195,175.9626,0.0051
5809.9873,-2027.8913,-446.7743,175.9677,0.0051
5810.9893,-2026.9565,-447.1293,175.9728,0.0051
5811.9915,-2026.0216,-447.4844,175.9779,0.0051
5812.9936,-2025.0868,-447.8395,175.9830,0.0051
5813.9958,-2024.1519,-448.1945,175.9882,0.0051
5814.9978,-2023.2171,-448.5495,175.9933,0.0051
5816.0000,-2022.2821,-448.9042,175.9985,0.0052
5817.0020,-2021.3471,-449.2587,176.0036,0.0052
5818.0042,-2020.4120,-449.6132,176.0088,0.0052
5819.0063,-2019.4769,-449.9677,176.0140,0.0052
5820.0084,-2018.5417,-450.3216,176.0192,0.0052
5821.0105,-2017.6062,-450.6750,176.0244,0.0052
5822.0127,-2016.6707,-451.0283,176.0296,0.0052
5823.0148,-2015.7351,-451.3815,176.0347,0.0052
5824.0169,-2014.7996,-451.7348,176.0399,0.0052
5825.0190,-2013.8641,-452.0880,176.0451,0.0052
5826.0212,-2012.9285,-452.4413,176.0502,0.0051
5827.0233,-2011.9930,-452.7944,176.0554,0.0051
5828.0254,-2011.0572,-453.1470,176.0605,0.0051
5829.0275,-2010.1214,-453.4995,176.0657,0.0051
5830.0296,-2009.1856,-453.8520,176.0709,0.0052
5831.0318,-2008.2498,-454.2045,176.0760,0.0052
5832.0339,-2007.3140,-454.5572,176.0812,0.0052
5833.0360,-2006.3783,-454.9098,176.0864,0.0052
5834.0382,-2005.4425,-455.2625,176.0916,0.0052
5835.0403,-2004.5068,-455.6152,176.0969,0.0052
5836.0425,-2003.5710,-455.9679,176.1021,0.0053
5837.0446,-2002.6353,-456.3207,176.1074,0.0053
5838.0467,-2001.6996,-456.6735,176.1128,0.0053
5839.0488,-2000.7639,-457.0262,176.1181,0.0054
5840.0509,-1999.8282,-457.3789,176.1236,0.0054
5841.0531,-1998.8924,-457.7316,176.1290,0.0054
5842.0552,-1997.9567,-458.0843,176.1344,0.0055
5843.0573,-1997.0209,-458.4369,176.1399,0.0055
5844.0594,-1996.0852,-458.7895,176.1454,0.0055
5845.0616,-1995.1492,-459.1418,176.1510,0.0055
5846.0637,-1994.2123,-459.4912,176.1565,0.0055
5847.0658,-1993.2745,-459.8384,176.1620,0.0055
5848.0680,-1992.3367,-460.1856,176.1675,0.0055
5849.0701,-1991.3989,-460.5328,176.1731,0.0055
5850.0722,-1990.4611,-460.8800,176.1786,0.0055
5851.0744,-1989.5236,-461.2279,176.1841,0.0055
5852.0765,-1988.5869,-461.5782,176.1895,0.0055
5853.0786,-1987.6503,-461.9285,176.1950,0.0054
5854.0807,-1986.7137,-462.2788,176.2004,0.0054
5855.0829,-1985.7770,-462.6290,176.2059,0.0054
5856.0850,-1984.8404,-462.9793,176.2113,0.0054
5857.0872,-1983.9037,-463.3296,176.2166,0.0054
5858.0893,-1982.9671,-463.6799,176.2220,0.0053
5859.0914,-1982.0305,-464.0302,176.2273,0.0053
5860.0936,-1981.0942,-464.3816,176.2326,0.0053
5861.0957,-1980.1592,-464.7362,176.2380,0.0053
5862.0978,-1979.2242,-465.0908,176.2433,0.0053
5863.0999,-1978.2892,-465.4455,176.2486,0.0053
5864.1020,-1977.3542,-465.8001,176.2539,0.0053
5865.1041,-1976.4192,-466.1547,176.2592,0.0053
5866.1063,-1975.4842,-466.5094,176.2644,0.0053
5867.1084,-1974.5492,-466.8640,176.2697,0.0053
5868.1105,-1973.6142,-467.2186,176.2750,0.0053
5869.1127,-1972.6791,-467.5731,176.2803,0.0053
5870.1148,-1971.7438,-467.9269,176.2856,0.0053
5871.1169,-1970.8083,-468.2802,176.2909,0.0053
5872.1190,-1969.8728,-468.6336,176.2961,0.0053
5873.1211,-1968.9373,-468.9869,176.3014,0.0053
5874.1233,-1968.0018,-469.3402,176.3067,0.0053
5875.1254,-1967.0663,-469.6936,176.3120,0.0053
5876.1275,-1966.1308,-470.0469,176.3173,0.0053
5877.1297,-1965.1953,-470.4002,176.3225,0.0053
5878.1318,-1964.2598,-470.7536,176.3278,0.0053
5879.1339,-1963.3243,-471.1069,176.3331,0.0053
5880.1361,-1962.3888,-471.4603,176.3384,0.0053
5881.1381,-1961.4534,-471.8137,176.3437,0.0053
5882.1403,-1960.5179,-472.1672,176.3489,0.0053
5883.1425,-1959.5824,-472.5206,176.3542,0.0053
5884.1445,-1958.6470,-472.8740,176.3595,0.0052
5885.1467,-1957.7115,-473.2274,176.3647,0.0052
5886.1488,-1956.7760,-473.5808,176.3700,0.0052
5887.1509,-1955.8406,-473.9342,176.3752,0.0052
5888.1530,-1954.9052,-474.2878,176.3804,0.0052
5889.1552,-1953.9700,-474.6421,176.3856,0.0052
5890.1573,-1953.0351,-474.9969,176.3907,0.0051
5891.1595,-1952.1001,-475.3516,176.3958,0.0051
5892.1615,-1951.1652,-475.7064,176.4009,0.0050
5893.1637,-1950.2302,-476.0611,176.4059,0.0050
5894.1659,-1949.2952,-476.4159,176.4109,0.0050
5895.1679,-1948.3603,-476.7706,176.4159,0.0049
5896.1701,-1947.4253,-477.1254,176.4207,0.0049
5897.1722,-1946.4904,-477.4802,176.4256,0.0048
5898.1743,-1945.5555,-477.8351,176.4304,0.0047
5899.1765,-1944.6208,-478.1906,176.4351,0.0047
5900.1786,-1943.6861,-478.5461,176.4398,0.0047
5901.1807,-1942.7515,-478.9016,176.4444,0.0046
5902.1828,-1941.8168,-479.2571,176.4490,0.0046
5903.1850,-1940.8821,-479.6126,176.4536,0.0046
5904.1871,-1939.9474,-479.9681,176.4582,0.0045
5905.1892,-1939.0127,-480.3236,176.4627,0.0045
5906.1913,-1938.0781,-480.6791,176.4672,0.0045
5907.1934,-1937.1433,-481.0343,176.4718,0.0045
5908.1956,-1936.2082,-481.3888,176.4763,0.0045
5909.1977,-1935.2730,-481.7429,176.4809,0.0046
5910.1998,-1934.3378,-482.0969,176.4855,0.0046
5911.2020,-1933.4025,-482.4509,176.4901,0.0046
5912.2041,-1932.4673,-482.8050,176.4947,0.0047
5913.2062,-1931.5321,-483.1590,176.4994,0.0047
5914.2084,-1930.5968,-483.5130,176.5042,0.0047
5915.2105,-1929.6616,-483.8671,176.5089,0.0048
5916.2126,-1928.7263,-484.2210,176.5137,0.0048
5917.2148,-1927.7910,-484.5748,176.5185,0.0048
5918.2169,-1926.8556,-484.9283,176.5233,0.0048
5919.2190,-1925.9202,-485.2819,176.5282,0.0048
5920.2211,-1924.9848,-485.6355,176.5330,0.0048
5921.2233,-1924.0494,-485.9891,176.5378,0.0048
5922.2254,-1923.1140,-486.3427,176.5425,0.0047
5923.2275,-1922.1786,-486.6963,176.5473,0.0047
5924.2296,-1921.2432,-487.0498,176.5519,0.0046
5925.2318,-1920.3078,-487.4034,176.5565,0.0045
5926.2339,-1919.3723,-487.7569,176.5610,0.0044
5927.2361,-1918.4368,-488.1102,176.5654,0.0043
5928.2382,-1917.5013,-488.4636,176.5697,0.0042
5929.2403,-1916.5658,-488.8169,176.5739,0.0041
5930.2425,-1915.6303,-489.1702,176.5780,0.0040
5931.2446,-1914.6948,-489.5235,176.5819,0.0039
5932.2467,-1913.7593,-489.8768,176.5857,0.0037
5933.2489,-1912.8238,-490.2302,176.5894,0.0036
5934.2510,-1911.8883,-490.5835,176.5930,0.0035
5935.2531,-1910.9528,-490.9368,176.5964,0.0033
5936.2553,-1910.0173,-491.2902,176.5997,0.0032
5937.2574,-1909.0818,-491.6435,176.6028,0.0031
5938.2594,-1908.1464,-491.9969,176.6059,0.0030
5939.2616,-1907.2109,-492.3503,176.6088,0.0028
5940.2638,-1906.2754,-492.7037,176.6116,0.0027
5941.2659,-1905.3399,-493.0571,176.6142,0.0026
5942.2680,-1904.4044,-493.4104,176.6168,0.0025
5943.2701,-1903.4690,-493.7638,176.6193,0.0024
5944.2723,-1902.5335,-494.1172,176.6216,0.0023
5945.2744,-1901.5981,-494.4708,176.6239,0.0022
5946.2765,-1900.6628,-494.8246,176.6261,0.0022
5947.2786,-1899.7274,-495.1782,176.6282,0.0021
5948.2808,-1898.7918,-495.5312,176.6303,0.0020
5949.2829,-1897.8562,-495.8843,176.6322,0.0020
5950.2851,-1896.9206,-496.2374,176.6342,0.0019
5951.2872,-1895.9850,-496.5904,176.6361,0.0019
5952.2893,-1895.0494,-496.9435,176.6379,0.0018
5953.2915,-1894.1138,-497.2966,176.6398,0.0018
5954.2936,-1893.1781,-497.6495,176.6416,0.0018
5955.2958,-1892.2424,-498.0023,176.6434,0.0018
5956.2979,-1891.3066,-498.3548,176.6452,0.0018
5957.3000,-1890.3708,-498.7074,176.6469,0.0018
5958.3021,-1889.4351,-499.0600,176.6487,0.0018
5959.3043,-1888.4993,-499.4126,176.6505,0.0018
5960.3064,-1887.5635,-499.7652,176.6523,0.0018
5961.3086,-1886.6277,-500.1178,176.6541,0.0018
5962.3106,-1885.6920,-500.4704,176.6559,0.0018
5963.3128,-1884.7562,-500.8230,176.6577,0.0018
5964.3150,-1883.8205,-501.1759,176.6596,0.0018
5965.3171,-1882.8850,-501.5292,176.6614,0.0018
5966.3192,-1881.9495,-501.8825,176.6633,0.0018
5967.3213,-1881.0140,-502.2358,176.6651,0.0018
5968.3235,-1880.0785,-502.5891,176.6670,0.0018
5969.3256,-1879.1430,-502.9424,176.6688,0.0018
5970.3277,-1878.2075,-503.2957,176.6706,0.0018
5971.3299,-1877.2720,-503.6491,176.6724,0.0018
5972.3320,-1876.3365,-504.0024,176.6742,0.0017
5973.3341,-1875.4010,-504.3557,176.6759,0.0017
5974.3363,-1874.4654,-504.7088,176.6776,0.0017
5975.3385,-1873.5298,-505.0620,176.6792,0.0016
5976.3405,-1872.5943,-505.4151,176.6808,0.0016
5977.3427,-1871.6587,-505.7682,176.6823,0.0015
5978.3448,-1870.7231,-506.1214,176.6838,0.0014
5979.3470,-1869.7875,-506.4745,176.6852,0.0014
5980.3490,-1868.8520,-506.8276,176.6866,0.0013
5981.3512,-1867.9164,-507.1807,176.6878,0.0012
5982.3534,-1866.9809,-507.5342,176.6890,0.0012
5983.3554,-1866.0468,-507.8910,176.6902,0.0011
5984.3576,-1865.1143,-508.2523,176.6913,0.0010
5985.3597,-1864.1819,-508.6136,176.6923,0.0010
5986.3619,-1863.2494,-508.9750,176.6932,0.0009
5987.3639,-1862.3172,-509.3367,176.6940,0.0008
5988.3661,-1861.3850,-509.6989,176.6948,0.0008
5989.3682,-1860.4529,-510.0610,176.6956,0.0007
5990.3703,-1859.5208,-510.4232,176.6962,0.0006
5991.3724,-1858.5881,-510.7837,176.6968,0.0006
5992.3745,-1857.6540,-511.1407,176.6974,0.0005
5993.3768,-1856.7192,-511.4961,176.6979,0.0005
5994.3788,-1855.7845,-511.8514,176.6983,0.0004
5995.3809,-1854.8498,-512.2067,176.6988,0.0004
5996.3831,-1853.9150,-512.5621,176.6991,0.0004
5997.3852,-1852.9803,-512.9174,176.6995,0.0003
5998.3874,-1852.0455,-513.2727,176.6998,0.0003
5999.3895,-1851.1104,-513.6270,176.7000,0.0003
6000.3916,-1850.1748,-513.9801,176.7003,0.0002
6001.3938,-1849.2392,-514.3332,176.7005,0.0002
6002.3959,-1848.3037,-514.6864,176.7007,0.0002
6003.3980,-1847.3681,-515.0395,176.7009,0.0002
6004.4002,-1846.4325,-515.3926,176.7010,0.0001
6005.4023,-1845.4969,-515.7457,176.7012,0.0001
6006.4044,-1844.5614,-516.0989,176.7013,0.0001
6007.4066,-1843.6258,-516.4520,176.7014,0.0001
6008.4087,-1842.6902,-516.8051,176.7015,0.0001
6009.4108,-1841.7548,-517.1586,176.7015,0.0001
6010.4130,-1840.8195,-517.5124,176.7016,0.0000
6011.4152,-1839.8841,-517.8663,176.7016,0.0000
6012.4173,-1838.9488,-518.2201,176.7016,-0.0000
6013.4194,-1838.0135,-518.5739,176.7016,-0.0000
6014.4216,-1837.0782,-518.9278,176.7015,-0.0001
6015.4237,-1836.1429,-519.2816,176.7014,-0.0001
6016.4258,-1835.2076,-519.6354,176.7013,-0.0002
6017.4280,-1834.2723,-519.9893,176.7011,-0.0002
6018.4301,-1833.3371,-520.3434,176.7009,-0.0003
6019.4322,-1832.4022,-520.6982,176.7006,-0.0003
6020.4344,-1831.4673,-521.0533,176.7002,-0.0004
6021.4365,-1830.5325,-521.4083,176.6998,-0.0005
6022.4387,-1829.5976,-521.7634,176.6993,-0.0006
6023.4408,-1828.6628,-522.1185,176.6987,-0.0007
6024.4429,-1827.7279,-522.4735,176.6980,-0.0008
6025.4451,-1826.7931,-522.8286,176.6971,-0.0009
6026.4472,-1825.8583,-523.1837,176.6961,-0.0010
6027.4493,-1824.9234,-523.5387,176.6950,-0.0012
6028.4515,-1823.9886,-523.8940,176.6937,-0.0013
6029.4536,-1823.0539,-524.2493,176.6923,-0.0015
6030.4557,-1822.1192,-524.6047,176.6907,-0.0017
6031.4578,-1821.1845,-524.9601,176.6890,-0.0018
6032.4600,-1820.2497,-525.3154,176.6871,-0.0019
6033.4621,-1819.3150,-525.6708,176.6851,-0.0021
6034.4643,-1818.3803,-526.0262,176.6830,-0.0022
6035.4663,-1817.4456,-526.3815,176.6807,-0.0023
6036.4686,-1816.5108,-526.7369,176.6784,-0.0024
6037.4706,-1815.5760,-527.0919,176.6759,-0.0024
6038.4728,-1814.6409,-527.4463,176.6735,-0.0025
6039.4749,-1813.7057,-527.8005,176.6709,-0.0025
6040.4771,-1812.7705,-528.1547,176.6684,-0.0025
6041.4792,-1811.8354,-528.5089,176.6659,-0.0025
6042.4813,-1810.9002,-528.8631,176.6634,-0.0025
6043.4835,-1809.9650,-529.2173,176.6609,-0.0025
6044.4857,-1809.0298,-529.5715,176.6584,-0.0024
6045.4877,-1808.0947,-529.9256,176.6560,-0.0024
6046.4899,-1807.1595,-530.2798,176.6536,-0.0024
6047.4920,-1806.2241,-530.6334,176.6512,-0.0023
6048.4941,-1805.2885,-530.9864,176.6489,-0.0023
6049.4963,-1804.3529,-531.3395,176.6466,-0.0023
6050.4984,-1803.4173,-531.6926,176.6443,-0.0023
6051.5006,-1802.4817,-532.0457,176.6420,-0.0023
6052.5028,-1801.5461,-532.3988,176.6396,-0.0024
6053.5049,-1800.6105,-532.7519,176.6372,-0.0024
6054.5071,-1799.6749,-533.1050,176.6348,-0.0025
6055.5092,-1798.7393,-533.4581,176.6323,-0.0025
6056.5113,-1797.8037,-533.8110,176.6297,-0.0026
6057.5134,-1796.8680,-534.1637,176.6270,-0.0027
6058.5156,-1795.9322,-534.5164,176.6243,-0.0028
6059.5178,-1794.9964,-534.8690,176.6214,-0.0029
6060.5198,-1794.0607,-535.2216,176.6185,-0.0030
6061.5220,-1793.1249,-535.5742,176.6154,-0.0031
6062.5241,-1792.1892,-535.9269,176.6122,-0.0032
6063.5263,-1791.2534,-536.2795,176.6090,-0.0033
6064.5284,-1790.3176,-536.6321,176.6056,-0.0034
6065.5306,-1789.3819,-536.9848,176.6022,-0.0035
6066.5327,-1788.4462,-537.3376,176.5987,-0.0035
6067.5349,-1787.5105,-537.6906,176.5952,-0.0036
6068.5370,-1786.5749,-538.0435,176.5915,-0.0036
6069.5391,-1785.6393,-538.3965,176.5879,-0.0037
6070.5413,-1784.7036,-538.7494,176.5841,-0.0037
6071.5434,-1783.7680,-539.1024,176.5804,-0.0038
6072.5455,-1782.8324,-539.4554,176.5765,-0.0038
6073.5477,-1781.8967,-539.8083,176.5727,-0.0039
6074.5498,-1780.9611,-540.1613,176.5687,-0.0040
6075.5520,-1780.0256,-540.5147,176.5647,-0.0040
6076.5541,-1779.0905,-540.8689,176.5606,-0.0041
6077.5563,-1778.1554,-541.2234,176.5564,-0.0042
6078.5584,-1777.2203,-541.5778,176.5521,-0.0044
6079.5606,-1776.2852,-541.9323,176.5477,-0.0045
6080.5626,-1775.3502,-542.2867,176.5431,-0.0046
6081.5648,-1774.4151,-542.6412,176.5384,-0.0048
6082.5670,-1773.4800,-542.9956,176.5335,-0.0050
6083.5691,-1772.5449,-543.3501,176.5285,-0.0052
6084.5712,-1771.6099,-543.7046,176.5232,-0.0053
6085.5734,-1770.6749,-544.0593,176.5177,-0.0055
6086.5756,-1769.7400,-544.4143,176.5121,-0.0057
6087.5777,-1768.8051,-544.7692,176.5063,-0.0059
6088.5799,-1767.8702,-545.1242,176.5004,-0.0060
6089.5819,-1766.9354,-545.4791,176.4943,-0.0061
6090.5841,-1766.0005,-545.8341,176.4881,-0.0062
6091.5862,-1765.0655,-546.1887,176.4818,-0.0063
6092.5883,-1764.1290,-546.5393,176.4754,-0.0064
6093.5905,-1763.1916,-546.8876,176.4690,-0.0064
6094.5927,-1762.2541,-547.2358,176.4626,-0.0063
6095.5948,-1761.3166,-547.5836,176.4563,-0.0063
6096.5970,-1760.3772,-547.9265,176.4500,-0.0062
6097.5992,-1759.4368,-548.2666,176.4438,-0.0061
6098.6013,-1758.4964,-548.6066,176.4377,-0.0060
6099.6035,-1757.5548,-548.9433,176.4317,-0.0059
6100.6056,-1756.6117,-549.2758,176.4258,-0.0058
6101.6078,-1755.6681,-549.6068,176.4201,-0.0057
6102.6100,-1754.7243,-549.9373,176.4144,-0.0056
6103.6121,-1753.7785,-550.2620,176.4088,-0.0055
6104.6144,-1752.8315,-550.5834,176.4033,-0.0055
6105.6166,-1751.8845,-550.9047,176.3978,-0.0055
6106.6187,-1750.9364,-551.2224,176.3923,-0.0055
6107.6209,-1749.9866,-551.5354,176.3868,-0.0055
6108.6232,-1749.0363,-551.8469,176.3813,-0.0056
6109.6254,-1748.0859,-552.1578,176.3756,-0.0057
6110.6275,-1747.1335,-552.4625,176.3698,-0.0058
6111.6298,-1746.1800,-552.7639,176.3639,-0.0060
6112.6320,-1745.2264,-553.0650,176.3578,-0.0062
6113.6342,-1744.2715,-553.3619,176.3515,-0.0064
6114.6365,-1743.3150,-553.6537,176.3449,-0.0067
6115.6387,-1742.3580,-553.9439,176.3381,-0.0069
6116.6409,-1741.3997,-554.2295,176.3311,-0.0071
6117.6431,-1740.4397,-554.5094,176.3238,-0.0074
6118.6455,-1739.4791,-554.7876,176.3163,-0.0076
6119.6477,-1738.5172,-555.0609,176.3085,-0.0079
6120.6499,-1737.5536,-555.3282,176.3005,-0.0081
6121.6522,-1736.5895,-555.5936,176.2923,-0.0083
6122.6545,-1735.6240,-555.8541,176.2839,-0.0085
6123.6567,-1734.6570,-556.1088,176.2753,-0.0087
6124.6590,-1733.6895,-556.3616,176.2666,-0.0088
6125.6613,-1732.7208,-556.6098,176.2577,-0.0089
6126.6636,-1731.7506,-556.8522,176.2486,-0.0090
6127.6659,-1730.7800,-557.0929,176.2395,-0.0091
6128.6682,-1729.8082,-557.3288,176.2304,-0.0092
6129.6705,-1728.8351,-557.5590,176.2212,-0.0092
6130.6728,-1727.8615,-557.7875,176.2120,-0.0092
6131.6751,-1726.8869,-558.0111,176.2028,-0.0091
6132.6774,-1725.9109,-558.2291,176.1936,-0.0091
6133.6798,-1724.9346,-558.4455,176.1846,-0.0090
6134.6821,-1723.9573,-558.6575,176.1756,-0.0089
6135.6844,-1722.9790,-558.8643,176.1667,-0.0088
6136.6867,-1722.0003,-559.0698,176.1579,-0.0087
6137.6891,-1721.0208,-559.2713,176.1493,-0.0085
6138.6914,-1720.0404,-559.4683,176.1409,-0.0084
6139.6937,-1719.0598,-559.6641,176.1326,-0.0082
6140.6961,-1718.0790,-559.8592,176.1245,-0.0080
6141.6984,-1717.0970,-560.0479,176.1165,-0.0078
6142.7008,-1716.1144,-560.2338,176.1087,-0.0077
6143.7032,-1715.1318,-560.4198,176.1011,-0.0075
6144.7055,-1714.1485,-560.6016,176.0937,-0.0073
6145.7079,-1713.1643,-560.7787,176.0864,-0.0072
6146.7102,-1712.1799,-560.9546,176.0793,-0.0070
6147.7125,-1711.1954,-561.1299,176.0724,-0.0069
6148.7149,-1710.2098,-561.2987,176.0656,-0.0067
6149.7172,-1709.2237,-561.4649,176.0589,-0.0066
6150.7196,-1708.2376,-561.6312,176.0524,-0.0064
6151.7220,-1707.2509,-561.7938,176.0460,-0.0063
6152.7243,-1706.2636,-561.9523,176.0398,-0.0062
6153.7268,-1705.2760,-562.1099,176.0336,-0.0061
6154.7291,-1704.2884,-562.2668,176.0276,-0.0059
6155.7315,-1703.2998,-562.4173,176.0217,-0.0058
6156.7339,-1702.3108,-562.5653,176.0159,-0.0057
6157.7362,-1701.3219,-562.7134,176.0103,-0.0056
6158.7386,-1700.3322,-562.8569,176.0047,-0.0055
6159.7409,-1699.3419,-562.9954,175.9992,-0.0054
6160.7434,-1698.3513,-563.1327,175.9938,-0.0054
6161.7458,-1697.3601,-563.2649,175.9884,-0.0053
6162.7481,-1696.3682,-563.3915,175.9831,-0.0053
6163.7505,-1695.3761,-563.5169,175.9778,-0.0053
6164.7529,-1694.3833,-563.6369,175.9725,-0.0053
6165.7553,-1693.3898,-563.7510,175.9671,-0.0054
6166.7577,-1692.3961,-563.8631,175.9617,-0.0054
6167.7601,-1691.4015,-563.9664,175.9562,-0.0055
6168.7626,-1690.4065,-564.0668,175.9506,-0.0057
6169.7649,-1689.4111,-564.1619,175.9449,-0.0058
6170.7673,-1688.4151,-564.2513,175.9390,-0.0060
6171.7698,-1687.4189,-564.3391,175.9329,-0.0062
6172.7722,-1686.4222,-564.4198,175.9266,-0.0064
6173.7745,-1685.4251,-564.4954,175.9200,-0.0066
6174.7770,-1684.4278,-564.5694,175.9133,-0.0069
6175.7793,-1683.4301,-564.6362,175.9063,-0.0071
6176.7818,-1682.4322,-564.7009,175.8990,-0.0074
6177.7842,-1681.4342,-564.7649,175.8915,-0.0076
6178.7866,-1680.4358,-564.8207,175.8837,-0.0079
6179.7891,-1679.4372,-564.8741,175.8757,-0.0081
6180.7915,-1678.4386,-564.9267,175.8674,-0.0084
6181.7939,-1677.4395,-564.9703,175.8589,-0.0086
6182.7963,-1676.4404,-565.0115,175.8502,-0.0088
6183.7987,-1675.4412,-565.0518,175.8413,-0.0090
6184.8012,-1674.4417,-565.0832,175.8321,-0.0092
6185.8036,-1673.4421,-565.1122,175.8228,-0.0094
6186.8060,-1672.4425,-565.1404,175.8133,-0.0095
6187.8085,-1671.4427,-565.1600,175.8037,-0.0097
6188.8108,-1670.4429,-565.1775,175.7939,-0.0098
6189.8133,-1669.4430,-565.1949,175.7840,-0.0099
6190.8157,-1668.4431,-565.2079,175.7740,-0.0100
6191.8181,-1667.4432,-565.2166,175.7639,-0.0101
6192.8206,-1666.4432,-565.2245,175.7538,-0.0101
6193.8230,-1665.4432,-565.2325,175.7436,-0.0102
6194.8254,-1664.4432,-565.2365,175.7334,-0.0102
6195.8279,-1663.4432,-565.2369,175.7232,-0.0102
6196.8303,-1662.4432,-565.2367,175.7130,-0.0101
6197.8327,-1661.4432,-565.2364,175.7029,-0.0101
6198.8352,-1660.4432,-565.2357,175.6929,-0.0100
6199.8375,-1659.4433,-565.2292,175.6829,-0.0099
6200.8400,-1658.4433,-565.2216,175.6731,-0.0097
6201.8424,-1657.4433,-565.2139,175.6634,-0.0096
6202.8449,-1656.4433,-565.2062,175.6538,-0.0094
6203.8472,-1655.4434,-565.1980,175.6445,-0.0092
6204.8497,-1654.4435,-565.1832,175.6354,-0.0090
6205.8521,-1653.4436,-565.1671,175.6265,-0.0087
6206.8545,-1652.4438,-565.1509,175.6179,-0.0085
6207.8570,-1651.4439,-565.1341,175.6095,-0.0082
6208.8594,-1650.4442,-565.1097,175.6014,-0.0079
6209.8619,-1649.4445,-565.0838,175.5936,-0.0077
6210.8642,-1648.4449,-565.0580,175.5861,-0.0074
6211.8667,-1647.4453,-565.0276,175.5788,-0.0071
6212.8691,-1646.4459,-564.9932,175.5719,-0.0068
6213.8716,-1645.4465,-564.9582,175.5652,-0.0066
6214.8739,-1644.4472,-564.9225,175.5587,-0.0063
6215.8764,-1643.4481,-564.8788,175.5525,-0.0061
6216.8788,-1642.4491,-564.8338,175.5465,-0.0059
6217.8812,-1641.4502,-564.7888,175.5406,-0.0058
6218.8836,-1640.4515,-564.7381,175.5348,-0.0057
6219.8861,-1639.4530,-564.6823,175.5292,-0.0056
6220.8885,-1638.4546,-564.6259,175.5236,-0.0056
6221.8909,-1637.4565,-564.5638,175.5179,-0.0056
6222.8933,-1636.4588,-564.4965,175.5122,-0.0057
6223.8957,-1635.4611,-564.4287,175.5065,-0.0058
6224.8982,-1634.4638,-564.3550,175.5005,-0.0060
6225.9006,-1633.4669,-564.2763,175.4944,-0.0062
6226.9029,-1632.4701,-564.1970,175.4881,-0.0065
6227.9054,-1631.4737,-564.1117,175.4814,-0.0067
6228.9078,-1630.4778,-564.0211,175.4745,-0.0071
6229.9102,-1629.4820,-563.9300,175.4673,-0.0074
6230.9126,-1628.4867,-563.8327,175.4597,-0.0077
6231.9150,-1627.4920,-563.7302,175.4518,-0.0081
6232.9174,-1626.4973,-563.6271,175.4436,-0.0084
6233.9198,-1625.5033,-563.5183,175.4350,-0.0088
6234.9222,-1624.5098,-563.4047,175.4260,-0.0091
6235.9246,-1623.5163,-563.2907,175.4168,-0.0094
6236.9270,-1622.5234,-563.1715,175.4072,-0.0097
6237.9293,-1621.5311,-563.0480,175.3974,-0.0099
6238.9317,-1620.5388,-562.9242,175.3873,-0.0101
6239.9342,-1619.5465,-562.7997,175.3771,-0.0103
6240.9365,-1618.5553,-562.6677,175.3666,-0.0105
6241.9390,-1617.5641,-562.5350,175.3560,-0.0106
6242.9413,-1616.5730,-562.4023,175.3453,-0.0107
6243.9437,-1615.5818,-562.2696,175.3346,-0.0108
6244.9461,-1614.5912,-562.1330,175.3238,-0.0108
6245.9485,-1613.6010,-561.9933,175.3129,-0.0108
6246.9508,-1612.6109,-561.8533,175.3021,-0.0108
6247.9532,-1611.6207,-561.7133,175.2913,-0.0108
6248.9557,-1610.6305,-561.5734,175.2805,-0.0107
6249.9580,-1609.6404,-561.4334,175.2698,-0.0107
6250.9604,-1608.6506,-561.2909,175.2591,-0.0106
6251.9627,-1607.6611,-561.1466,175.2485,-0.0106
6252.9651,-1606.6716,-561.0020,175.2379,-0.0105
6253.9675,-1605.6821,-560.8575,175.2273,-0.0105
6254.9699,-1604.6926,-560.7130,175.2168,-0.0105
6255.9723,-1603.7030,-560.5685,175.2063,-0.0104
6256.9747,-1602.7135,-560.4240,175.1959,-0.0104
6257.9771,-1601.7240,-560.2795,175.1854,-0.0104
6258.9795,-1600.7345,-560.1349,175.1750,-0.0104
6259.9819,-1599.7450,-559.9904,175.1646,-0.0104
6260.9842,-1598.7556,-559.8454,175.1542,-0.0104
6261.9866,-1597.7662,-559.7004,175.1438,-0.0104
6262.9889,-1596.7768,-559.5553,175.1334,-0.0104
6263.9914,-1595.7873,-559.4103,175.1230,-0.0104
6264.9937,-1594.7979,-559.2653,175.1127,-0.0103
6265.9961,-1593.8085,-559.1203,175.1023,-0.0103
6266.9985,-1592.8190,-558.9752,175.0920,-0.0103
6268.0009,-1591.8296,-558.8302,175.0817,-0.0102
6269.0032,-1590.8402,-558.6852,175.0715,-0.0102
6270.0056,-1589.8506,-558.5413,175.0613,-0.0101
6271.0080,-1588.8609,-558.3982,175.0511,-0.0101
6272.0104,-1587.8712,-558.2551,175.0410,-0.0100
6273.0127,-1586.8815,-558.1120,175.0310,-0.0100
6274.0151,-1585.8918,-557.9690,175.0210,-0.0099
6275.0176,-1584.9020,-557.8259,175.0111,-0.0099
6276.0199,-1583.9123,-557.6828,175.0013,-0.0098
6277.0223,-1582.9226,-557.5397,174.9914,-0.0098
6278.0247,-1581.9329,-557.3967,174.9816,-0.0098
6279.0270,-1580.9432,-557.2536,174.9719,-0.0097
6280.0295,-1579.9534,-557.1108,174.9621,-0.0097
6281.0318,-1578.9637,-556.9681,174.9523,-0.0098
6282.0342,-1577.9739,-556.8253,174.9425,-0.0098
6283.0365,-1576.9842,-556.6825,174.9327,-0.0098
6284.0390,-1575.9944,-556.5397,174.9229,-0.0098
6285.0413,-1575.0047,-556.3969,174.9130,-0.0099
6286.0437,-1574.0149,-556.2541,174.9031,-0.0099
6287.0460,-1573.0252,-556.1114,174.8931,-0.0100
6288.0485,-1572.0354,-555.9686,174.8831,-0.0100
6289.0508,-1571.0457,-555.8255,174.8730,-0.0101
6290.0532,-1570.0560,-555.6823,174.8629,-0.0101
6291.0556,-1569.0663,-555.5390,174.8527,-0.0101
6292.0580,-1568.0766,-555.3958,174.8426,-0.0102
6293.0604,-1567.0869,-555.2525,174.8324,-0.0102
6294.0627,-1566.0973,-555.1093,174.8222,-0.0102
6295.0651,-1565.1076,-554.9660,174.8120,-0.0101
6296.0675,-1564.1179,-554.8228,174.8019,-0.0101
6297.0699,-1563.1282,-554.6796,174.7917,-0.0101
6298.0723,-1562.1385,-554.5363,174.7817,-0.0100
6299.0746,-1561.1489,-554.3925,174.7717,-0.0100
6300.0770,-1560.1593,-554.2487,174.7617,-0.0099
6301.0794,-1559.1697,-554.1050,174.7519,-0.0098
6302.0817,-1558.1801,-553.9612,174.7421,-0.0097
6303.0842,-1557.1904,-553.8175,174.7325,-0.0096
6304.0866,-1556.2008,-553.6737,174.7229,-0.0095
6305.0889,-1555.2112,-553.5300,174.7135,-0.0093
6306.0913,-1554.2216,-553.3862,174.7042,-0.0092
6307.0937,-1553.2320,-553.2425,174.6950,-0.0091
6308.0960,-1552.2424,-553.0988,174.6860,-0.0089
6309.0985,-1551.2527,-552.9551,174.6771,-0.0088
6310.1008,-1550.2631,-552.8115,174.6683,-0.0087
6311.1032,-1549.2735,-552.6678,174.6597,-0.0085
6312.1055,-1548.2839,-552.5242,174.6512,-0.0084
6313.1080,-1547.2942,-552.3806,174.6428,-0.0083
6314.1103,-1546.3046,-552.2369,174.6346,-0.0082
6315.1127,-1545.3150,-552.0933,174.6264,-0.0081
6316.1151,-1544.3253,-551.9496,174.6184,-0.0080
6317.1175,-1543.3357,-551.8057,174.6104,-0.0079
6318.1198,-1542.3464,-551.6601,174.6025,-0.0078
6319.1222,-1541.3571,-551.5145,174.5947,-0.0078
6320.1246,-1540.3677,-551.3689,174.5869,-0.0078
6321.1269,-1539.3784,-551.2234,174.5791,-0.0077
6322.1294,-1538.3890,-551.0778,174.5714,-0.0077
6323.1317,-1537.3997,-550.9322,174.5636,-0.0077
6324.1341,-1536.4103,-550.7866,174.5558,-0.0078
6325.1365,-1535.4210,-550.6410,174.5480,-0.0078
6326.1389,-1534.4316,-550.4956,174.5402,-0.0079
6327.1412,-1533.4421,-550.3513,174.5323,-0.0079
6328.1436,-1532.4524,-550.2079,174.5243,-0.0080
6329.1460,-1531.4627,-550.0645,174.5163,-0.0080
6330.1483,-1530.4731,-549.9211,174.5082,-0.0081
6331.1508,-1529.4834,-549.7776,174.5000,-0.0082
6332.1531,-1528.4938,-549.6342,174.4918,-0.0082
6333.1555,-1527.5041,-549.4908,174.4836,-0.0083
6334.1579,-1526.5144,-549.3474,174.4752,-0.0083
6335.1602,-1525.5248,-549.2039,174.4669,-0.0084
6336.1627,-1524.5351,-549.0604,174.4585,-0.0084
6337.1651,-1523.5455,-548.9165,174.4501,-0.0084
6338.1674,-1522.5559,-548.7726,174.4417,-0.0084
6339.1697,-1521.5664,-548.6287,174.4333,-0.0084
6340.1721,-1520.5768,-548.4849,174.4249,-0.0084
6341.1745,-1519.5872,-548.3410,174.4165,-0.0083
6342.1769,-1518.5976,-548.1971,174.4081,-0.0083
6343.1793,-1517.6080,-548.0532,174.3998,-0.0083
6344.1816,-1516.6184,-547.9093,174.3915,-0.0083
6345.1840,-1515.6288,-547.7654,174.3832,-0.0083
6346.1864,-1514.6392,-547.6213,174.3749,-0.0083
6347.1888,-1513.6497,-547.4771,174.3666,-0.0083
6348.1912,-1512.6601,-547.3330,174.3583,-0.0083
6349.1935,-1511.6706,-547.1888,174.3500,-0.0083
6350.1959,-1510.6810,-547.0446,174.3417,-0.0083
6351.1982,-1509.6915,-546.9005,174.3333,-0.0084
6352.2007,-1508.7019,-546.7563,174.3249,-0.0084
6353.2030,-1507.7124,-546.6121,174.3165,-0.0085
6354.2054,-1506.7228,-546.4680,174.3080,-0.0085
6355.2078,-1505.7332,-546.3243,174.2994,-0.0086
6356.2102,-1504.7433,-546.1825,174.2908,-0.0086
6357.2125,-1503.7534,-546.0407,174.2821,-0.0087
6358.2149,-1502.7635,-545.8988,174.2734,-0.0087
6359.2173,-1501.7736,-545.7570,174.2646,-0.0088
6360.2197,-1500.7837,-545.6151,174.2558,-0.0088
6361.2221,-1499.7938,-545.4733,174.2470,-0.0088
6362.2245,-1498.8039,-545.3315,174.2382,-0.0088
6363.2268,-1497.8141,-545.1896,174.2294,-0.0088
6364.2292,-1496.8242,-545.0478,174.2206,-0.0087
6365.2316,-1495.8343,-544.9060,174.2118,-0.0087
6366.2339,-1494.8444,-544.7641,174.2032,-0.0086
6367.2363,-1493.8545,-544.6223,174.1946,-0.0085
6368.2387,-1492.8646,-544.4805,174.1862,-0.0083
6369.2411,-1491.8747,-544.3386,174.1779,-0.0082
6370.2435,-1490.8848,-544.1968,174.1698,-0.0080
6371.2459,-1489.8949,-544.0550,174.1618,-0.0078
6372.2483,-1488.9050,-543.9131,174.1541,-0.0076
6373.2507,-1487.9151,-543.7713,174.1465,-0.0074
6374.2529,-1486.9253,-543.6295,174.1392,-0.0072
6375.2554,-1485.9353,-543.4878,174.1321,-0.0070
6376.2578,-1484.9454,-543.3460,174.1251,-0.0068
6377.2602,-1483.9555,-543.2043,174.1184,-0.0067
6378.2625,-1482.9656,-543.0626,174.1118,-0.0065
6379.2649,-1481.9757,-542.9208,174.1053,-0.0064
6380.2673,-1480.9858,-542.7791,174.0989,-0.0064
6381.2696,-1479.9959,-542.6374,174.0925,-0.0064
6382.2720,-1479.0060,-542.4956,174.0861,-0.0064
6383.2744,-1478.0161,-542.3539,174.0796,-0.0065
6384.2767,-1477.0262,-542.2123,174.0730,-0.0067
6385.2791,-1476.0363,-542.0707,174.0662,-0.0070
6386.2816,-1475.0463,-541.9291,174.0591,-0.0073
6387.2839,-1474.0564,-541.7876,174.0517,-0.0076
6388.2862,-1473.0665,-541.6460,174.0438,-0.0080
6389.2887,-1472.0765,-541.5044,174.0356,-0.0085
6390.2911,-1471.0866,-541.3628,174.0269,-0.0089
6391.2934,-1470.0967,-541.2213,174.0177,-0.0094
6392.2957,-1469.1068,-541.0797,174.0081,-0.0098
6393.2981,-1468.1168,-540.9385,173.9980,-0.0103
6394.3005,-1467.1267,-540.7980,173.9875,-0.0107
6395.3029,-1466.1366,-540.6575,173.9766,-0.0110
6396.3053,-1465.1465,-540.5170,173.9654,-0.0113
6397.3077,-1464.1564,-540.3766,173.9540,-0.0115
6398.3100,-1463.1663,-540.2366,173.9424,-0.0116
6399.3124,-1462.1759,-540.0986,173.9308,-0.0116
6400.3148,-1461.1853,-539.9618,173.9192,-0.0115
6401.3172,-1460.1947,-539.8250,173.9078,-0.0113
6402.3195,-1459.2041,-539.6882,173.8965,-0.0111
6403.3219,-1458.2135,-539.5514,173.8855,-0.0108
6404.3243,-1457.2229,-539.4145,173.8749,-0.0105
6405.3267,-1456.2325,-539.2759,173.8646,-0.0101
6406.3290,-1455.2428,-539.1333,173.8546,-0.0097
6407.3314,-1454.2530,-538.9907,173.8451,-0.0093
6408.3338,-1453.2632,-538.8481,173.8359,-0.0090
6409.3362,-1452.2734,-538.7055,173.8271,-0.0086
6410.3386,-1451.2836,-538.5629,173.8186,-0.0083
6411.3410,-1450.2938,-538.4204,173.8105,-0.0080
6412.3433,-1449.3041,-538.2778,173.8025,-0.0078
6413.3457,-1448.3143,-538.1352,173.7948,-0.0076
6414.3481,-1447.3245,-537.9928,173.7873,-0.0074
6415.3505,-1446.3345,-537.8512,173.7799,-0.0073
6416.3528,-1445.3446,-537.7099,173.7726,-0.0072
6417.3552,-1444.3546,-537.5687,173.7654,-0.0071
6418.3576,-1443.3646,-537.4274,173.7583,-0.0071
6419.3600,-1442.3746,-537.2862,173.7512,-0.0070
6420.3623,-1441.3847,-537.1450,173.7442,-0.0070
6421.3647,-1440.3947,-537.0037,173.7372,-0.0070
6422.3671,-1439.4047,-536.8625,173.7302,-0.0069
6423.3694,-1438.4148,-536.7212,173.7233,-0.0069
6424.3719,-1437.4249,-536.5792,173.7164,-0.0069
6425.3743,-1436.4352,-536.4358,173.7095,-0.0068
6426.3766,-1435.4456,-536.2924,173.7027,-0.0068
6427.3790,-1434.4559,-536.1490,173.6959,-0.0067
6428.3814,-1433.4662,-536.0056,173.6892,-0.0067
6429.3837,-1432.4766,-535.8622,173.6826,-0.0066
6430.3861,-1431.4869,-535.7189,173.6760,-0.0065
6431.3885,-1430.4972,-535.5755,173.6695,-0.0065
6432.3908,-1429.5076,-535.4321,173.6631,-0.0064
6433.3933,-1428.5178,-535.2890,173.6567,-0.0063
6434.3956,-1427.5280,-535.1469,173.6503,-0.0063
6435.3980,-1426.5381,-535.0052,173.6441,-0.0062
6436.4003,-1425.5482,-534.8635,173.6378,-0.0062
6437.4027,-1424.5583,-534.7218,173.6316,-0.0062
6438.4051,-1423.5684,-534.5801,173.6254,-0.0062
6439.4075,-1422.5784,-534.4384,173.6193,-0.0061
6440.4099,-1421.5885,-534.2967,173.6131,-0.0061
6441.4123,-1420.5986,-534.1551,173.6070,-0.0061
6442.4146,-1419.6087,-534.0133,173.6008,-0.0061
6443.4170,-1418.6189,-533.8711,173.5947,-0.0061
6444.4193,-1417.6292,-533.7280,173.5885,-0.0061
6445.4217,-1416.6395,-533.5849,173.5824,-0.0062
6446.4241,-1415.6498,-533.4417,173.5762,-0.0062
6447.4265,-1414.6601,-533.2986,173.5700,-0.0062
6448.4289,-1413.6703,-533.1555,173.5639,-0.0062
6449.4313,-1412.6806,-533.0124,173.5577,-0.0061
6450.4337,-1411.6909,-532.8693,173.5515,-0.0061
6451.4360,-1410.7012,-532.7262,173.5454,-0.0061
6452.4384,-1409.7115,-532.5830,173.5393,-0.0061
6453.4407,-1408.7219,-532.4397,173.5332,-0.0060
6454.4431,-1407.7322,-532.2962,173.5272,-0.0060
6455.4455,-1406.7425,-532.1528,173.5212,-0.0060
6456.4478,-1405.7529,-532.0094,173.5152,-0.0059
6457.4503,-1404.7632,-531.8660,173.5093,-0.0059
6458.4526,-1403.7736,-531.7225,173.5035,-0.0058
6459.4550,-1402.7839,-531.5791,173.4977,-0.0058
6460.4574,-1401.7942,-531.4357,173.4919,-0.0057
6461.4597,-1400.8046,-531.2923,173.4862,-0.0057
6462.4621,-1399.8149,-531.1491,173.4806,-0.0056
6463.4645,-1398.8251,-531.0061,173.4749,-0.0056
6464.4669,-1397.8354,-530.8632,173.4693,-0.0056
6465.4692,-1396.8457,-530.7202,173.4637,-0.0056
6466.4716,-1395.8560,-530.5773,173.4581,-0.0056
6467.4740,-1394.8662,-530.4343,173.4525,-0.0056
6468.4764,-1393.8765,-530.2914,173.4468,-0.0057
6469.4787,-1392.8868,-530.1484,173.4412,-0.0057
6470.4811,-1391.8970,-530.0055,173.4354,-0.0057
6471.4835,-1390.9073,-529.8623,173.4296,-0.0058
6472.4859,-1389.9177,-529.7187,173.4238,-0.0059
6473.4883,-1388.9281,-529.5747,173.4179,-0.0059
6474.4906,-1387.9385,-529.4308,173.4119,-0.0060
6475.4930,-1386.9489,-529.2869,173.4059,-0.0060
6476.4954,-1385.9593,-529.1430,173.3998,-0.0061
6477.4977,-1384.9698,-528.9991,173.3937,-0.0061
6478.5001,-1383.9802,-528.8552,173.3875,-0.0062
6479.5024,-1382.9906,-528.7113,173.3813,-0.0062
6480.5048,-1382.0010,-528.5674,173.3750,-0.0062
6481.5072,-1381.0113,-528.4242,173.3688,-0.0062
6482.5096,-1380.0215,-528.2817,173.3625,-0.0062
6483.5120,-1379.0317,-528.1392,173.3563,-0.0062
6484.5143,-1378.0419,-527.9967,173.3501,-0.0062
6485.5167,-1377.0521,-527.8542,173.3439,-0.0061
6486.5191,-1376.0623,-527.7117,173.3378,-0.0061
6487.5215,-1375.0725,-527.5692,173.3317,-0.0060
6488.5238,-1374.0828,-527.4264,173.3257,-0.0060
6489.5262,-1373.0932,-527.2824,173.3198,-0.0059
6490.5286,-1372.1037,-527.1380,173.3139,-0.0058
6491.5309,-1371.1141,-526.9940,173.3081,-0.0057
6492.5333,-1370.1245,-526.8502,173.3024,-0.0057
6493.5357,-1369.1349,-526.7064,173.2968,-0.0056
6494.5380,-1368.1453,-526.5627,173.2912,-0.0055
6495.5405,-1367.1556,-526.4189,173.2857,-0.0055
6496.5428,-1366.1660,-526.2752,173.2802,-0.0054
6497.5452,-1365.1764,-526.1314,173.2748,-0.0054
6498.5476,-1364.1868,-525.9876,173.2694,-0.0054
6499.5499,-1363.1972,-525.8439,173.2640,-0.0054
6500.5523,-1362.2075,-525.7006,173.2586,-0.0054
6501.5547,-1361.2178,-525.5577,173.2532,-0.0054
6502.5571,-1360.2280,-525.4148,173.2478,-0.0054
6503.5594,-1359.2383,-525.2719,173.2423,-0.0055
6504.5618,-1358.2486,-525.1291,173.2368,-0.0056
6505.5642,-1357.2588,-524.9862,173.2312,-0.0056
6506.5665,-1356.2691,-524.8433,173.2255,-0.0057
6507.5690,-1355.2793,-524.7004,173.2197,-0.0058
6508.5713,-1354.2896,-524.5575,173.2138,-0.0059
6509.5737,-1353.2999,-524.4141,173.2078,-0.0060
6510.5760,-1352.3104,-524.2698,173.2017,-0.0061
6511.5784,-1351.3209,-524.1251,173.1955,-0.0062
6512.5807,-1350.3315,-523.9804,173.1892,-0.0063
6513.5831,-1349.3420,-523.8357,173.1828,-0.0064
6514.5855,-1348.3525,-523.6910,173.1763,-0.0065
6515.5879,-1347.3630,-523.5462,173.1697,-0.0066
6516.5902,-1346.3736,-523.4015,173.1630,-0.0067
6517.5926,-1345.3841,-523.2568,173.1563,-0.0068
6518.5950,-1344.3946,-523.1121,173.1495,-0.0068
6519.5974,-1343.4051,-522.9675,173.1426,-0.0069
6520.5998,-1342.4156,-522.8231,173.1357,-0.0069
6521.6021,-1341.4261,-522.6787,173.1287,-0.0069
6522.6045,-1340.4366,-522.5343,173.1218,-0.0070
6523.6068,-1339.4471,-522.3898,173.1148,-0.0070
6524.6093,-1338.4575,-522.2454,173.1078,-0.0069
6525.6116,-1337.4680,-522.1010,173.1009,-0.0069
6526.6140,-1336.4785,-521.9566,173.0939,-0.0069
6527.6163,-1335.4890,-521.8122,173.0870,-0.0069
6528.6187,-1334.4996,-521.6672,173.0801,-0.0069
6529.6211,-1333.5102,-521.5213,173.0733,-0.0068
6530.6235,-1332.5210,-521.3750,173.0665,-0.0068
6531.6258,-1331.5318,-521.2288,173.0597,-0.0067
6532.6282,-1330.5425,-521.0825,173.0530,-0.0067
6533.6305,-1329.5533,-520.9363,173.0463,-0.0066
6534.6330,-1328.5640,-520.7900,173.0397,-0.0066
6535.6353,-1327.5748,-520.6438,173.0331,-0.0065
6536.6377,-1326.5855,-520.4975,173.0266,-0.0065
6537.6400,-1325.5963,-520.3513,173.0201,-0.0064
6538.6424,-1324.6070,-520.2052,173.0137,-0.0064
6539.6448,-1323.6177,-520.0592,173.0074,-0.0063
6540.6472,-1322.6284,-519.9132,173.0011,-0.0062
6541.6496,-1321.6391,-519.7672,172.9949,-0.0062
6542.6519,-1320.6499,-519.6212,172.9887,-0.0061
6543.6543,-1319.6606,-519.4752,172.9827,-0.0060
6544.6566,-1318.6713,-519.3292,172.9766,-0.0060
6545.6590,-1317.6820,-519.1832,172.9707,-0.0059
6546.6614,-1316.6927,-519.0372,172.9648,-0.0058
6547.6637,-1315.7035,-518.8909,172.9590,-0.0057
6548.6661,-1314.7143,-518.7444,172.9533,-0.0057
6549.6685,-1313.7251,-518.5978,172.9477,-0.0056
6550.6709,-1312.7359,-518.4511,172.9421,-0.0055
6551.6732,-1311.7467,-518.3045,172.9366,-0.0054
6552.6756,-1310.7575,-518.1578,172.9313,-0.0053
6553.6780,-1309.7683,-518.0112,172.9260,-0.0052
6554.6804,-1308.7791,-517.8645,172.9207,-0.0052
6555.6828,-1307.7899,-517.7179,172.9156,-0.0051
6556.6850,-1306.8008,-517.5713,172.9106,-0.0050
6557.6874,-1305.8115,-517.4251,172.9056,-0.0049
6558.6898,-1304.8222,-517.2792,172.9008,-0.0048
6559.6922,-1303.8329,-517.1334,172.8960,-0.0047
6560.6945,-1302.8436,-516.9875,172.8913,-0.0046
6561.6969,-1301.8543,-516.8416,172.8867,-0.0046
6562.6993,-1300.8650,-516.6958,172.8821,-0.0045
6563.7016,-1299.8757,-516.5499,172.8777,-0.0044
6564.7040,-1298.8864,-516.4040,172.8733,-0.0043
6565.7064,-1297.8971,-516.2582,172.8690,-0.0043
6566.7087,-1296.9077,-516.1130,172.8647,-0.0042
6567.7111,-1295.9181,-515.9688,172.8605,-0.0042
6568.7135,-1294.9285,-515.8249,172.8564,-0.0041
6569.7159,-1293.9389,-515.6810,172.8523,-0.0041
6570.7183,-1292.9493,-515.5371,172.8483,-0.0040
6571.7207,-1291.9597,-515.3932,172.8442,-0.0040
6572.7230,-1290.9701,-515.2493,172.8402,-0.0040
6573.7254,-1289.9805,-515.1054,172.8363,-0.0040
6574.7277,-1288.9910,-514.9615,172.8323,-0.0040
6575.7301,-1288.0014,-514.8177,172.8283,-0.0040
6576.7325,-1287.0117,-514.6742,172.8244,-0.0040
6577.7349,-1286.0220,-514.5309,172.8204,-0.0040
6578.7373,-1285.0323,-514.3876,172.8164,-0.0040
6579.7395,-1284.0427,-514.2444,172.8124,-0.0040
6580.7419,-1283.0530,-514.1011,172.8083,-0.0040
6581.7443,-1282.0633,-513.9578,172.8043,-0.0040
6582.7467,-1281.0736,-513.8146,172.8002,-0.0041
6583.7491,-1280.0839,-513.6713,172.7962,-0.0041
6584.7515,-1279.0942,-513.5280,172.7921,-0.0041
6585.7538,-1278.1045,-513.3848,172.7880,-0.0041
6586.7562,-1277.1148,-513.2418,172.7839,-0.0040
6587.7585,-1276.1251,-513.0988,172.7799,-0.0040
6588.7609,-1275.1354,-512.9558,172.7759,-0.0040
6589.7632,-1274.1457,-512.8128,172.7719,-0.0039
6590.7657,-1273.1559,-512.6698,172.7680,-0.0039
6591.7680,-1272.1662,-512.5267,172.7641,-0.0038
6592.7704,-1271.1765,-512.3837,172.7603,-0.0038
6593.7727,-1270.1868,-512.2407,172.7566,-0.0037
6594.7751,-1269.1971,-512.0977,172.7529,-0.0037
6595.7775,-1268.2074,-511.9543,172.7492,-0.0036
6596.7799,-1267.2177,-511.8108,172.7457,-0.0035
6597.7822,-1266.2281,-511.6673,172.7421,-0.0035
6598.7847,-1265.2384,-511.5238,172.7386,-0.0035
6599.7870,-1264.2488,-511.3803,172.7352,-0.0035
6600.7894,-1263.2591,-511.2368,172.7317,-0.0035
6601.7917,-1262.2695,-511.0934,172.7282,-0.0035
6602.7941,-1261.2799,-510.9494,172.7248,-0.0035
6603.7964,-1260.2911,-510.8002,172.7212,-0.0035
6604.7988,-1259.3027,-510.6485,172.7176,-0.0036
6605.8012,-1258.3142,-510.4969,172.7140,-0.0037
6606.8035,-1257.3259,-510.3446,172.7103,-0.0038
6607.8059,-1256.3386,-510.1856,172.7065,-0.0038
6608.8082,-1255.3519,-510.0234,172.7026,-0.0039
6609.8106,-1254.3652,-509.8606,172.6986,-0.0040
6610.8130,-1253.3798,-509.6903,172.6945,-0.0041
6611.8153,-1252.3950,-509.5166,172.6904,-0.0042
6612.8176,-1251.4112,-509.3377,172.6862,-0.0042
6613.8199,-1250.4285,-509.1526,172.6819,-0.0043
6614.8223,-1249.4462,-508.9649,172.6776,-0.0043
6615.8246,-1248.4660,-508.7673,172.6733,-0.0043
6616.8270,-1247.4865,-508.5655,172.6690,-0.0043
6617.8292,-1246.5084,-508.3578,172.6647,-0.0043
6618.8315,-1245.5317,-508.1431,172.6604,-0.0042
6619.8338,-1244.5567,-507.9210,172.6562,-0.0042
6620.8362,-1243.5831,-507.6925,172.6520,-0.0041
6621.8384,-1242.6113,-507.4568,172.6479,-0.0041
6622.8407,-1241.6410,-507.2148,172.6438,-0.0040
6623.8430,-1240.6727,-506.9652,172.6398,-0.0039
6624.8452,-1239.7061,-506.7090,172.6359,-0.0039
6625.8475,-1238.7401,-506.4502,172.6320,-0.0038
6626.8497,-1237.7770,-506.1813,172.6282,-0.0038
6627.8519,-1236.8149,-505.9087,172.6244,-0.0038
6628.8542,-1235.8545,-505.6301,172.6206,-0.0037
6629.8565,-1234.8959,-505.3451,172.6169,-0.0037
6630.8587,-1233.9381,-505.0577,172.6132,-0.0037
6631.8608,-1232.9832,-504.7610,172.6094,-0.0037
6632.8630,-1232.0293,-504.4609,172.6057,-0.0038
6633.8653,-1231.0771,-504.1552,172.6019,-0.0038
6634.8675,-1230.1270,-503.8434,172.5981,-0.0038
6635.8697,-1229.1776,-503.5293,172.5942,-0.0039
6636.8718,-1228.2315,-503.2056,172.5904,-0.0039
6637.8740,-1227.2864,-502.8788,172.5864,-0.0039
6638.8762,-1226.3435,-502.5456,172.5825,-0.0040
6639.8783,-1225.4030,-502.2059,172.5785,-0.0040
6640.8804,-1224.4634,-501.8637,172.5745,-0.0040
6641.8826,-1223.5275,-501.5114,172.5705,-0.0040
6642.8847,-1222.5932,-501.1550,172.5664,-0.0041
6643.8868,-1221.6625,-500.7891,172.5623,-0.0041
6644.8889,-1220.7335,-500.4192,172.5583,-0.0041
6645.8910,-1219.8083,-500.0397,172.5542,-0.0041
6646.8930,-1218.8847,-499.6564,172.5501,-0.0041
6647.8951,-1217.9651,-499.2635,172.5460,-0.0040
6648.8972,-1217.0471,-498.8669,172.5420,-0.0040
6649.8992,-1216.1333,-498.4609,172.5380,-0.0040
6650.9012,-1215.2210,-498.0513,172.5340,-0.0040
6651.9033,-1214.3130,-497.6323,172.5300,-0.0039
6652.9053,-1213.4067,-497.2097,172.5261,-0.0039
6653.9072,-1212.5048,-496.7778,172.5222,-0.0038
6654.9092,-1211.6046,-496.3424,172.5184,-0.0038
6655.9112,-1210.7090,-495.8974,172.5147,-0.0037
6656.9131,-1209.8151,-495.4492,172.5110,-0.0036
6657.9150,-1208.9253,-494.9930,172.5074,-0.0036
6658.9170,-1208.0388,-494.5301,172.5039,-0.0035
6659.9190,-1207.1556,-494.0611,172.5004,-0.0034
6660.9208,-1206.2750,-493.5873,172.4971,-0.0033
6661.9227,-1205.3953,-493.1118,172.4939,-0.0032
6662.9246,-1204.5199,-492.6284,172.4908,-0.0030
6663.9265,-1203.6457,-492.1429,172.4878,-0.0029
6664.9284,-1202.7718,-491.6567,172.4849,-0.0028
6665.9302,-1201.9024,-491.1627,172.4821,-0.0027
6666.9320,-1201.0341,-490.6667,172.4795,-0.0026
6667.9339,-1200.1692,-490.1648,172.4769,-0.0025
6668.9358,-1199.3076,-489.6571,172.4745,-0.0024
6669.9375,-1198.4472,-489.1476,172.4721,-0.0023
6670.9394,-1197.5919,-488.6293,172.4698,-0.0023
6671.9412,-1196.7380,-488.1089,172.4676,-0.0022
6672.9430,-1195.8870,-487.5837,172.4654,-0.0022
6673.9448,-1195.0389,-487.0539,172.4632,-0.0022
6674.9466,-1194.1917,-486.5226,172.4610,-0.0022
6675.9483,-1193.3493,-485.9838,172.4587,-0.0023
6676.9500,-1192.5080,-485.4433,172.4564,-0.0023
6677.9518,-1191.6697,-484.8981,172.4541,-0.0024
6678.9535,-1190.8342,-484.3486,172.4516,-0.0025
6679.9552,-1189.9997,-483.7977,172.4490,-0.0027
6680.9570,-1189.1703,-483.2389,172.4463,-0.0028
6681.9586,-1188.3422,-482.6784,172.4434,-0.0029
6682.9603,-1187.5145,-482.1172,172.4404,-0.0030
6683.9620,-1186.6920,-481.5484,172.4373,-0.0032
6684.9637,-1185.8707,-480.9780,172.4341,-0.0033
6685.9654,-1185.0527,-480.4027,172.4307,-0.0034
6686.9670,-1184.2378,-479.8231,172.4273,-0.0035
6687.9686,-1183.4241,-479.2419,172.4237,-0.0035
6688.9703,-1182.6167,-478.6519,172.4202,-0.0036
6689.9719,-1181.8107,-478.0600,172.4166,-0.0036
6690.9735,-1181.0088,-477.4625,172.4130,-0.0035
6691.9751,-1180.2108,-476.8598,172.4095,-0.0035
6692.9766,-1179.4176,-476.2510,172.4060,-0.0034
6693.9783,-1178.6280,-475.6372,172.4027,-0.0033
6694.9798,-1177.8437,-475.0169,172.3994,-0.0032
6695.9813,-1177.0636,-474.3913,172.3962,-0.0031
6696.9828,-1176.2848,-473.7640,172.3932,-0.0029
6697.9843,-1175.5136,-473.1274,172.3904,-0.0028
6698.9858,-1174.7438,-472.4891,172.3876,-0.0026
6699.9872,-1173.9782,-471.8459,172.3851,-0.0025
6700.9888,-1173.2164,-471.1980,172.3826,-0.0024
6701.9902,-1172.4552,-470.5495,172.3803,-0.0023
6702.9917,-1171.6976,-469.8968,172.3781,-0.0021
6703.9931,-1170.9433,-469.2403,172.3760,-0.0021
6704.9946,-1170.1895,-468.5831,172.3740,-0.0020
6705.9960,-1169.4390,-467.9223,172.3720,-0.0019
6706.9973,-1168.6915,-467.2581,172.3701,-0.0019
6707.9988,-1167.9444,-466.5934,172.3682,-0.0019
6709.0002,-1167.2007,-465.9249,172.3664,-0.0019
6710.0016,-1166.4600,-465.2530,172.3645,-0.0019
6711.0030,-1165.7198,-464.5806,172.3626,-0.0019
6712.0044,-1164.9833,-463.9042,172.3607,-0.0019
6713.0057,-1164.2501,-463.2242,172.3587,-0.0020
6714.0072,-1163.5179,-462.5430,172.3567,-0.0020
6715.0085,-1162.7926,-461.8546,172.3547,-0.0021
6716.0098,-1162.0684,-461.1651,172.3526,-0.0021
6717.0111,-1161.3493,-460.4702,172.3504,-0.0022
6718.0124,-1160.6347,-459.7706,172.3483,-0.0022
6719.0137,-1159.9215,-459.0697,172.3460,-0.0022
6720.0150,-1159.2166,-458.3604,172.3438,-0.0023
6721.0163,-1158.5137,-457.6491,172.3415,-0.0023
6722.0175,-1157.8186,-456.9302,172.3392,-0.0023
6723.0188,-1157.1255,-456.2093,172.3368,-0.0024
6724.0200,-1156.4412,-455.4801,172.3344,-0.0024
6725.0212,-1155.7583,-454.7496,172.3320,-0.0024
6726.0224,-1155.0813,-454.0136,172.3295,-0.0024
6727.0236,-1154.4096,-453.2728,172.3271,-0.0025
6728.0247,-1153.7394,-452.5307,172.3246,-0.0025
6729.0259,-1153.0781,-451.7805,172.3222,-0.0025
6730.0270,-1152.4182,-451.0292,172.3197,-0.0025
6731.0281,-1151.7634,-450.2734,172.3172,-0.0024
6732.0292,-1151.1129,-449.5139,172.3148,-0.0024
6733.0303,-1150.4637,-448.7533,172.3124,-0.0024
6734.0314,-1149.8218,-447.9865,172.3100,-0.0024
6735.0326,-1149.1810,-447.2187,172.3076,-0.0023
6736.0335,-1148.5447,-446.4474,172.3053,-0.0023
6737.0347,-1147.9121,-445.6728,172.3030,-0.0022
6738.0357,-1147.2807,-444.8974,172.3008,-0.0022
6739.0367,-1146.6569,-444.1158,172.2986,-0.0022
6740.0377,-1146.0341,-443.3335,172.2965,-0.0021
6741.0387,-1145.4169,-442.5467,172.2944,-0.0021
6742.0398,-1144.8045,-441.7561,172.2924,-0.0020
6743.0408,-1144.1934,-440.9645,172.2904,-0.0020
6744.0418,-1143.5920,-440.1656,172.2884,-0.0020
6745.0427,-1142.9926,-439.3652,172.2865,-0.0019
6746.0436,-1142.4030,-438.5575,172.2845,-0.0019
6747.0446,-1141.8155,-437.7482,172.2826,-0.0019
6748.0455,-1141.2388,-436.9313,172.2806,-0.0020
6749.0464,-1140.6645,-436.1127,172.2787,-0.0020
6750.0472,-1140.1017,-435.2861,172.2767,-0.0020
6751.0481,-1139.5415,-434.4577,172.2746,-0.0021
6752.0489,-1138.9936,-433.6212,172.2725,-0.0022
6753.0498,-1138.4483,-432.7829,172.2703,-0.0022
6754.0505,-1137.9161,-431.9364,172.2680,-0.0023
6755.0513,-1137.3867,-431.0880,172.2656,-0.0024
6756.0521,-1136.8705,-430.2315,172.2631,-0.0025
6757.0528,-1136.3572,-429.3734,172.2605,-0.0026
6758.0536,-1135.8567,-428.5076,172.2578,-0.0028
6759.0543,-1135.3589,-427.6403,172.2550,-0.0029
6760.0550,-1134.8732,-426.7662,172.2521,-0.0030
6761.0556,-1134.3901,-425.8907,172.2490,-0.0031
6762.0563,-1133.9181,-425.0091,172.2459,-0.0032
6763.0570,-1133.4483,-424.1263,172.2427,-0.0033
6764.0577,-1132.9889,-423.2380,172.2394,-0.0033
6765.0582,-1132.5318,-422.3487,172.2360,-0.0034
6766.0589,-1132.0856,-421.4537,172.2325,-0.0035
6767.0594,-1131.6408,-420.5581,172.2290,-0.0035
6768.0601,-1131.2036,-419.6587,172.2255,-0.0036
6769.0606,-1130.7728,-418.7563,172.2219,-0.0036
6770.0612,-1130.3436,-417.8531,172.2183,-0.0036
6771.0617,-1129.9266,-416.9442,172.2147,-0.0036
6772.0622,-1129.5110,-416.0347,172.2110,-0.0036
6773.0629,-1129.1028,-415.1217,172.2074,-0.0036
6774.0634,-1128.7010,-414.2060,172.2038,-0.0036
6775.0639,-1128.3008,-413.2896,172.2002,-0.0036
6776.0644,-1127.9119,-412.3683,172.1967,-0.0035
6777.0649,-1127.5243,-411.4465,172.1931,-0.0035
6778.0654,-1127.1434,-410.5219,172.1896,-0.0035
6779.0659,-1126.7680,-409.5950,172.1862,-0.0034
6780.0663,-1126.3932,-408.6679,172.1828,-0.0034
6781.0668,-1126.0238,-407.7386,172.1794,-0.0034
6782.0673,-1125.6591,-406.8075,172.1760,-0.0033
6783.0677,-1125.2948,-405.8763,172.1727,-0.0033
6784.0682,-1124.9305,-404.9450,172.1695,-0.0032
6785.0686,-1124.5683,-404.0129,172.1662,-0.0032
6786.0691,-1124.2080,-403.0800,172.1631,-0.0032
6787.0696,-1123.8478,-402.1471,172.1599,-0.0031
6788.0701,-1123.4877,-401.2142,172.1568,-0.0031
6789.0704,-1123.1275,-400.2814,172.1537,-0.0031
6790.0709,-1122.7674,-399.3485,172.1506,-0.0031
6791.0714,-1122.4072,-398.4156,172.1475,-0.0031
6792.0718,-1122.0471,-397.4827,172.1445,-0.0031
6793.0723,-1121.6869,-396.5498,172.1414,-0.0031
6794.0727,-1121.3265,-395.6170,172.1384,-0.0031
6795.0732,-1120.9638,-394.6851,172.1353,-0.0031
6796.0737,-1120.6007,-393.7533,172.1321,-0.0031
6797.0741,-1120.2377,-392.8216,172.1290,-0.0032
6798.0746,-1119.8746,-391.8898,172.1258,-0.0032
6799.0751,-1119.5116,-390.9580,172.1225,-0.0033
6800.0756,-1119.1485,-390.0262,172.1191,-0.0034
6801.0760,-1118.7855,-389.0945,172.1157,-0.0035
6802.0764,-1118.4225,-388.1627,172.1121,-0.0036
6803.0769,-1118.0594,-387.2309,172.1085,-0.0037
6804.0774,-1117.6960,-386.2993,172.1048,-0.0038
6805.0778,-1117.3323,-385.3678,172.1009,-0.0039
6806.0783,-1116.9686,-384.4362,172.0969,-0.0040
6807.0788,-1116.6049,-383.5047,172.0928,-0.0042
6808.0792,-1116.2412,-382.5732,172.0886,-0.0043
6809.0797,-1115.8775,-381.6417,172.0843,-0.0044
6810.0801,-1115.5138,-380.7102,172.0798,-0.0045
6811.0806,-1115.1501,-379.7787,172.0752,-0.0046
6812.0810,-1114.7864,-378.8472,172.0706,-0.0047
6813.0816,-1114.4227,-377.9156,172.0658,-0.0048
6814.0820,-1114.0591,-376.9841,172.0610,-0.0049
6815.0824,-1113.6954,-376.0526,172.0560,-0.0049
6816.0829,-1113.3318,-375.1210,172.0511,-0.0050
6817.0833,-1112.9682,-374.1895,172.0461,-0.0050
6818.0838,-1112.6046,-373.2579,172.0410,-0.0051
6819.0843,-1112.2409,-372.3264,172.0359,-0.0051
6820.0848,-1111.8773,-371.3948,172.0308,-0.0051
6821.0852,-1111.5137,-370.4633,172.0258,-0.0051
6822.0856,-1111.1500,-369.5318,172.0207,-0.0051
6823.0862,-1110.7874,-368.5998,172.0156,-0.0050
6824.0866,-1110.4255,-367.6676,172.0106,-0.0050
6825.0870,-1110.0636,-366.7354,172.0056,-0.0050
6826.0875,-1109.7018,-365.8031,172.0006,-0.0050
6827.0879,-1109.3400,-364.8709,171.9956,-0.0049
6828.0885,-1108.9781,-363.9386,171.9907,-0.0049
6829.0889,-1108.6163,-363.0064,171.9858,-0.0049
6830.0893,-1108.2545,-362.0742,171.9809,-0.0049
6831.0898,-1107.8927,-361.1419,171.9760,-0.0049
6832.0902,-1107.5309,-360.2097,171.9712,-0.0049
6833.0907,-1107.1693,-359.2773,171.9663,-0.0049
6834.0912,-1106.8078,-358.3449,171.9614,-0.0049
6835.0917,-1106.4464,-357.4125,171.9566,-0.0049
6836.0920,-1106.0849,-356.4802,171.9517,-0.0049
6837.0925,-1105.7234,-355.5478,171.9468,-0.0049
6838.0930,-1105.3619,-354.6154,171.9419,-0.0049
6839.0935,-1105.0004,-353.6830,171.9370,-0.0049
6840.0939,-1104.6389,-352.7507,171.9321,-0.0049
6841.0944,-1104.2774,-351.8183,171.9271,-0.0049
6842.0948,-1103.9155,-350.8861,171.9222,-0.0050
6843.0953,-1103.5533,-349.9540,171.9172,-0.0050
6844.0958,-1103.1910,-349.0219,171.9122,-0.0050
6845.0962,-1102.8288,-348.0898,171.9073,-0.0050
6846.0966,-1102.4665,-347.1578,171.9023,-0.0050
6847.0971,-1102.1042,-346.2257,171.8973,-0.0050
6848.0976,-1101.7420,-345.2936,171.8924,-0.0050
6849.0981,-1101.3797,-344.3615,171.8874,-0.0050
6850.0986,-1101.0174,-343.4294,171.8824,-0.0050
6851.0989,-1100.6552,-342.4974,171.8775,-0.0049
6852.0994,-1100.2934,-341.5651,171.8725,-0.0049
6853.0999,-1099.9315,-340.6329,171.8676,-0.0049
6854.1004,-1099.5697,-339.7006,171.8627,-0.0049
6855.1008,-1099.2079,-338.7684,171.8577,-0.0049
6856.1013,-1098.8461,-337.8361,171.8527,-0.0050
6857.1017,-1098.4843,-336.9039,171.8478,-0.0050
6858.1022,-1098.1225,-335.9716,171.8428,-0.0050
6859.1026,-1097.7607,-335.0394,171.8378,-0.0050
6860.1031,-1097.3989,-334.1071,171.8328,-0.0050
6861.1035,-1097.0371,-333.1749,171.8277,-0.0051
6862.1040,-1096.6752,-332.2426,171.8226,-0.0051
6863.1045,-1096.3133,-331.3104,171.8175,-0.0052
6864.1049,-1095.9515,-330.3782,171.8123,-0.0052
6865.1054,-1095.5896,-329.4459,171.8071,-0.0052
6866.1058,-1095.2278,-328.5137,171.8018,-0.0053
6867.1062,-1094.8659,-327.5815,171.7965,-0.0053
6868.1067,-1094.5041,-326.6492,171.7912,-0.0054
6869.1072,-1094.1422,-325.7170,171.7857,-0.0054
6870.1076,-1093.7803,-324.7848,171.7803,-0.0055
6871.1081,-1093.4184,-323.8526,171.7748,-0.0055
6872.1086,-1093.0565,-322.9203,171.7693,-0.0055
6873.1090,-1092.6946,-321.9881,171.7638,-0.0055
6874.1095,-1092.3326,-321.0559,171.7582,-0.0055
6875.1100,-1091.9707,-320.1237,171.7527,-0.0055
6876.1104,-1091.6088,-319.1915,171.7471,-0.0055
6877.1109,-1091.2468,-318.2593,171.7416,-0.0055
6878.1113,-1090.8849,-317.3271,171.7361,-0.0055
6879.1118,-1090.5230,-316.3949,171.7306,-0.0055
6880.1122,-1090.1614,-315.4626,171.7251,-0.0054
6881.1127,-1089.8001,-314.5301,171.7197,-0.0054
6882.1132,-1089.4389,-313.5976,171.7144,-0.0053
6883.1135,-1089.0777,-312.6652,171.7091,-0.0053
6884.1140,-1088.7164,-311.7327,171.7039,-0.0052
6885.1145,-1088.3552,-310.8002,171.6987,-0.0051
6886.1150,-1087.9939,-309.8677,171.6936,-0.0051
6887.1154,-1087.6327,-308.9353,171.6886,-0.0050
6888.1159,-1087.2714,-308.0028,171.6836,-0.0049
6889.1163,-1086.9101,-307.0704,171.6787,-0.0049
6890.1168,-1086.5483,-306.1381,171.6739,-0.0048
6891.1172,-1086.1865,-305.2059,171.6691,-0.0048
6892.1177,-1085.8246,-304.2736,171.6643,-0.0047
6893.1181,-1085.4628,-303.3414,171.6596,-0.0047
6894.1186,-1085.1009,-302.4092,171.6549,-0.0047
6895.1191,-1084.7391,-301.4769,171.6503,-0.0047
6896.1195,-1084.3772,-300.5447,171.6456,-0.0047
6897.1200,-1084.0154,-299.6124,171.6409,-0.0047
6898.1204,-1083.6535,-298.6802,171.6363,-0.0047
6899.1209,-1083.2913,-297.7481,171.6316,-0.0047
6900.1214,-1082.9288,-296.8161,171.6269,-0.0047
6901.1218,-1082.5663,-295.8841,171.6222,-0.0047
6902.1222,-1082.2038,-294.9522,171.6175,-0.0047
6903.1227,-1081.8413,-294.0202,171.6127,-0.0048
6904.1232,-1081.4788,-293.0882,171.6079,-0.0048
6905.1236,-1081.1163,-292.1562,171.6032,-0.0048
6906.1241,-1080.7538,-291.2242,171.5984,-0.0048
6907.1246,-1080.3913,-290.2922,171.5937,-0.0047
6908.1250,-1080.0289,-289.3602,171.5889,-0.0047
6909.1254,-1079.6676,-288.4278,171.5843,-0.0046
6910.1259,-1079.3063,-287.4953,171.5797,-0.0046
6911.1263,-1078.9450,-286.5629,171.5751,-0.0045
6912.1268,-1078.5837,-285.6304,171.5707,-0.0044
6913.1273,-1078.2224,-284.6980,171.5664,-0.0042
6914.1278,-1077.8611,-283.7655,171.5622,-0.0041
6915.1282,-1077.4998,-282.8331,171.5582,-0.0039
6916.1286,-1077.1386,-281.9006,171.5544,-0.0038
6917.1291,-1076.7773,-280.9681,171.5507,-0.0036
6918.1295,-1076.4150,-280.0361,171.5472,-0.0034
6919.1300,-1076.0520,-279.1043,171.5438,-0.0032
6920.1305,-1075.6889,-278.1725,171.5407,-0.0031
6921.1309,-1075.3258,-277.2408,171.5377,-0.0029
6922.1314,-1074.9627,-276.3090,171.5349,-0.0027
6923.1318,-1074.5996,-275.3773,171.5323,-0.0026
6924.1323,-1074.2365,-274.4455,171.5298,-0.0024
6925.1327,-1073.8734,-273.5138,171.5274,-0.0023
6926.1332,-1073.5103,-272.5820,171.5252,-0.0022
6927.1337,-1073.1472,-271.6503,171.5231,-0.0021
6928.1341,-1072.7842,-270.7185,171.5211,-0.0020
6929.1346,-1072.4213,-269.7867,171.5191,-0.0020
6930.1350,-1072.0584,-268.8549,171.5172,-0.0019
6931.1355,-1071.6954,-267.9231,171.5152,-0.0019
6932.1360,-1071.3325,-266.9912,171.5133,-0.0020
6933.1364,-1070.9695,-266.0594,171.5113,-0.0020
6934.1369,-1070.6066,-265.1276,171.5093,-0.0021
6935.1373,-1070.2436,-264.1958,171.5071,-0.0022
6936.1378,-1069.8807,-263.2640,171.5049,-0.0023
6937.1382,-1069.5182,-262.3320,171.5025,-0.0025
6938.1387,-1069.1560,-261.3999,171.4999,-0.0027
6939.1392,-1068.7938,-260.4678,171.4970,-0.0029
6940.1396,-1068.4317,-259.5357,171.4940,-0.0032
6941.1400,-1068.0695,-258.6036,171.4907,-0.0034
6942.1406,-1067.7073,-257.6714,171.4871,-0.0037
6943.1410,-1067.3452,-256.7393,171.4832,-0.0040
6944.1415,-1066.9830,-255.8072,171.4791,-0.0043
6945.1419,-1066.6209,-254.8751,171.4747,-0.0045
6946.1424,-1066.2588,-253.9429,171.4700,-0.0048
6947.1428,-1065.8982,-253.0102,171.4651,-0.0050
6948.1433,-1065.5378,-252.0774,171.4599,-0.0053
6949.1437,-1065.1773,-251.1447,171.4545,-0.0054
6950.1442,-1064.8168,-250.2119,171.4490,-0.0056
6951.1447,-1064.4563,-249.2791,171.4433,-0.0057
6952.1451,-1064.0958,-248.3464,171.4375,-0.0058
6953.1455,-1063.7354,-247.4136,171.4316,-0.0059
6954.1460,-1063.3749,-246.4808,171.4257,-0.0060
6955.1464,-1063.0144,-245.5481,171.4197,-0.0060
6956.1468,-1062.6538,-244.6154,171.4136,-0.0061
6957.1473,-1062.2930,-243.6827,171.4076,-0.0061
6958.1478,-1061.9323,-242.7500,171.4014,-0.0061
6959.1482,-1061.5715,-241.8174,171.3953,-0.0062
6960.1487,-1061.2107,-240.8847,171.3891,-0.0062
6961.1491,-1060.8500,-239.9521,171.3828,-0.0063
6962.1496,-1060.4892,-239.0194,171.3765,-0.0064
6963.1500,-1060.1285,-238.0868,171.3700,-0.0065
6964.1505,-1059.7677,-237.1541,171.3635,-0.0066
6965.1509,-1059.4069,-236.2215,171.3569,-0.0067
6966.1515,-1059.0452,-235.2891,171.3501,-0.0068
6967.1519,-1058.6836,-234.3568,171.3432,-0.0070
6968.1523,-1058.3219,-233.4245,171.3362,-0.0071
6969.1528,-1057.9602,-232.4922,171.3290,-0.0072
6970.1533,-1057.5985,-231.5599,171.3217,-0.0074
6971.1537,-1057.2368,-230.6276,171.3142,-0.0075
6972.1541,-1056.8752,-229.6953,171.3066,-0.0077
6973.1546,-1056.5135,-228.7630,171.2989,-0.0078
6974.1551,-1056.1518,-227.8307,171.2911,-0.0079
6975.1555,-1055.7912,-226.8980,171.2831,-0.0080
6976.1560,-1055.4315,-225.9649,171.2751,-0.0081
6977.1564,-1055.0718,-225.0319,171.2670,-0.0081
6978.1568,-1054.7122,-224.0988,171.2589,-0.0082
6979.1573,-1054.3525,-223.1657,171.2507,-0.0082
6980.1578,-1053.9928,-222.2326,171.2424,-0.0082
6981.1582,-1053.6331,-221.2995,171.2342,-0.0083
6982.1586,-1053.2735,-220.3665,171.2259,-0.0083
6983.1591,-1052.9138,-219.4334,171.2176,-0.0083
6984.1595,-1052.5539,-218.5004,171.2092,-0.0084
6985.1600,-1052.1907,-217.5687,171.2008,-0.0084
6986.1605,-1051.8274,-216.6370,171.1923,-0.0085
6987.1608,-1051.4641,-215.7054,171.1837,-0.0086
6988.1614,-1051.1007,-214.7737,171.1751,-0.0087
6989.1618,-1050.7350,-213.8430,171.1662,-0.0089
6990.1623,-1050.3674,-212.9130,171.1572,-0.0091
6991.1627,-1049.9996,-211.9831,171.1480,-0.0093
6992.1632,-1049.6319,-211.0531,171.1386,-0.0096
6993.1637,-1049.2641,-210.1232,171.1288,-0.0099
6994.1641,-1048.8964,-209.1933,171.1188,-0.0102
6995.1646,-1048.5291,-208.2632,171.1084,-0.0106
6996.1651,-1048.1661,-207.3314,171.0976,-0.0109
6997.1655,-1047.8035,-206.3995,171.0865,-0.0113
6998.1660,-1047.4408,-205.4675,171.0750,-0.0117
6999.1665,-1047.0781,-204.5356,171.0631,-0.0121
7000.1669,-1046.7155,-203.6037,171.0508,-0.0125
7001.1673,-1046.3528,-202.6718,171.0381,-0.0128
7002.1677,-1045.9902,-201.7399,171.0252,-0.0131
7003.1683,-1045.6275,-200.8079,171.0119,-0.0134
7004.1687,-1045.2649,-199.8760,170.9984,-0.0136
7005.1691,-1044.9025,-198.9440,170.9848,-0.0137
7006.1696,-1044.5403,-198.0119,170.9710,-0.0138
7007.1701,-1044.1782,-197.0797,170.9572,-0.0138
7008.1705,-1043.8161,-196.1476,170.9433,-0.0138
7009.1709,-1043.4540,-195.2155,170.9296,-0.0136
7010.1715,-1043.0918,-194.2833,170.9161,-0.0134
7011.1719,-1042.7297,-193.3512,170.9028,-0.0131
7012.1723,-1042.3676,-192.4191,170.8899,-0.0127
7013.1728,-1042.0054,-191.4870,170.8773,-0.0123
7014.1732,-1041.6432,-190.5549,170.8652,-0.0119
7015.1737,-1041.2797,-189.6233,170.8536,-0.0114
7016.1742,-1040.9161,-188.6917,170.8425,-0.0108
7017.1746,-1040.5525,-187.7602,170.8319,-0.0103
7018.1751,-1040.1889,-186.8286,170.8219,-0.0098
7019.1755,-1039.8253,-185.8971,170.8123,-0.0093
7020.1760,-1039.4617,-184.9655,170.8032,-0.0089
7021.1765,-1039.0981,-184.0339,170.7944,-0.0086
7022.1769,-1038.7345,-183.1024,170.7861,-0.0083
7023.1774,-1038.3709,-182.1708,170.7779,-0.0081
7024.1778,-1038.0087,-181.2387,170.7699,-0.0080
7025.1783,-1037.6475,-180.3062,170.7620,-0.0080
7026.1787,-1037.2864,-179.3737,170.7540,-0.0081
7027.1791,-1036.9253,-178.4412,170.7458,-0.0083
7028.1796,-1036.5641,-177.5087,170.7373,-0.0087
7029.1800,-1036.2030,-176.5762,170.7285,-0.0091
7030.1805,-1035.8419,-175.6437,170.7191,-0.0097
7031.1810,-1035.4808,-174.7111,170.7090,-0.0104
7032.1814,-1035.1197,-173.7786,170.6982,-0.0113
7033.1818,-1034.7586,-172.8461,170.6865,-0.0123
7034.1823,-1034.3979,-171.9134,170.6737,-0.0134
7035.1828,-1034.0372,-170.9807,170.6597,-0.0147
7036.1832,-1033.6765,-170.0480,170.6443,-0.0161
7037.1837,-1033.3158,-169.1153,170.6275,-0.0176
7038.1841,-1032.9551,-168.1827,170.6091,-0.0193
7039.1845,-1032.5944,-167.2500,170.5889,-0.0211
7040.1850,-1032.2337,-166.3173,170.5669,-0.0229
7041.1854,-1031.8731,-165.3846,170.5431,-0.0248
7042.1859,-1031.5124,-164.4519,170.5173,-0.0267
7043.1863,-1031.1518,-163.5192,170.4896,-0.0286
7044.1868,-1030.7913,-162.5864,170.4601,-0.0303
7045.1873,-1030.4309,-161.6536,170.4289,-0.0320
7046.1877,-1030.0704,-160.7209,170.3962,-0.0334
7047.1882,-1029.7099,-159.7881,170.3621,-0.0346
7048.1886,-1029.3494,-158.8553,170.3269,-0.0356
7049.1890,-1028.9890,-157.9226,170.2909,-0.0363
7050.1895,-1028.6285,-156.9898,170.2543,-0.0367
7051.1900,-1028.2680,-156.0570,170.2175,-0.0368
7052.1904,-1027.9076,-155.1242,170.1807,-0.0366
7053.1908,-1027.5474,-154.1914,170.1443,-0.0362
7054.1913,-1027.1872,-153.2585,170.1083,-0.0356
7055.1918,-1026.8270,-152.3256,170.0731,-0.0348
7056.1922,-1026.4669,-151.3927,170.0387,-0.0339
7057.1927,-1026.1067,-150.4598,170.0053,-0.0329
7058.1931,-1025.7465,-149.5269,169.9729,-0.0319
7059.1935,-1025.3863,-148.5941,169.9415,-0.0309
7060.1940,-1025.0261,-147.6612,169.9111,-0.0299
7061.1944,-1024.6660,-146.7283,169.8816,-0.0290
7062.1949,-1024.3064,-145.7952,169.8529,-0.0282
7063.1954,-1023.9472,-144.8619,169.8251,-0.0275
7064.1958,-1023.5881,-143.9286,169.7979,-0.0269
7065.1963,-1023.2290,-142.9953,169.7712,-0.0264
7066.1967,-1022.8699,-142.0620,169.7450,-0.0260
7067.1972,-1022.5107,-141.1287,169.7191,-0.0257
7068.1976,-1022.1516,-140.1954,169.6935,-0.0255
7069.1981,-1021.7925,-139.2621,169.6682,-0.0253
7070.1984,-1021.4334,-138.3289,169.6430,-0.0252
7071.1990,-1021.0743,-137.3955,169.6178,-0.0251
7072.1993,-1020.7162,-136.4619,169.5928,-0.0250
7073.1998,-1020.3581,-135.5282,169.5678,-0.0250
7074.2003,-1020.0000,-134.5945,169.5428,-0.0250
7075.2008,-1019.6418,-133.6608,169.5178,-0.0250
7076.2011,-1019.2837,-132.7272,169.4928,-0.0250
7077.2016,-1018.9256,-131.7935,169.4678,-0.0250
7078.2021,-1018.5675,-130.8598,169.4428,-0.0250
7079.2025,-1018.2094,-129.9261,169.4178,-0.0250
7080.2030,-1017.8513,-128.9924,169.3928,-0.0250
7081.2034,-1017.4933,-128.0587,169.3677,-0.0251
7082.2039,-1017.1355,-127.1249,169.3426,-0.0251
7083.2043,-1016.7777,-126.1911,169.3175,-0.0251
7084.2047,-1016.4199,-125.2573,169.2924,-0.0251
7085.2052,-1016.0622,-124.3235,169.2673,-0.0251
7086.2056,-1015.7044,-123.3897,169.2421,-0.0252
7087.2061,-1015.3466,-122.4559,169.2169,-0.0252
7088.2065,-1014.9888,-121.5221,169.1917,-0.0253
7089.2069,-1014.6310,-120.5883,169.1663,-0.0254
7090.2074,-1014.2732,-119.6545,169.1409,-0.0255
7091.2079,-1013.9158,-118.7205,169.1154,-0.0256
7092.2082,-1013.5585,-117.7866,169.0897,-0.0257
7093.2087,-1013.2011,-116.8526,169.0639,-0.0259
7094.2092,-1012.8437,-115.9186,169.0380,-0.0260
7095.2096,-1012.4864,-114.9847,169.0118,-0.0262
7096.2101,-1012.1290,-114.0507,168.9854,-0.0265
7097.2106,-1011.7716,-113.1167,168.9589,-0.0267
7098.2109,-1011.4143,-112.1828,168.9320,-0.0270
7099.2114,-1011.0569,-111.2488,168.9049,-0.0272
7100.2118,-1010.7002,-110.3146,168.8775,-0.0275
7101.2123,-1010.3440,-109.3802,168.8498,-0.0279
7102.2127,-1009.9878,-108.4458,168.8218,-0.0282
7103.2131,-1009.6316,-107.5114,168.7934,-0.0285
7104.2136,-1009.2754,-106.5770,168.7647,-0.0288
7105.2141,-1008.9192,-105.6425,168.7357,-0.0291
7106.2145,-1008.5630,-104.7081,168.7064,-0.0295
7107.2150,-1008.2068,-103.7737,168.6768,-0.0298
7108.2154,-1007.8506,-102.8393,168.6468,-0.0301
7109.2158,-1007.4945,-101.9049,168.6166,-0.0304
7110.2162,-1007.1390,-100.9702,168.5861,-0.0306
7111.2167,-1006.7835,-100.0355,168.5553,-0.0309
7112.2171,-1006.4281,-99.1008,168.5243,-0.0311
7113.2176,-1006.0726,-98.1661,168.4931,-0.0313
7114.2181,-1005.7171,-97.2314,168.4617,-0.0315
7115.2184,-1005.3617,-96.2968,168.4302,-0.0316
7116.2189,-1005.0062,-95.3621,168.3985,-0.0318
7117.2193,-1004.6507,-94.4274,168.3666,-0.0319
7118.2198,-1004.2952,-93.4927,168.3347,-0.0320
7119.2202,-1003.9399,-92.5580,168.3027,-0.0321
7120.2206,-1003.5847,-91.6232,168.2705,-0.0321
7121.2211,-1003.2295,-90.6884,168.2384,-0.0322
7122.2215,-1002.8743,-89.7536,168.2062,-0.0322
7123.2220,-1002.5190,-88.8188,168.1739,-0.0323
7124.2225,-1002.1638,-87.8840,168.1416,-0.0323
7125.2228,-1001.8086,-86.9493,168.1093,-0.0323
7126.2233,-1001.4534,-86.0145,168.0770,-0.0323
7127.2237,-1001.0982,-85.0797,168.0446,-0.0324
7128.2241,-1000.7428,-84.1450,168.0122,-0.0324
7129.2246,-1000.3860,-83.2108,167.9798,-0.0324
7130.2251,-1000.0291,-82.2766,167.9473,-0.0325
7131.2255,-999.6722,-81.3425,167.9148,-0.0326
7132.2260,-999.3154,-80.4083,167.8822,-0.0326
7133.2264,-998.9585,-79.4742,167.8495,-0.0327
7134.2269,-998.6016,-78.5400,167.8167,-0.0328
7135.2273,-998.2447,-77.6059,167.7839,-0.0329
7136.2278,-997.8878,-76.6717,167.7509,-0.0330
7137.2281,-997.5310,-75.7376,167.7179,-0.0331
7138.2286,-997.1733,-74.8037,167.6847,-0.0333
7139.2291,-996.8149,-73.8701,167.6513,-0.0334
7140.2294,-996.4566,-72.9366,167.6178,-0.0336
7141.2299,-996.0982,-72.0030,167.5840,-0.0338
7142.2304,-995.7399,-71.0694,167.5501,-0.0340
7143.2308,-995.3815,-70.1358,167.5160,-0.0342
7144.2313,-995.0232,-69.2022,167.4817,-0.0344
7145.2317,-994.6648,-68.2686,167.4471,-0.0347
7146.2322,-994.3064,-67.3350,167.4123,-0.0349
7147.2326,-993.9482,-66.4014,167.3772,-0.0352
7148.2330,-993.5915,-65.4672,167.3419,-0.0354
7149.2335,-993.2348,-64.5330,167.3064,-0.0357
7150.2339,-992.8781,-63.5988,167.2706,-0.0359
7151.2344,-992.5214,-62.6645,167.2346,-0.0361
7152.2348,-992.1648,-61.7303,167.1983,-0.0364
7153.2352,-991.8081,-60.7961,167.1618,-0.0366
7154.2356,-991.4514,-59.8619,167.1251,-0.0368
7155.2362,-991.0947,-58.9276,167.0882,-0.0370
7156.2366,-990.7380,-57.9934,167.0512,-0.0371
7157.2371,-990.3814,-57.0591,167.0139,-0.0373
7158.2375,-990.0250,-56.1248,166.9765,-0.0374
7159.2379,-989.6685,-55.1905,166.9390,-0.0376
7160.2384,-989.3120,-54.2562,166.9014,-0.0377
7161.2388,-988.9555,-53.3219,166.8636,-0.0378
7162.2393,-988.5990,-52.3876,166.8258,-0.0379
7163.2397,-988.2425,-51.4533,166.7879,-0.0379
7164.2401,-987.8861,-50.5190,166.7499,-0.0380
7165.2406,-987.5296,-49.5847,166.7118,-0.0381
7166.2410,-987.1730,-48.6504,166.6737,-0.0381
7167.2414,-986.8159,-47.7164,166.6355,-0.0382
7168.2418,-986.4587,-46.7824,166.5973,-0.0383
7169.2423,-986.1016,-45.8483,166.5590,-0.0383
7170.2427,-985.7444,-44.9143,166.5206,-0.0384
7171.2432,-985.3872,-43.9802,166.4821,-0.0385
7172.2436,-985.0300,-43.0462,166.4436,-0.0386
7173.2440,-984.6729,-42.1122,166.4049,-0.0387
7174.2445,-984.3157,-41.1781,166.3662,-0.0388
7175.2450,-983.9585,-40.2441,166.3274,-0.0389
7176.2454,-983.6018,-39.3099,166.2885,-0.0390
7177.2459,-983.2454,-38.3755,166.2494,-0.0391
7178.2463,-982.8891,-37.4412,166.2103,-0.0392
7179.2468,-982.5327,-36.5068,166.1711,-0.0393
7180.2472,-982.1763,-35.5725,166.1317,-0.0394
7181.2476,-981.8200,-34.6381,166.0922,-0.0395
7182.2480,-981.4636,-33.7038,166.0526,-0.0396
7183.2485,-981.1072,-32.7694,166.0129,-0.0397
7184.2489,-980.7509,-31.8351,165.9731,-0.0398
7185.2494,-980.3945,-30.9007,165.9332,-0.0399
7186.2498,-980.0387,-29.9662,165.8932,-0.0400
7187.2502,-979.6828,-29.0317,165.8531,-0.0401
7188.2507,-979.3270,-28.0971,165.8129,-0.0402
7189.2511,-978.9711,-27.1626,165.7726,-0.0403
7190.2516,-978.6153,-26.2280,165.7322,-0.0404
7191.2520,-978.2595,-25.2935,165.6917,-0.0405
7192.2525,-977.9036,-24.3589,165.6511,-0.0406
7193.2529,-977.5478,-23.4244,165.6104,-0.0407
7194.2534,-977.1919,-22.4898,165.5697,-0.0408
7195.2537,-976.8369,-21.5550,165.5289,-0.0408
7196.2542,-976.4824,-20.6199,165.4880,-0.0409
7197.2546,-976.1279,-19.6849,165.4471,-0.0409
7198.2550,-975.7735,-18.7498,165.4062,-0.0409
7199.2555,-975.4190,-17.8147,165.3653,-0.0409
7200.2560,-975.0646,-16.8796,165.3243,-0.0409
7201.2563,-974.7101,-15.9446,165.2834,-0.0409
7202.2568,-974.3556,-15.0095,165.2425,-0.0409
7203.2573,-974.0012,-14.0744,165.2016,-0.0408
7204.2577,-973.6467,-13.1394,165.1608,-0.0408
7205.2581,-973.2922,-12.2043,165.1201,-0.0407
7206.2586,-972.9377,-11.2692,165.0794,-0.0406
7207.2590,-972.5832,-10.3342,165.0388,-0.0405
7208.2595,-972.2287,-9.3991,164.9983,-0.0405
7209.2599,-971.8742,-8.4641,164.9578,-0.0404
7210.2603,-971.5197,-7.5290,164.9175,-0.0403
7211.2607,-971.1652,-6.5940,164.8772,-0.0402
7212.2612,-970.8107,-5.6589,164.8370,-0.0401
7213.2616,-970.4562,-4.7239,164.7969,-0.0401
7214.2620,-970.1021,-3.7887,164.7569,-0.0400
7215.2625,-969.7483,-2.8533,164.7169,-0.0399
7216.2629,-969.3945,-1.9180,164.6770,-0.0399
7217.2633,-969.0407,-0.9827,164.6371,-0.0398
7218.2638,-968.6869,-0.0474,164.5973,-0.0398
7219.2643,-968.3331,0.8880,164.5575,-0.0397
7220.2647,-967.9793,1.8233,164.5178,-0.0397
7221.2651,-967.6255,2.7586,164.4781,-0.0396
7222.2655,-967.2717,3.6939,164.4385,-0.0396
7223.2659,-966.9179,4.6292,164.3989,-0.0395
7224.2664,-966.5641,5.5646,164.3594,-0.0395
7225.2669,-966.2102,6.4999,164.3199,-0.0395
7226.2673,-965.8564,7.4352,164.2804,-0.0394
7227.2677,-965.5026,8.3705,164.2410,-0.0394
7228.2682,-965.1487,9.3058,164.2017,-0.0393
7229.2686,-964.7949,10.2411,164.1624,-0.0393
7230.2690,-964.4410,11.1764,164.1231,-0.0392
7231.2695,-964.0872,12.1117,164.0839,-0.0392
7232.2699,-963.7333,13.0470,164.0447,-0.0391
7233.2704,-963.3789,13.9821,164.0056,-0.0391
7234.2707,-963.0239,14.9169,163.9665,-0.0391
7235.2712,-962.6690,15.8518,163.9274,-0.0390
7236.2716,-962.3140,16.7867,163.8884,-0.0390
7237.2721,-961.9591,17.7216,163.8494,-0.0390
7238.2725,-961.6041,18.6565,163.8105,-0.0389
7239.2730,-961.2492,19.5914,163.7715,-0.0389
7240.2734,-960.8942,20.5263,163.7327,-0.0389
7241.2738,-960.5393,21.4611,163.6938,-0.0388
7242.2742,-960.1844,22.3960,163.6549,-0.0388
7243.2747,-959.8299,23.3311,163.6161,-0.0388
7244.2751,-959.4755,24.2662,163.5774,-0.0387
7245.2756,-959.1210,25.2013,163.5386,-0.0387
7246.2759,-958.7666,26.1363,163.4999,-0.0387
7247.2764,-958.4121,27.0714,163.4613,-0.0386
7248.2769,-958.0576,28.0065,163.4227,-0.0385
7249.2773,-957.7032,28.9416,163.3841,-0.0385
7250.2777,-957.3487,29.8766,163.3457,-0.0384
7251.2782,-956.9943,30.8117,163.3073,-0.0383
7252.2786,-956.6397,31.7467,163.2689,-0.0383
7253.2791,-956.2851,32.6818,163.2307,-0.0382
7254.2795,-955.9305,33.6168,163.1925,-0.0381
7255.2799,-955.5759,34.5518,163.1545,-0.0380
7256.2804,-955.2213,35.4868,163.1165,-0.0379
7257.2808,-954.8666,36.4218,163.0786,-0.0378
7258.2812,-954.5120,37.3568,163.0409,-0.0377
7259.2816,-954.1574,38.2918,163.0032,-0.0376
7260.2821,-953.8028,39.2268,162.9657,-0.0375
7261.2825,-953.4481,40.1618,162.9282,-0.0374
7262.2830,-953.0929,41.0966,162.8909,-0.0372
7263.2834,-952.7377,42.0314,162.8537,-0.0371
7264.2839,-952.3825,42.9662,162.8167,-0.0370
7265.2843,-952.0273,43.9010,162.7797,-0.0369
7266.2846,-951.6721,44.8357,162.7429,-0.0367
7267.2851,-951.3168,45.7705,162.7062,-0.0366
7268.2856,-950.9616,46.7053,162.6697,-0.0365
7269.2860,-950.6064,47.6401,162.6332,-0.0364
7270.2865,-950.2512,48.5749,162.5969,-0.0362
7271.2869,-949.8963,49.5098,162.5608,-0.0361
7272.2873,-949.5416,50.4448,162.5247,-0.0360
7273.2877,-949.1868,51.3797,162.4887,-0.0359
7274.2882,-948.8321,52.3147,162.4529,-0.0358
7275.2887,-948.4774,53.2497,162.4171,-0.0357
7276.2891,-948.1227,54.1847,162.3815,-0.0356
7277.2895,-947.7680,55.1196,162.3459,-0.0355
7278.2899,-947.4133,56.0546,162.3104,-0.0355
7279.2904,-947.0585,56.9896,162.2750,-0.0354
7280.2908,-946.7039,57.9246,162.2396,-0.0354
7281.2913,-946.3495,58.8597,162.2042,-0.0353
7282.2917,-945.9951,59.7948,162.1689,-0.0353
7283.2921,-945.6407,60.7299,162.1336,-0.0353
7284.2926,-945.2863,61.6650,162.0984,-0.0352
7285.2930,-944.9320,62.6001,162.0631,-0.0352
7286.2934,-944.5776,63.5352,162.0279,-0.0352
7287.2939,-944.2232,64.4703,161.9926,-0.0352
7288.2943,-943.8688,65.4054,161.9574,-0.0352
7289.2948,-943.5144,66.3405,161.9222,-0.0352
7290.2951,-943.1610,67.2759,161.8869,-0.0352
7291.2956,-942.8082,68.2116,161.8517,-0.0352
7292.2960,-942.4554,69.1473,161.8165,-0.0352
7293.2964,-942.1026,70.0830,161.7813,-0.0351
7294.2969,-941.7499,71.0188,161.7462,-0.0351
7295.2973,-941.3971,71.9545,161.7111,-0.0351
7296.2978,-941.0443,72.8902,161.6760,-0.0350
7297.2982,-940.6915,73.8259,161.6410,-0.0350
7298.2986,-940.3388,74.7616,161.6061,-0.0349
7299.2991,-939.9861,75.6974,161.5712,-0.0348
7300.2994,-939.6354,76.6338,161.5364,-0.0347
7301.2999,-939.2848,77.5703,161.5017,-0.0346
7302.3003,-938.9341,78.5068,161.4671,-0.0345
7303.3007,-938.5834,79.4433,161.4326,-0.0344
7304.3012,-938.2327,80.3798,161.3982,-0.0344
7305.3016,-937.8821,81.3163,161.3639,-0.0343
7306.3020,-937.5314,82.2528,161.3296,-0.0342
7307.3025,-937.1807,83.1893,161.2955,-0.0341
7308.3029,-936.8300,84.1258,161.2614,-0.0340
7309.3033,-936.4769,85.0614,161.2275,-0.0339
7310.3038,-936.1219,85.9963,161.1935,-0.0339
7311.3042,-935.7669,86.9311,161.1596,-0.0339
7312.3046,-935.4112,87.8657,161.1258,-0.0338
7313.3051,-935.0474,88.7972,161.0919,-0.0338
7314.3055,-934.6835,89.7286,161.0581,-0.0339
7315.3060,-934.3195,90.6601,161.0242,-0.0339
7316.3065,-933.9556,91.5915,160.9902,-0.0340
7317.3069,-933.5917,92.5229,160.9562,-0.0340
7318.3073,-933.2278,93.4543,160.9221,-0.0341
7319.3077,-932.8697,94.3880,160.8879,-0.0342
7320.3082,-932.5160,95.3234,160.8536,-0.0344
7321.3087,-932.1623,96.2588,160.8192,-0.0345
7322.3090,-931.8063,97.1932,160.7846,-0.0346
7323.3095,-931.4475,98.1266,160.7499,-0.0348
7324.3099,-931.0918,99.0612,160.7150,-0.0349
7325.3103,-930.7385,99.9967,160.6800,-0.0350
7326.3108,-930.3851,100.9322,160.6449,-0.0352
7327.3112,-930.0318,101.8677,160.6097,-0.0353
7328.3116,-929.6785,102.8032,160.5744,-0.0353
7329.3120,-929.3252,103.7387,160.5390,-0.0354
7330.3125,-928.9718,104.6742,160.5035,-0.0355
7331.3129,-928.6185,105.6097,160.4680,-0.0355
7332.3133,-928.2652,106.5452,160.4325,-0.0355
7333.3139,-927.9116,107.4807,160.3969,-0.0355
7334.3143,-927.5554,108.4151,160.3615,-0.0354
7335.3147,-927.1992,109.3495,160.3260,-0.0354
7336.3152,-926.8430,110.2839,160.2907,-0.0353
7337.3156,-926.4868,111.2183,160.2554,-0.0352
7338.3160,-926.1305,112.1527,160.2203,-0.0350
7339.3165,-925.7743,113.0871,160.1854,-0.0348
7340.3169,-925.4142,114.0200,160.1506,-0.0347
7341.3173,-925.0513,114.9518,160.1160,-0.0344
7342.3177,-924.6884,115.8836,160.0817,-0.0342
7343.3182,-924.3254,116.8154,160.0476,-0.0339
7344.3187,-923.9625,117.7473,160.0138,-0.0336
7345.3191,-923.5993,118.6790,159.9803,-0.0333
7346.3196,-923.2328,119.6094,159.9471,-0.0330
7347.3200,-922.8662,120.5398,159.9143,-0.0326
7348.3205,-922.4997,121.4702,159.8818,-0.0322
7349.3209,-922.1332,122.4006,159.8498,-0.0318
7350.3214,-921.7667,123.3310,159.8182,-0.0313
7351.3218,-921.4002,124.2614,159.7872,-0.0308
7352.3222,-921.0337,125.1918,159.7566,-0.0302
7353.3228,-920.6671,126.1223,159.7267,-0.0296
7354.3232,-920.3006,127.0527,159.6974,-0.0290
7355.3236,-919.9358,127.9837,159.6687,-0.0283
7356.3241,-919.5721,128.9153,159.6408,-0.0275
7357.3245,-919.2085,129.8468,159.6136,-0.0267
7358.3249,-918.8448,130.7783,159.5872,-0.0259
7359.3254,-918.4812,131.7099,159.5617,-0.0250
7360.3259,-918.1175,132.6414,159.5371,-0.0241
7361.3263,-917.7539,133.5729,159.5135,-0.0232
7362.3268,-917.3902,134.5045,159.4907,-0.0222
7363.3272,-917.0265,135.4360,159.4689,-0.0213
7364.3277,-916.6569,136.3652,159.4482,-0.0203
7365.3281,-916.2828,137.2926,159.4284,-0.0193
7366.3286,-915.9076,138.2195,159.4095,-0.0183
7367.3290,-915.5183,139.1406,159.3917,-0.0174
7368.3295,-915.1190,140.0574,159.3748,-0.0164
7369.3301,-914.7105,140.9702,159.3588,-0.0155
7370.3307,-914.2818,141.8737,159.3437,-0.0146
7371.3313,-913.8388,142.7702,159.3295,-0.0138
7372.3318,-913.3836,143.6605,159.3162,-0.0130
7373.3325,-912.9067,144.5395,159.3036,-0.0122
7374.3331,-912.4120,145.4085,159.2918,-0.0114
7375.3339,-911.8991,146.2670,159.2807,-0.0107
7376.3346,-911.3683,147.1145,159.2703,-0.0101
7377.3354,-910.8194,147.9504,159.2605,-0.0095
7378.3362,-910.2526,148.7742,159.2513,-0.0089
7379.3371,-909.6677,149.5853,159.2427,-0.0084
7380.3381,-909.0647,150.3831,159.2344,-0.0080
7381.3391,-908.4435,151.1668,159.2266,-0.0076
7382.3401,-907.8044,151.9359,159.2192,-0.0073
7383.3411,-907.1476,152.6899,159.2120,-0.0071
7384.3422,-906.4737,153.4287,159.2050,-0.0069
7385.3435,-905.7836,154.1525,159.1981,-0.0068
7386.3447,-905.0782,154.8613,159.1913,-0.0069
7387.3460,-904.3572,155.5543,159.1844,-0.0069
7388.3472,-903.6264,156.2368,159.1774,-0.0071
7389.3485,-902.8873,156.9104,159.1701,-0.0074
7390.3498,-902.1362,157.5705,159.1626,-0.0078
7391.3512,-901.3786,158.2233,159.1546,-0.0082
7392.3526,-900.6165,158.8707,159.1462,-0.0087
7393.3539,-899.8489,159.5116,159.1372,-0.0093
7394.3554,-899.0773,160.1477,159.1276,-0.0099
7395.3569,-898.3001,160.7771,159.1173,-0.0106
7396.3583,-897.5189,161.4013,159.1064,-0.0113
7397.3598,-896.7314,162.0177,159.0947,-0.0121
7398.3612,-895.9383,162.6267,159.0822,-0.0128
7399.3627,-895.1341,163.2210,159.0690,-0.0136
7400.3643,-894.3212,163.8034,159.0550,-0.0143
7401.3659,-893.5007,164.3751,159.0403,-0.0151
7402.3675,-892.6660,164.9258,159.0249,-0.0158
7403.3692,-891.8187,165.4569,159.0087,-0.0164
7404.3708,-890.9582,165.9663,158.9919,-0.0171
7405.3726,-890.0841,166.4521,158.9745,-0.0176
7406.3744,-889.1967,166.9130,158.9566,-0.0182
7407.3762,-888.2963,167.3480,158.9382,-0.0186
7408.3781,-887.3836,167.7565,158.9193,-0.0190
7409.3801,-886.4594,168.1384,158.9000,-0.0194
7410.3821,-885.5246,168.4936,158.8804,-0.0197
7411.3841,-884.5803,168.8226,158.8605,-0.0200
7412.3862,-883.6273,169.1257,158.8403,-0.0202
7413.3882,-882.6667,169.4035,158.8200,-0.0204
7414.3903,-881.6993,169.6567,158.7995,-0.0205
7415.3924,-880.7260,169.8859,158.7789,-0.0207
7416.3946,-879.7474,170.0919,158.7581,-0.0208
7417.3967,-878.7644,170.2751,158.7372,-0.0209
7418.3989,-877.7775,170.4364,158.7162,-0.0210
7419.4012,-876.7873,170.5763,158.6952,-0.0211
7420.4034,-875.7944,170.6954,158.6740,-0.0212
7421.4056,-874.7993,170.7936,158.6527,-0.0213
7422.4078,-873.8022,170.8691,158.6313,-0.0214
7423.4101,-872.8039,170.9277,158.6098,-0.0215
7424.4124,-871.8048,170.9707,158.5881,-0.0217
7425.4146,-870.8050,170.9877,158.5663,-0.0218
7426.4168,-869.8050,170.9883,158.5444,-0.0220
7427.4191,-868.8051,170.9738,158.5223,-0.0221
7428.4213,-867.8059,170.9338,158.5001,-0.0222
7429.4236,-866.8075,170.8776,158.4778,-0.0223
7430.4258,-865.8101,170.8064,158.4554,-0.0224
7431.4280,-864.8147,170.7102,158.4330,-0.0224
7432.4302,-863.8210,170.5983,158.4105,-0.0224
7433.4324,-862.8291,170.4716,158.3881,-0.0224
7434.4346,-861.8405,170.3212,158.3657,-0.0223
7435.4368,-860.8542,170.1564,158.3434,-0.0222
7436.4390,-859.8702,169.9784,158.3212,-0.0220
7437.4411,-858.8900,169.7804,158.2993,-0.0217
7438.4433,-857.9120,169.5717,158.2777,-0.0215
7439.4455,-856.9361,169.3535,158.2563,-0.0211
7440.4477,-855.9631,169.1225,158.2353,-0.0208
7441.4497,-854.9907,168.8895,158.2147,-0.0203
7442.4519,-854.0206,168.6466,158.1945,-0.0199
7443.4540,-853.0506,168.4037,158.1748,-0.0194
7444.4562,-852.0805,168.1607,158.1556,-0.0189
7445.4583,-851.1105,167.9178,158.1370,-0.0184
7446.4605,-850.1404,167.6749,158.1188,-0.0178
7447.4626,-849.1704,167.4319,158.1012,-0.0173
7448.4647,-848.2004,167.1889,158.0842,-0.0167
7449.4669,-847.2303,166.9459,158.0676,-0.0162
7450.4690,-846.2603,166.7030,158.0517,-0.0157
7451.4711,-845.2903,166.4600,158.0362,-0.0151
7452.4733,-844.3201,166.2176,158.0213,-0.0146
7453.4754,-843.3494,165.9774,158.0069,-0.0141
7454.4776,-842.3786,165.7372,157.9930,-0.0136
7455.4797,-841.4079,165.4971,157.9796,-0.0132
7456.4818,-840.4372,165.2569,157.9666,-0.0127
7457.4839,-839.4665,165.0167,157.9541,-0.0123
7458.4861,-838.4957,164.7766,157.9419,-0.0119
7459.4882,-837.5250,164.5364,157.9302,-0.0115
7460.4903,-836.5543,164.2962,157.9188,-0.0112
7461.4925,-835.5835,164.0561,157.9077,-0.0109
7462.4947,-834.6127,163.8163,157.8970,-0.0106
7463.4968,-833.6418,163.5768,157.8865,-0.0103
7464.4989,-832.6709,163.3373,157.8763,-0.0101
7465.5011,-831.7000,163.0978,157.8663,-0.0099
7466.5033,-830.7291,162.8582,157.8565,-0.0097
7467.5054,-829.7582,162.6187,157.8469,-0.0096
7468.5074,-828.7874,162.3792,157.8373,-0.0095
7469.5096,-827.8165,162.1397,157.8278,-0.0094
7470.5118,-826.8454,161.9006,157.8184,-0.0094
7471.5139,-825.8740,161.6634,157.8090,-0.0094
7472.5161,-824.9025,161.4262,157.7996,-0.0094
7473.5182,-823.9311,161.1890,157.7901,-0.0095
7474.5204,-822.9596,160.9518,157.7806,-0.0096
7475.5225,-821.9882,160.7145,157.7710,-0.0097
7476.5246,-821.0167,160.4773,157.7612,-0.0098
7477.5268,-820.0452,160.2401,157.7513,-0.0100
7478.5289,-819.0738,160.0029,157.7412,-0.0102
7479.5310,-818.1024,159.7656,157.7309,-0.0103
7480.5332,-817.1310,159.5279,157.7205,-0.0105
7481.5354,-816.1597,159.2901,157.7098,-0.0107
7482.5375,-815.1884,159.0522,157.6990,-0.0109
7483.5397,-814.2171,158.8143,157.6880,-0.0111
7484.5418,-813.2458,158.5765,157.6768,-0.0112
7485.5439,-812.2745,158.3386,157.6655,-0.0114
7486.5461,-811.3032,158.1007,157.6540,-0.0115
7487.5482,-810.3319,157.8628,157.6423,-0.0117
7488.5504,-809.3606,157.6250,157.6306,-0.0118
7489.5525,-808.3893,157.3871,157.6187,-0.0119
7490.5546,-807.4181,157.1491,157.6068,-0.0120
7491.5568,-806.4468,156.9111,157.5948,-0.0120
7492.5589,-805.4755,156.6732,157.5827,-0.0120
7493.5610,-804.5043,156.4352,157.5706,-0.0121
7494.5632,-803.5330,156.1972,157.5585,-0.0121
7495.5654,-802.5617,155.9592,157.5464,-0.0121
7496.5675,-801.5904,155.7213,157.5343,-0.0121
7497.5696,-800.6192,155.4833,157.5222,-0.0121
7498.5718,-799.6479,155.2451,157.5101,-0.0121
7499.5739,-798.6769,155.0062,157.4980,-0.0121
7500.5761,-797.7060,154.7668,157.4859,-0.0121
7501.5782,-796.7351,154.5274,157.4738,-0.0121
7502.5804,-795.7641,154.2880,157.4617,-0.0121
7503.5825,-794.7932,154.0486,157.4496,-0.0121
7504.5846,-793.8223,153.8092,157.4374,-0.0122
7505.5868,-792.8514,153.5698,157.4252,-0.0122
7506.5889,-791.8805,153.3304,157.4129,-0.0123
7507.5911,-790.9095,153.0910,157.4005,-0.0124
7508.5932,-789.9385,152.8520,157.3881,-0.0125
7509.5954,-788.9672,152.6140,157.3755,-0.0126
7510.5975,-787.9960,152.3760,157.3629,-0.0127
7511.5996,-787.0247,152.1381,157.3502,-0.0128
7512.6018,-786.0534,151.9001,157.3373,-0.0129
7513.6039,-785.0822,151.6621,157.3244,-0.0130
7514.6061,-784.1109,151.4241,157.3113,-0.0131
7515.6083,-783.1396,151.1861,157.2982,-0.0131
7516.6104,-782.1685,150.9476,157.2850,-0.0132
7517.6125,-781.1976,150.7080,157.2717,-0.0133
7518.6147,-780.2263,150.4701,157.2584,-0.0134
7519.6168,-779.2548,150.2333,157.2450,-0.0134
7520.6190,-778.2832,149.9965,157.2315,-0.0135
7521.6211,-777.3117,149.7596,157.2180,-0.0135
7522.6233,-776.3401,149.5228,157.2045,-0.0135
7523.6253,-775.3686,149.2860,157.1909,-0.0136
7524.6275,-774.3970,149.0492,157.1773,-0.0136
7525.6297,-773.4254,148.8124,157.1637,-0.0136
7526.6318,-772.4539,148.5756,157.1501,-0.0136
7527.6339,-771.4825,148.3383,157.1365,-0.0136
7528.6361,-770.5112,148.1001,157.1228,-0.0136
7529.6383,-769.5400,147.8618,157.1092,-0.0136
7530.6404,-768.5688,147.6236,157.0956,-0.0136
7531.6426,-767.5976,147.3854,157.0821,-0.0135
7532.6447,-766.6264,147.1471,157.0685,-0.0135
7533.6468,-765.6552,146.9089,157.0550,-0.0135
7534.6490,-764.6840,146.6707,157.0415,-0.0134
7535.6511,-763.7128,146.4324,157.0280,-0.0134
7536.6533,-762.7417,146.1937,157.0147,-0.0133
7537.6554,-761.7709,145.9540,157.0014,-0.0132
7538.6576,-760.8000,145.7143,156.9881,-0.0132
7539.6597,-759.8292,145.4745,156.9750,-0.0131
7540.6619,-758.8583,145.2348,156.9619,-0.0130
7541.6640,-757.8875,144.9951,156.9490,-0.0128
7542.6661,-756.9167,144.7554,156.9362,-0.0127
7543.6683,-755.9458,144.5156,156.9235,-0.0126
7544.6704,-754.9750,144.2759,156.9110,-0.0124
7545.6726,-754.0043,144.0355,156.8986,-0.0123
7546.6747,-753.0342,143.7930,156.8864,-0.0121
7547.6768,-752.0643,143.5493,156.8743,-0.0120
7548.6790,-751.0944,143.3056,156.8624,-0.0118
7549.6811,-750.1246,143.0620,156.8506,-0.0117
7550.6832,-749.1549,142.8177,156.8390,-0.0115
7551.6854,-748.1856,142.5718,156.8275,-0.0114
7552.6876,-747.2165,142.3250,156.8162,-0.0113
7553.6897,-746.2474,142.0782,156.8049,-0.0112
7554.6918,-745.2784,141.8314,156.7937,-0.0111
7555.6940,-744.3093,141.5846,156.7826,-0.0111
7556.6961,-743.3402,141.3379,156.7716,-0.0110
7557.6983,-742.3706,141.0932,156.7605,-0.0110
7558.7004,-741.4002,140.8519,156.7495,-0.0110
7559.7025,-740.4297,140.6107,156.7384,-0.0111
7560.7047,-739.4592,140.3694,156.7273,-0.0111
7561.7068,-738.4888,140.1282,156.7161,-0.0112
7562.7090,-737.5183,139.8869,156.7049,-0.0113
7563.7110,-736.5479,139.6457,156.6935,-0.0114
7564.7132,-735.5774,139.4044,156.6821,-0.0115
7565.7154,-734.6069,139.1633,156.6705,-0.0116
7566.7175,-733.6361,138.9233,156.6588,-0.0117
7567.7196,-732.6649,138.6853,156.6470,-0.0118
7568.7218,-731.6936,138.4473,156.6351,-0.0120
7569.7240,-730.7223,138.2093,156.6231,-0.0121
7570.7261,-729.7511,137.9713,156.6109,-0.0122
7571.7283,-728.7798,137.7333,156.5987,-0.0122
7572.7304,-727.8085,137.4953,156.5864,-0.0123
7573.7325,-726.8373,137.2573,156.5740,-0.0124
7574.7347,-725.8660,137.0194,156.5616,-0.0124
7575.7368,-724.8948,136.7811,156.5491,-0.0124
7576.7389,-723.9238,136.5422,156.5366,-0.0124
7577.7411,-722.9528,136.3029,156.5242,-0.0124
7578.7433,-721.9818,136.0636,156.5117,-0.0124
7579.7454,-721.0109,135.8244,156.4993,-0.0123
7580.7476,-720.0399,135.5851,156.4870,-0.0123
7581.7497,-719.0690,135.3458,156.4748,-0.0122
7582.7519,-718.0980,135.1065,156.4626,-0.0120
7583.7540,-717.1271,134.8673,156.4506,-0.0119
7584.7562,-716.1561,134.6280,156.4387,-0.0118
7585.7583,-715.1852,134.3888,156.4270,-0.0116
7586.7605,-714.2142,134.1495,156.4155,-0.0115
7587.7627,-713.2432,133.9103,156.4040,-0.0113
7588.7647,-712.2723,133.6711,156.3928,-0.0111
7589.7669,-711.3013,133.4318,156.3817,-0.0110
7590.7690,-710.3304,133.1926,156.3708,-0.0108
7591.7712,-709.3594,132.9534,156.3600,-0.0107
7592.7734,-708.3884,132.7141,156.3493,-0.0106
7593.7755,-707.4175,132.4749,156.3388,-0.0105
7594.7777,-706.4464,132.2360,156.3284,-0.0104
7595.7798,-705.4751,131.9981,156.3180,-0.0103
7596.7819,-704.5038,131.7605,156.3077,-0.0103
7597.7841,-703.5324,131.5230,156.2975,-0.0102
7598.7863,-702.5610,131.2854,156.2872,-0.0102
7599.7884,-701.5896,131.0479,156.2770,-0.0102
7600.7905,-700.6183,130.8103,156.2667,-0.0103
7601.7927,-699.6469,130.5728,156.2564,-0.0103
7602.7949,-698.6755,130.3352,156.2460,-0.0104
7603.7970,-697.7041,130.0977,156.2356,-0.0104
7604.7991,-696.7329,129.8597,156.2251,-0.0105
7605.8013,-695.7617,129.6214,156.2145,-0.0106
7606.8034,-694.7905,129.3830,156.2039,-0.0107
7607.8056,-693.8193,129.1447,156.1931,-0.0107
7608.8078,-692.8481,128.9063,156.1823,-0.0108
7609.8098,-691.8770,128.6680,156.1715,-0.0109
7610.8120,-690.9058,128.4296,156.1606,-0.0109
7611.8142,-689.9346,128.1913,156.1496,-0.0109
7612.8164,-688.9634,127.9529,156.1387,-0.0109
7613.8184,-687.9922,127.7149,156.1277,-0.0109
7614.8206,-687.0207,127.4777,156.1168,-0.0109
7615.8227,-686.0492,127.2408,156.1058,-0.0109
7616.8250,-685.0776,127.0039,156.0949,-0.0109
7617.8271,-684.1061,126.7670,156.0840,-0.0108
7618.8292,-683.1346,126.5301,156.0732,-0.0108
7619.8314,-682.1630,126.2932,156.0624,-0.0107
7620.8335,-681.1915,126.0563,156.0517,-0.0107
7621.8356,-680.2200,125.8194,156.0410,-0.0106
7622.8378,-679.2485,125.5824,156.0304,-0.0106
7623.8400,-678.2770,125.3452,156.0197,-0.0106
7624.8422,-677.3056,125.1076,156.0091,-0.0106
7625.8443,-676.3343,124.8700,155.9985,-0.0106
7626.8464,-675.3629,124.6324,155.9879,-0.0106
7627.8486,-674.3915,124.3949,155.9773,-0.0106
7628.8507,-673.4202,124.1573,155.9666,-0.0107
7629.8529,-672.4488,123.9197,155.9559,-0.0107
7630.8551,-671.4774,123.6821,155.9451,-0.0108
7631.8572,-670.5061,123.4445,155.9342,-0.0108
7632.8593,-669.5347,123.2070,155.9233,-0.0109
7633.8615,-668.5633,122.9696,155.9124,-0.0110
7634.8636,-667.5919,122.7322,155.9014,-0.0110
7635.8658,-666.6204,122.4948,155.8903,-0.0111
7636.8680,-665.6490,122.2574,155.8792,-0.0111
7637.8701,-664.6776,122.0201,155.8680,-0.0111
7638.8722,-663.7062,121.7827,155.8569,-0.0111
7639.8744,-662.7348,121.5453,155.8457,-0.0111
7640.8765,-661.7634,121.3079,155.8346,-0.0111
7641.8786,-660.7920,121.0705,155.8235,-0.0110
7642.8808,-659.8208,120.8321,155.8124,-0.0110
7643.8830,-658.8498,120.5929,155.8015,-0.0109
7644.8852,-657.8788,120.3537,155.7906,-0.0108
7645.8873,-656.9079,120.1145,155.7798,-0.0107
7646.8894,-655.9369,119.8753,155.7690,-0.0107
7647.8916,-654.9659,119.6361,155.7584,-0.0106
7648.8937,-653.9950,119.3969,155.7478,-0.0105
7649.8959,-653.0240,119.1577,155.7374,-0.0104
7650.8981,-652.0530,118.9185,155.7270,-0.0103
7651.9002,-651.0820,118.6797,155.7166,-0.0103
7652.9024,-650.1107,118.4416,155.7064,-0.0102
7653.9045,-649.1394,118.2038,155.6961,-0.0102
7654.9066,-648.1681,117.9661,155.6859,-0.0102
7655.9088,-647.1967,117.7283,155.6757,-0.0102
7656.9110,-646.2254,117.4906,155.6655,-0.0102
7657.9131,-645.2541,117.2528,155.6553,-0.0102
7658.9152,-644.2828,117.0151,155.6450,-0.0102
7659.9175,-643.3114,116.7773,155.6348,-0.0103
7660.9196,-642.3401,116.5396,155.6244,-0.0103
7661.9217,-641.3688,116.3019,155.6140,-0.0104
7662.9239,-640.3974,116.0642,155.6036,-0.0105
7663.9260,-639.4261,115.8265,155.5930,-0.0106
7664.9282,-638.4547,115.5888,155.5824,-0.0107
7665.9303,-637.4834,115.3511,155.5716,-0.0108
7666.9324,-636.5121,115.1135,155.5608,-0.0109
7667.9346,-635.5407,114.8758,155.5498,-0.0110
7668.9368,-634.5694,114.6381,155.5388,-0.0111
7669.9390,-633.5980,114.4004,155.5276,-0.0112
7670.9411,-632.6267,114.1625,155.5162,-0.0114
7671.9433,-631.6555,113.9243,155.5048,-0.0115
7672.9454,-630.6843,113.6860,155.4932,-0.0116
7673.9475,-629.7132,113.4476,155.4814,-0.0118
7674.9497,-628.7420,113.2093,155.4696,-0.0119
7675.9519,-627.7708,112.9709,155.4576,-0.0120
7676.9540,-626.7996,112.7326,155.4455,-0.0122
7677.9562,-625.8284,112.4942,155.4332,-0.0123
7678.9583,-624.8573,112.2559,155.4209,-0.0124
7679.9605,-623.8861,112.0174,155.4084,-0.0125
7680.9626,-622.9153,111.7775,155.3958,-0.0126
7681.9647,-621.9448,111.5366,155.3831,-0.0127
7682.9669,-620.9742,111.2957,155.3702,-0.0128
7683.9690,-620.0037,111.0548,155.3573,-0.0130
7684.9713,-619.0331,110.8138,155.3443,-0.0131
7685.9734,-618.0626,110.5729,155.3311,-0.0132
7686.9755,-617.0921,110.3320,155.3179,-0.0133
7687.9777,-616.1215,110.0910,155.3045,-0.0134
7688.9798,-615.1510,109.8501,155.2910,-0.0135
7689.9820,-614.1802,109.6101,155.2774,-0.0136
7690.9841,-613.2091,109.3716,155.2636,-0.0138
7691.9863,-612.2378,109.1335,155.2498,-0.0139
7692.9884,-611.2666,108.8955,155.2358,-0.0141
7693.9906,-610.2953,108.6575,155.2216,-0.0142
7694.9928,-609.3240,108.4194,155.2073,-0.0143
7695.9949,-608.3528,108.1814,155.1928,-0.0145
7696.9971,-607.3815,107.9433,155.1782,-0.0147
7697.9992,-606.4103,107.7053,155.1635,-0.0148
7699.0014,-605.4390,107.4673,155.1485,-0.0150
7700.0035,-604.4676,107.2298,155.1334,-0.0152
7701.0056,-603.4962,106.9926,155.1181,-0.0154
7702.0078,-602.5247,106.7553,155.1026,-0.0156
7703.0099,-601.5533,106.5181,155.0869,-0.0157
7704.0121,-600.5818,106.2809,155.0710,-0.0159
7705.0142,-599.6104,106.0436,155.0549,-0.0161
7706.0164,-598.6389,105.8064,155.0387,-0.0163
7707.0186,-597.6674,105.5692,155.0222,-0.0166
7708.0207,-596.6960,105.3320,155.0055,-0.0168
7709.0229,-595.7248,105.0936,154.9886,-0.0170
7710.0250,-594.7540,104.8538,154.9715,-0.0172
7711.0272,-593.7833,104.6135,154.9542,-0.0174
7712.0294,-592.8126,104.3731,154.9366,-0.0176
7713.0315,-591.8419,104.1327,154.9189,-0.0178
7714.0337,-590.8712,103.8924,154.9010,-0.0179
7715.0358,-589.9006,103.6520,154.8830,-0.0181
7716.0379,-588.9299,103.4117,154.8648,-0.0182
7717.0401,-587.9592,103.1713,154.8464,-0.0183
7718.0422,-586.9886,102.9308,154.8280,-0.0184
7719.0444,-586.0186,102.6876,154.8095,-0.0185
7720.0466,-585.0489,102.4431,154.7909,-0.0185
7721.0487,-584.0793,102.1985,154.7724,-0.0185
7722.0508,-583.1097,101.9539,154.7539,-0.0184
7723.0530,-582.1401,101.7093,154.7354,-0.0183
7724.0552,-581.1704,101.4647,154.7171,-0.0182
7725.0573,-580.2008,101.2201,154.6989,-0.0180
7726.0594,-579.2312,100.9755,154.6809,-0.0179
7727.0616,-578.2616,100.7309,154.6632,-0.0176
7728.0638,-577.2917,100.4871,154.6456,-0.0174
7729.0659,-576.3216,100.2444,154.6283,-0.0171
7730.0680,-575.3515,100.0020,154.6113,-0.0168
7731.0702,-574.3813,99.7596,154.5946,-0.0166
7732.0724,-573.4111,99.5171,154.5781,-0.0163
7733.0746,-572.4409,99.2747,154.5620,-0.0160
7734.0766,-571.4708,99.0323,154.5461,-0.0157
7735.0788,-570.5006,98.7899,154.5305,-0.0154
7736.0810,-569.5304,98.5475,154.5152,-0.0152
7737.0832,-568.5602,98.3051,154.5002,-0.0149
7738.0852,-567.5899,98.0635,154.4853,-0.0147
7739.0874,-566.6194,97.8224,154.4707,-0.0145
7740.0896,-565.6489,97.5812,154.4563,-0.0143
7741.0917,-564.6784,97.3400,154.4420,-0.0141
7742.0939,-563.7079,97.0988,154.4279,-0.0140
7743.0961,-562.7374,96.8577,154.4140,-0.0139
7744.0981,-561.7670,96.6165,154.4001,-0.0138
7745.1003,-560.7965,96.3753,154.3863,-0.0137
7746.1025,-559.8260,96.1341,154.3727,-0.0136
7747.1047,-558.8554,95.8933,154.3590,-0.0136
7748.1067,-557.8848,95.6530,154.3455,-0.0135
7749.1090,-556.9140,95.4127,154.3320,-0.0135
7750.1111,-555.9433,95.1725,154.3185,-0.0134
7751.1133,-554.9726,94.9322,154.3051,-0.0134
7752.1154,-554.0019,94.6920,154.2917,-0.0133
7753.1176,-553.0312,94.4517,154.2784,-0.0133
7754.1197,-552.0605,94.2115,154.2652,-0.0132
7755.1219,-551.0898,93.9712,154.2520,-0.0131
7756.1240,-550.1191,93.7310,154.2389,-0.0130
7757.1262,-549.1484,93.4905,154.2259,-0.0129
7758.1283,-548.1778,93.2499,154.2130,-0.0128
7759.1305,-547.2072,93.0093,154.2002,-0.0127
7760.1327,-546.2365,92.7687,154.1876,-0.0125
7761.1348,-545.2659,92.5282,154.1751,-0.0124
7762.1369,-544.2953,92.2876,154.1628,-0.0122
7763.1391,-543.3246,92.0470,154.1507,-0.0120
7764.1413,-542.3540,91.8064,154.1388,-0.0118
7765.1434,-541.3834,91.5658,154.1270,-0.0116
7766.1456,-540.4128,91.3250,154.1155,-0.0114
7767.1477,-539.4423,91.0840,154.1042,-0.0112
7768.1498,-538.4718,90.8430,154.0931,-0.0110
7769.1520,-537.5013,90.6019,154.0821,-0.0108
7770.1542,-536.5307,90.3609,154.0714,-0.0106
7771.1564,-535.5602,90.1198,154.0609,-0.0104
7772.1585,-534.5897,89.8788,154.0506,-0.0102
7773.1607,-533.6192,89.6377,154.0404,-0.0100
7774.1628,-532.6487,89.3967,154.0305,-0.0099
7775.1650,-531.6782,89.1556,154.0206,-0.0097
7776.1672,-530.7076,88.9147,154.0110,-0.0096
7777.1693,-529.7371,88.6738,154.0014,-0.0095
7778.1715,-528.7665,88.4329,153.9919,-0.0094
7779.1736,-527.7960,88.1920,153.9826,-0.0093
7780.1758,-526.8254,87.9511,153.9733,-0.0092
7781.1779,-525.8549,87.7102,153.9641,-0.0092
7782.1801,-524.8843,87.4693,153.9549,-0.0091
7783.1822,-523.9138,87.2284,153.9458,-0.0091
7784.1844,-522.9432,86.9875,153.9367,-0.0091
7785.1865,-521.9726,86.7470,153.9276,-0.0091
7786.1887,-521.0018,86.5070,153.9185,-0.0091
7787.1908,-520.0310,86.2672,153.9093,-0.0091
7788.1930,-519.0602,86.0273,153.9002,-0.0091
7789.1951,-518.0894,85.7874,153.8911,-0.0091
7790.1973,-517.1186,85.5476,153.8819,-0.0091
7791.1994,-516.1478,85.3077,153.8727,-0.0092
7792.2016,-515.1770,85.0679,153.8635,-0.0092
7793.2038,-514.2061,84.8282,153.8543,-0.0092
7794.2059,-513.2345,84.5918,153.8451,-0.0092
7795.2081,-512.2626,84.3563,153.8359,-0.0092
7796.2103,-511.2907,84.1208,153.8267,-0.0092
7797.2125,-510.3188,83.8852,153.8176,-0.0092
7798.2146,-509.3470,83.6497,153.8084,-0.0091
7799.2167,-508.3751,83.4142,153.7993,-0.0091
7800.2189,-507.4032,83.1787,153.7901,-0.0091
7801.2210,-506.4313,82.9435,153.7811,-0.0091
7802.2232,-505.4586,82.7115,153.7720,-0.0090
7803.2254,-504.4856,82.4805,153.7630,-0.0090
7804.2275,-503.5127,82.2495,153.7540,-0.0090
7805.2297,-502.5397,82.0185,153.7450,-0.0089
7806.2319,-501.5667,81.7875,153.7361,-0.0089
7807.2341,-500.5938,81.5565,153.7271,-0.0089
7808.2363,-499.6208,81.3255,153.7182,-0.0089
7809.2384,-498.6479,81.0945,153.7092,-0.0089
7810.2406,-497.6749,80.8635,153.7003,-0.0089
7811.2427,-496.7018,80.6335,153.6913,-0.0090
7812.2449,-495.7283,80.4044,153.6823,-0.0090
7813.2470,-494.7549,80.1756,153.6732,-0.0091
7814.2493,-493.7814,79.9467,153.6641,-0.0091
7815.2514,-492.8080,79.7179,153.6549,-0.0092
7816.2536,-491.8345,79.4890,153.6456,-0.0093
7817.2558,-490.8610,79.2602,153.6363,-0.0094
7818.2579,-489.8876,79.0313,153.6268,-0.0095
7819.2601,-488.9141,78.8024,153.6173,-0.0096
7820.2623,-487.9406,78.5737,153.6076,-0.0097
7821.2644,-486.9668,78.3464,153.5978,-0.0098
7822.2666,-485.9929,78.1194,153.5879,-0.0100
7823.2688,-485.0190,77.8924,153.5778,-0.0101
7824.2710,-484.0451,77.6654,153.5676,-0.0102
7825.2731,-483.0712,77.4384,153.5573,-0.0104
7826.2753,-482.0973,77.2114,153.5468,-0.0105
7827.2775,-481.1234,76.9845,153.5362,-0.0107
7828.2796,-480.1495,76.7575,153.5254,-0.0108
7829.2818,-479.1756,76.5305,153.5145,-0.0110
7830.2839,-478.2015,76.3046,153.5034,-0.0111
7831.2862,-477.2270,76.0799,153.4921,-0.0113
7832.2883,-476.2526,75.8554,153.4807,-0.0115
7833.2905,-475.2781,75.6308,153.4692,-0.0116
7834.2926,-474.3037,75.4063,153.4574,-0.0118
7835.2948,-473.3292,75.1817,153.4456,-0.0119
7836.2970,-472.3547,74.9572,153.4336,-0.0120
7837.2991,-471.3803,74.7326,153.4215,-0.0122
7838.3013,-470.4058,74.5083,153.4092,-0.0123
7839.3036,-469.4307,74.2862,153.3969,-0.0124
7840.3057,-468.4556,74.0645,153.3844,-0.0125
7841.3079,-467.4805,73.8428,153.3718,-0.0126
7842.3100,-466.5054,73.6211,153.3592,-0.0127
7843.3123,-465.5302,73.3995,153.3464,-0.0127
7844.3144,-464.5551,73.1778,153.3336,-0.0128
7845.3166,-463.5800,72.9561,153.3207,-0.0129
7846.3188,-462.6049,72.7344,153.3078,-0.0129
7847.3209,-461.6298,72.5128,153.2948,-0.0130
7848.3231,-460.6545,72.2917,153.2818,-0.0130
7849.3253,-459.6791,72.0713,153.2687,-0.0131
7850.3275,-458.7037,71.8510,153.2556,-0.0131
7851.3296,-457.7283,71.6306,153.2425,-0.0131
7852.3319,-456.7528,71.4103,153.2293,-0.0132
7853.3340,-455.7774,71.1899,153.2160,-0.0132
7854.3362,-454.8020,70.9695,153.2028,-0.0133
7855.3384,-453.8266,70.7492,153.1895,-0.0133
7856.3405,-452.8512,70.5288,153.1761,-0.0134
7857.3427,-451.8757,70.3086,153.1627,-0.0134
7858.3449,-450.8999,70.0900,153.1492,-0.0135
7859.3471,-449.9240,69.8717,153.1357,-0.0135
7860.3492,-448.9482,69.6533,153.1222,-0.0136
7861.3515,-447.9723,69.4349,153.1086,-0.0136
7862.3537,-446.9964,69.2166,153.0949,-0.0136
7863.3558,-446.0206,68.9982,153.0812,-0.0137
7864.3580,-445.0447,68.7798,153.0675,-0.0137
7865.3602,-444.0688,68.5615,153.0537,-0.0137
7866.3623,-443.0930,68.3431,153.0400,-0.0138
7867.3645,-442.1173,68.1238,153.0261,-0.0138
7868.3667,-441.1418,67.9037,153.0123,-0.0138
7869.3689,-440.1664,67.6834,152.9985,-0.0138
7870.3711,-439.1909,67.4632,152.9847,-0.0138
7871.3732,-438.2155,67.2430,152.9709,-0.0138
7872.3755,-437.2400,67.0228,152.9571,-0.0138
7873.3776,-436.2646,66.8026,152.9433,-0.0137
7874.3798,-435.2895,66.5809,152.9296,-0.0137
7875.3820,-434.3146,66.3580,152.9159,-0.0137
7876.3842,-433.3398,66.1350,152.9022,-0.0136
7877.3863,-432.3650,65.9120,152.8886,-0.0136
7878.3885,-431.3902,65.6890,152.8750,-0.0135
7879.3907,-430.4153,65.4660,152.8615,-0.0135
7880.3929,-429.4405,65.2430,152.8480,-0.0134
7881.3950,-428.4657,65.0200,152.8346,-0.0133
7882.3972,-427.4909,64.7969,152.8213,-0.0133
7883.3994,-426.5161,64.5740,152.8080,-0.0132
7884.4016,-425.5410,64.3520,152.7948,-0.0132
7885.4037,-424.5660,64.1301,152.7816,-0.0131
7886.4059,-423.5909,63.9081,152.7686,-0.0130
7887.4081,-422.6158,63.6862,152.7555,-0.0130
7888.4103,-421.6408,63.4642,152.7426,-0.0129
7889.4125,-420.6657,63.2423,152.7297,-0.0128
7890.4146,-419.6907,63.0203,152.7168,-0.0128
7891.4168,-418.7156,62.7984,152.7041,-0.0127
7892.4191,-417.7405,62.5764,152.6913,-0.0127
7893.4211,-416.7656,62.3542,152.6787,-0.0126
7894.4234,-415.7906,62.1317,152.6660,-0.0126
7895.4255,-414.8157,61.9092,152.6535,-0.0125
7896.4277,-413.8408,61.6867,152.6410,-0.0124
7897.4299,-412.8658,61.4642,152.6285,-0.0124
7898.4321,-411.8909,61.2417,152.6162,-0.0123
7899.4342,-410.9160,61.0192,152.6040,-0.0121
7900.4365,-409.9410,60.7967,152.5918,-0.0120
7901.4386,-408.9661,60.5742,152.5799,-0.0118
7902.4408,-407.9911,60.3518,152.5681,-0.0116
7903.4430,-407.0159,60.1305,152.5566,-0.0114
7904.4452,-406.0407,59.9092,152.5454,-0.0111
7905.4474,-405.0655,59.6879,152.5344,-0.0107
7906.4495,-404.0903,59.4666,152.5239,-0.0104
7907.4517,-403.1151,59.2453,152.5137,-0.0099
7908.4539,-402.1399,59.0240,152.5039,-0.0095
7909.4561,-401.1647,58.8027,152.4946,-0.0091
7910.4582,-400.1895,58.5814,152.4858,-0.0086
7911.4604,-399.2143,58.3601,152.4774,-0.0081
7912.4626,-398.2390,58.1392,152.4695,-0.0077
7913.4648,-397.2636,57.9185,152.4620,-0.0073
7914.4670,-396.2883,57.6979,152.4549,-0.0069
7915.4692,-395.3129,57.4773,152.4481,-0.0066
7916.4713,-394.3376,57.2566,152.4417,-0.0063
7917.4735,-393.3622,57.0360,152.4355,-0.0061
7918.4756,-392.3869,56.8154,152.4294,-0.0060
7919.4779,-391.4115,56.5947,152.4234,-0.0060
7920.4801,-390.4361,56.3741,152.4174,-0.0060
7921.4822,-389.4608,56.1535,152.4114,-0.0061
7922.4844,-388.4853,55.9335,152.4051,-0.0064
7923.4866,-387.5098,55.7134,152.3986,-0.0067
7924.4888,-386.5343,55.4934,152.3918,-0.0070
7925.4910,-385.5588,55.2733,152.3845,-0.0075
7926.4932,-384.5833,55.0533,152.3767,-0.0080
7927.4954,-383.6078,54.8332,152.3684,-0.0087
7928.4975,-382.6324,54.6132,152.3593,-0.0094
7929.4997,-381.6569,54.3931,152.3496,-0.0101
7930.5019,-380.6814,54.1731,152.3390,-0.0110
7931.5041,-379.7056,53.9542,152.3275,-0.0119
7932.5062,-378.7297,53.7362,152.3152,-0.0129
7933.5085,-377.7537,53.5182,152.3018,-0.0139
7934.5106,-376.7778,53.3002,152.2874,-0.0149
7935.5129,-375.8018,53.0821,152.2720,-0.0159
7936.5150,-374.8259,52.8641,152.2555,-0.0169
7937.5171,-373.8500,52.6461,152.2380,-0.0179
7938.5194,-372.8740,52.4281,152.2195,-0.0189
7939.5216,-371.8980,52.2103,152.2002,-0.0197
7940.5238,-370.9220,51.9924,152.1800,-0.0205
7941.5259,-369.9462,51.7739,152.1591,-0.0211
7942.5281,-368.9704,51.5553,152.1376,-0.0216
7943.5302,-367.9946,51.3368,152.1157,-0.0220
7944.5325,-367.0187,51.1182,152.0935,-0.0223
7945.5347,-366.0429,50.8997,152.0711,-0.0223
7946.5368,-365.0671,50.6811,152.0487,-0.0223
7947.5390,-364.0913,50.4626,152.0264,-0.0221
7948.5412,-363.1154,50.2440,152.0043,-0.0219
7949.5434,-362.1396,50.0254,151.9826,-0.0215
7950.5456,-361.1638,49.8068,151.9612,-0.0211
7951.5478,-360.1880,49.5882,151.9403,-0.0206
7952.5499,-359.2122,49.3696,151.9199,-0.0201
7953.5521,-358.2364,49.1509,151.8999,-0.0196
7954.5543,-357.2606,48.9323,151.8805,-0.0191
7955.5565,-356.2848,48.7137,151.8616,-0.0187
7956.5587,-355.3089,48.4951,151.8431,-0.0182
7957.5609,-354.3331,48.2764,151.8251,-0.0178
7958.5631,-353.3573,48.0578,151.8074,-0.0174
7959.5653,-352.3815,47.8392,151.7901,-0.0171
7960.5675,-351.4056,47.6210,151.7731,-0.0168
7961.5697,-350.4297,47.4027,151.7564,-0.0166
7962.5718,-349.4538,47.1845,151.7399,-0.0164
7963.5740,-348.4779,46.9662,151.7236,-0.0162
7964.5762,-347.5020,46.7480,151.7075,-0.0160
7965.5783,-346.5262,46.5297,151.6915,-0.0159
7966.5805,-345.5503,46.3115,151.6757,-0.0158
7967.5827,-344.5744,46.0932,151.6599,-0.0157
7968.5849,-343.5985,45.8749,151.6443,-0.0156
7969.5871,-342.6228,45.6558,151.6287,-0.0155
7970.5893,-341.6472,45.4363,151.6132,-0.0155
7971.5915,-340.6716,45.2167,151.5977,-0.0154
7972.5936,-339.6960,44.9972,151.5822,-0.0154
7973.5958,-338.7204,44.7776,151.5668,-0.0154
7974.5980,-337.7448,44.5581,151.5514,-0.0154
7975.6002,-336.7692,44.3385,151.5360,-0.0153
7976.6024,-335.7936,44.1190,151.5207,-0.0153
7977.6046,-334.8180,43.8994,151.5053,-0.0154
7978.6068,-333.8426,43.6789,151.4899,-0.0154
7979.6090,-332.8681,43.4545,151.4745,-0.0154
7980.6111,-331.8936,43.2301,151.4590,-0.0154
7981.6133,-330.9191,43.0057,151.4435,-0.0155
7982.6155,-329.9446,42.7812,151.4280,-0.0155
7983.6177,-328.9703,42.5560,151.4124,-0.0156
7984.6199,-327.9961,42.3303,151.3967,-0.0156
7985.6221,-327.0219,42.1046,151.3811,-0.0157
7986.6243,-326.0477,41.8789,151.3653,-0.0157
7987.6264,-325.0735,41.6533,151.3496,-0.0157
7988.6286,-324.0992,41.4281,151.3338,-0.0158
7989.6308,-323.1240,41.2067,151.3180,-0.0158
7990.6329,-322.1483,40.9877,151.3022,-0.0157
7991.6351,-321.1726,40.7687,151.2864,-0.0157
7992.6373,-320.1968,40.5498,151.2707,-0.0157
7993.6395,-319.2211,40.3308,151.2550,-0.0156
7994.6417,-318.2454,40.1118,151.2395,-0.0155
7995.6439,-317.2696,39.8929,151.2240,-0.0154
7996.6461,-316.2939,39.6740,151.2087,-0.0152
7997.6483,-315.3180,39.4555,151.1935,-0.0150
7998.6505,-314.3421,39.2374,151.1786,-0.0148
7999.6526,-313.3662,39.0193,151.1638,-0.0146
8000.6549,-312.3902,38.8012,151.1492,-0.0144
8001.6570,-311.4143,38.5831,151.1349,-0.0142
8002.6592,-310.4384,38.3650,151.1208,-0.0140
8003.6614,-309.4625,38.1469,151.1069,-0.0137
8004.6635,-308.4866,37.9288,151.0933,-0.0135
8005.6658,-307.5106,37.7107,151.0799,-0.0133
8006.6680,-306.5346,37.4930,151.0666,-0.0131
8007.6701,-305.5583,37.2767,151.0536,-0.0129
8008.6723,-304.5820,37.0604,151.0407,-0.0128
8009.6746,-303.6056,36.8441,151.0279,-0.0127
8010.6767,-302.6293,36.6278,151.0153,-0.0126
8011.6789,-301.6530,36.4115,151.0027,-0.0125
8012.6811,-300.6766,36.1952,150.9901,-0.0125
8013.6833,-299.7003,35.9789,150.9776,-0.0125
8014.6855,-298.7240,35.7626,150.9650,-0.0125
8015.6877,-297.7477,35.5460,150.9525,-0.0126
8016.6898,-296.7719,35.3276,150.9398,-0.0126
8017.6920,-295.7963,35.1081,150.9271,-0.0127
8018.6943,-294.8206,34.8886,150.9143,-0.0128
8019.6965,-293.8450,34.6691,150.9014,-0.0129
8020.6986,-292.8694,34.4496,150.8884,-0.0130
8021.7008,-291.8938,34.2300,150.8754,-0.0131
8022.7030,-290.9182,34.0105,150.8622,-0.0132
8023.7052,-289.9426,33.7910,150.8489,-0.0133
8024.7074,-288.9670,33.5715,150.8355,-0.0134
8025.7096,-287.9914,33.3519,150.8221,-0.0134
8026.7117,-287.0159,33.1321,150.8086,-0.0135
8027.7140,-286.0403,32.9122,150.7950,-0.0136
8028.7161,-285.0648,32.6924,150.7814,-0.0136
8029.7184,-284.0892,32.4726,150.7677,-0.0137
8030.7205,-283.1137,32.2527,150.7540,-0.0137
8031.7227,-282.1382,32.0329,150.7403,-0.0137
8032.7249,-281.1626,31.8131,150.7266,-0.0137
8033.7270,-280.1871,31.5933,150.7128,-0.0137
8034.7292,-279.2116,31.3734,150.6991,-0.0137
8035.7314,-278.2360,31.1537,150.6853,-0.0137
8036.7337,-277.2604,30.9340,150.6716,-0.0137
8037.7358,-276.2849,30.7144,150.6578,-0.0137
8038.7380,-275.3093,30.4947,150.6441,-0.0137
8039.7402,-274.3337,30.2750,150.6303,-0.0137
8040.7424,-273.3581,30.0553,150.6166,-0.0137
8041.7445,-272.3826,29.8356,150.6029,-0.0137
8042.7467,-271.4070,29.6160,150.5891,-0.0137
8043.7490,-270.4314,29.3963,150.5754,-0.0138
8044.7511,-269.4558,29.1769,150.5616,-0.0138
8045.7534,-268.4799,28.9584,150.5477,-0.0138
8046.7555,-267.5041,28.7398,150.5338,-0.0139
8047.7577,-266.5283,28.5212,150.5198,-0.0140
8048.7599,-265.5525,28.3026,150.5057,-0.0141
8049.7621,-264.5767,28.0840,150.4915,-0.0143
8050.7642,-263.6009,27.8655,150.4771,-0.0144
8051.7665,-262.6250,27.6469,150.4626,-0.0146
8052.7687,-261.6492,27.4283,150.4479,-0.0148
8053.7709,-260.6734,27.2096,150.4330,-0.0150
8054.7731,-259.6977,26.9905,150.4179,-0.0152
8055.7752,-258.7221,26.7712,150.4026,-0.0154
8056.7774,-257.7464,26.5519,150.3871,-0.0156
8057.7796,-256.7708,26.3325,150.3713,-0.0158
8058.7818,-255.7951,26.1132,150.3554,-0.0160
8059.7840,-254.8195,25.8938,150.3392,-0.0162
8060.7862,-253.8438,25.6744,150.3228,-0.0164
8061.7884,-252.8682,25.4550,150.3063,-0.0166
8062.7905,-251.8926,25.2356,150.2896,-0.0167
8063.7927,-250.9170,25.0160,150.2728,-0.0168
8064.7950,-249.9415,24.7958,150.2558,-0.0169
8065.7972,-248.9660,24.5757,150.2388,-0.0170
8066.7993,-247.9906,24.3556,150.2217,-0.0170
8067.8015,-247.0151,24.1355,150.2047,-0.0170
8068.8037,-246.0396,23.9153,150.1876,-0.0170
8069.8058,-245.0642,23.6952,150.1705,-0.0170
8070.8081,-244.0887,23.4751,150.1535,-0.0169
8071.8103,-243.1132,23.2550,150.1366,-0.0168
8072.8125,-242.1377,23.0348,150.1198,-0.0167
8073.8146,-241.1623,22.8147,150.1031,-0.0166
8074.8168,-240.1868,22.5946,150.0865,-0.0165
8075.8190,-239.2113,22.3746,150.0701,-0.0164
8076.8212,-238.2358,22.1545,150.0537,-0.0162
8077.8233,-237.2604,21.9344,150.0375,-0.0161
8078.8256,-236.2849,21.7143,150.0214,-0.0160
8079.8278,-235.3094,21.4942,150.0054,-0.0159
8080.8300,-234.3339,21.2741,149.9895,-0.0158
8081.8322,-233.3584,21.0540,149.9737,-0.0157
8082.8343,-232.3829,20.8343,149.9580,-0.0157
8083.8366,-231.4071,20.6154,149.9423,-0.0156
8084.8387,-230.4314,20.3965,149.9267,-0.0155
8085.8410,-229.4556,20.1775,149.9112,-0.0155
8086.8431,-228.4799,19.9586,149.8957,-0.0154
8087.8453,-227.5042,19.7397,149.8802,-0.0154
8088.8475,-226.5284,19.5207,149.8648,-0.0153
8089.8497,-225.5527,19.3018,149.8495,-0.0153
8090.8518,-224.5770,19.0828,149.8342,-0.0152
8091.8541,-223.6012,18.8638,149.8190,-0.0151
8092.8563,-222.6256,18.6443,149.8038,-0.0151
8093.8584,-221.6501,18.4246,149.7888,-0.0150
8094.8606,-220.6745,18.2049,149.7739,-0.0148
8095.8629,-219.6989,17.9852,149.7591,-0.0147
8096.8650,-218.7234,17.7655,149.7444,-0.0145
8097.8672,-217.7478,17.5458,149.7299,-0.0144
8098.8694,-216.7722,17.3261,149.7156,-0.0142
8099.8715,-215.7967,17.1064,149.7015,-0.0140
8100.8738,-214.8211,16.8867,149.6875,-0.0138
8101.8760,-213.8454,16.6674,149.6738,-0.0136
8102.8782,-212.8696,16.4488,149.6603,-0.0134
8103.8804,-211.8938,16.2301,149.6470,-0.0132
8104.8826,-210.9180,16.0115,149.6339,-0.0129
8105.8848,-209.9422,15.7928,149.6211,-0.0127
8106.8870,-208.9664,15.5741,149.6084,-0.0126
8107.8891,-207.9906,15.3555,149.5959,-0.0124
8108.8913,-207.0148,15.1368,149.5836,-0.0122
8109.8935,-206.0390,14.9182,149.5714,-0.0121
8110.8957,-205.0632,14.6994,149.5593,-0.0120
8111.8979,-204.0875,14.4805,149.5474,-0.0119
8112.9001,-203.1118,14.2614,149.5354,-0.0119
8113.9023,-202.1361,14.0423,149.5236,-0.0118
8114.9044,-201.1604,13.8233,149.5117,-0.0118
8115.9067,-200.1846,13.6042,149.4998,-0.0119
8116.9089,-199.2089,13.3852,149.4879,-0.0119
8117.9111,-198.2332,13.1661,149.4760,-0.0120
8118.9133,-197.2575,12.9470,149.4640,-0.0120
8119.9154,-196.2818,12.7280,149.4519,-0.0121
8120.9177,-195.3061,12.5088,149.4397,-0.0122
8121.9198,-194.3305,12.2895,149.4274,-0.0123
8122.9220,-193.3548,12.0702,149.4151,-0.0123
8123.9243,-192.3791,11.8509,149.4027,-0.0124
8124.9264,-191.4035,11.6316,149.3902,-0.0125
8125.9287,-190.4278,11.4122,149.3777,-0.0125
8126.9308,-189.4522,11.1929,149.3651,-0.0126
8127.9330,-188.4765,10.9736,149.3525,-0.0126
8128.9352,-187.5009,10.7543,149.3398,-0.0126
8129.9374,-186.5251,10.5353,149.3272,-0.0126
8130.9396,-185.5492,10.3171,149.3146,-0.0125
8131.9417,-184.5733,10.0993,149.3021,-0.0125
8132.9439,-183.5973,9.8814,149.2896,-0.0124
8133.9461,-182.6213,9.6636,149.2771,-0.0124
8134.9484,-181.6453,9.4457,149.2648,-0.0123
8135.9506,-180.6693,9.2279,149.2525,-0.0122
8136.9528,-179.6933,9.0100,149.2403,-0.0121
8137.9549,-178.7174,8.7922,149.2283,-0.0120
8138.9571,-177.7414,8.5743,149.2163,-0.0119
8139.9594,-176.7654,8.3563,149.2044,-0.0118
8140.9615,-175.7895,8.1382,149.1926,-0.0118
8141.9637,-174.8136,7.9200,149.1808,-0.0117
8142.9659,-173.8377,7.7019,149.1691,-0.0117
8143.9681,-172.8618,7.4837,149.1574,-0.0117
8144.9703,-171.8859,7.2656,149.1457,-0.0117
8145.9725,-170.9099,7.0474,149.1340,-0.0117
8146.9747,-169.9340,6.8293,149.1222,-0.0118
8147.9769,-168.9581,6.6111,149.1104,-0.0119
8148.9791,-167.9822,6.3931,149.0984,-0.0120
8149.9813,-167.0062,6.1753,149.0862,-0.0122
8150.9834,-166.0302,5.9576,149.0739,-0.0124
8151.9856,-165.0542,5.7399,149.0614,-0.0126
8152.9879,-164.0781,5.5222,149.0487,-0.0129
8153.9901,-163.1021,5.3045,149.0356,-0.0131
8154.9923,-162.1261,5.0868,149.0223,-0.0134
8155.9944,-161.1501,4.8691,149.0087,-0.0137
8156.9966,-160.1741,4.6514,148.9948,-0.0140
8157.9988,-159.1981,4.4337,148.9806,-0.0143
8159.0010,-158.2221,4.2159,148.9661,-0.0147
8160.0032,-157.2461,3.9981,148.9512,-0.0150
8161.0054,-156.2701,3.7802,148.9361,-0.0152
8162.0076,-155.2941,3.5624,148.9207,-0.0155
8163.0099,-154.3181,3.3445,148.9050,-0.0158
8164.0121,-153.3421,3.1267,148.8891,-0.0160
8165.0142,-152.3662,2.9089,148.8729,-0.0162
8166.0164,-151.3902,2.6910,148.8566,-0.0163
8167.0186,-150.4142,2.4732,148.8402,-0.0164
8168.0208,-149.4382,2.2553,148.8237,-0.0165
8169.0230,-148.4622,2.0375,148.8071,-0.0165
8170.0252,-147.4862,1.8196,148.7905,-0.0165
8171.0273,-146.5103,1.6018,148.7740,-0.0165
8172.0296,-145.5343,1.3839,148.7575,-0.0164
8173.0318,-144.5583,1.1661,148.7411,-0.0162
8174.0340,-143.5823,0.9482,148.7250,-0.0160
8175.0362,-142.6063,0.7304,148.7090,-0.0158
8176.0384,-141.6303,0.5125,148.6933,-0.0155
8177.0405,-140.6544,0.2947,148.6779,-0.0152
8178.0427,-139.6784,0.0769,148.6628,-0.0149
8179.0450,-138.7023,-0.1408,148.6481,-0.0145
8180.0472,-137.7263,-0.3584,148.6338,-0.0141
8181.0494,-136.7503,-0.5761,148.6199,-0.0137
8182.0515,-135.7743,-0.7937,148.6064,-0.0132
8183.0538,-134.7982,-1.0114,148.5934,-0.0128
8184.0560,-133.8222,-1.2291,148.5808,-0.0124
8185.0581,-132.8462,-1.4467,148.5686,-0.0119
8186.0603,-131.8702,-1.6644,148.5569,-0.0115
8187.0626,-130.8941,-1.8821,148.5456,-0.0111
8188.0648,-129.9181,-2.0997,148.5347,-0.0107
8189.0669,-128.9421,-2.3174,148.5241,-0.0103
8190.0691,-127.9661,-2.5351,148.5139,-0.0100
8191.0713,-126.9901,-2.7528,148.5041,-0.0097
8192.0736,-126.0140,-2.9704,148.4945,-0.0094
8193.0757,-125.0380,-3.1881,148.4851,-0.0092
8194.0779,-124.0620,-3.4058,148.4760,-0.0090
8195.0801,-123.0860,-3.6234,148.4671,-0.0089
8196.0823,-122.1100,-3.8412,148.4583,-0.0087
8197.0845,-121.1341,-4.0595,148.4496,-0.0086
8198.0867,-120.1583,-4.2782,148.4410,-0.0086
8199.0889,-119.1825,-4.4970,148.4324,-0.0085
8200.0912,-118.2067,-4.7158,148.4239,-0.0085
8201.0933,-117.2310,-4.9345,148.4153,-0.0086
8202.0955,-116.2552,-5.1533,148.4067,-0.0086
8203.0977,-115.2794,-5.3721,148.3980,-0.0087
8204.0999,-114.3036,-5.5908,148.3893,-0.0088
8205.1021,-113.3279,-5.8096,148.3805,-0.0089
8206.1043,-112.3521,-6.0283,148.3716,-0.0089
8207.1065,-111.3763,-6.2470,148.3625,-0.0090
8208.1087,-110.4005,-6.4656,148.3534,-0.0091
8209.1108,-109.4247,-6.6842,148.3442,-0.0092
8210.1131,-108.4488,-6.9028,148.3350,-0.0093
8211.1153,-107.4730,-7.1215,148.3257,-0.0093
8212.1175,-106.4972,-7.3401,148.3163,-0.0093
8213.1197,-105.5214,-7.5587,148.3069,-0.0093
8214.1219,-104.5456,-7.7773,148.2976,-0.0093
8215.1241,-103.5698,-7.9960,148.2883,-0.0093
8216.1263,-102.5940,-8.2146,148.2790,-0.0092
8217.1285,-101.6182,-8.4333,148.2699,-0.0091
8218.1307,-100.6424,-8.6520,148.2608,-0.0089
8219.1329,-99.6666,-8.8707,148.2519,-0.0088
8220.1351,-98.6908,-9.0894,148.2432,-0.0086
8221.1373,-97.7150,-9.3080,148.2347,-0.0084
8222.1395,-96.7392,-9.5267,148.2264,-0.0082
8223.1417,-95.7634,-9.7454,148.2183,-0.0079
8224.1439,-94.7876,-9.9641,148.2104,-0.0077
8225.1461,-93.8116,-10.1819,148.2029,-0.0074
8226.1482,-92.8354,-10.3985,148.1955,-0.0072
8227.1504,-91.8590,-10.6145,148.1885,-0.0069
8228.1527,-90.8826,-10.8306,148.1817,-0.0066
8229.1549,-89.9062,-11.0467,148.1752,-0.0064
8230.1570,-88.9299,-11.2628,148.1690,-0.0061
8231.1592,-87.9535,-11.4788,148.1630,-0.0058
8232.1615,-86.9771,-11.6949,148.1573,-0.0056
8233.1637,-86.0003,-11.9092,148.1518,-0.0054
8234.1659,-85.0230,-12.1211,148.1465,-0.0052
8235.1681,-84.0455,-12.3320,148.1414,-0.0050
8236.1703,-83.0680,-12.5430,148.1366,-0.0048
8237.1724,-82.0906,-12.7539,148.1318,-0.0046
8238.1747,-81.1131,-12.9649,148.1273,-0.0045
8239.1769,-80.1356,-13.1759,148.1228,-0.0044
8240.1791,-79.1581,-13.3868,148.1185,-0.0043
8241.1813,-78.1803,-13.5963,148.1142,-0.0042
8242.1835,-77.2021,-13.8039,148.1100,-0.0041
8243.1857,-76.2237,-14.0109,148.1059,-0.0041
8244.1879,-75.2454,-14.2178,148.1018,-0.0040
8245.1901,-74.2670,-14.4248,148.0978,-0.0040
8246.1924,-73.2886,-14.6317,148.0938,-0.0040
8247.1946,-72.3103,-14.8387,148.0898,-0.0039
8248.1968,-71.3319,-15.0454,148.0859,-0.0039
8249.1990,-70.3527,-15.2485,148.0821,-0.0038
8250.2012,-69.3732,-15.4495,148.0783,-0.0037
8251.2034,-68.3936,-15.6506,148.0746,-0.0037
8252.2056,-67.4140,-15.8517,148.0710,-0.0036
8253.2079,-66.4344,-16.0528,148.0675,-0.0034
8254.2101,-65.4544,-16.2517,148.0641,-0.0033
8255.2123,-64.4738,-16.4476,148.0609,-0.0031
8256.2145,-63.4930,-16.6427,148.0578,-0.0029
8257.2167,-62.5122,-16.8377,148.0550,-0.0028
8258.2189,-61.5314,-17.0327,148.0523,-0.0025
8259.2212,-60.5506,-17.2277,148.0499,-0.0023
8260.2233,-59.5698,-17.4225,148.0476,-0.0021
8261.2256,-58.5883,-17.6141,148.0457,-0.0019
8262.2278,-57.6065,-17.8041,148.0439,-0.0016
8263.2301,-56.6247,-17.9941,148.0424,-0.0014
8264.2323,-55.6429,-18.1841,148.0411,-0.0012
8265.2346,-54.6611,-18.3741,148.0401,-0.0009
8266.2367,-53.6794,-18.5641,148.0392,-0.0007
8267.2389,-52.6976,-18.7540,148.0386,-0.0005
8268.2412,-51.7157,-18.9438,148.0382,-0.0003
8269.2434,-50.7334,-19.1310,148.0380,-0.0001
8270.2456,-49.7509,-19.3170,148.0380,0.0001
8271.2479,-48.7683,-19.5030,148.0382,0.0003
8272.2500,-47.7858,-19.6889,148.0386,0.0005
8273.2523,-46.8032,-19.8749,148.0391,0.0006
8274.2546,-45.8206,-20.0609,148.0399,0.0008
8275.2568,-44.8381,-20.2468,148.0408,0.0010
8276.2590,-43.8555,-20.4328,148.0418,0.0012
8277.2613,-42.8725,-20.6164,148.0431,0.0013
8278.2635,-41.8890,-20.7972,148.0445,0.0015
8279.2657,-40.9053,-20.9771,148.0460,0.0016
8280.2679,-39.9217,-21.1571,148.0478,0.0018
8281.2702,-38.9380,-21.3370,148.0496,0.0019
8282.2724,-37.9537,-21.5136,148.0516,0.0020
8283.2746,-36.9687,-21.6861,148.0537,0.0022
8284.2769,-35.9835,-21.8576,148.0559,0.0023
8285.2791,-34.9983,-22.0290,148.0582,0.0023
8286.2814,-34.0124,-22.1965,148.0606,0.0024
8287.2836,-33.0258,-22.3595,148.0630,0.0025
8288.2858,-32.0390,-22.5213,148.0655,0.0025
8289.2881,-31.0521,-22.6825,148.0681,0.0025
8290.2904,-30.0640,-22.8366,148.0706,0.0025
8291.2926,-29.0755,-22.9880,148.0731,0.0025
8292.2948,-28.0871,-23.1393,148.0757,0.0025
8293.2971,-27.0979,-23.2862,148.0782,0.0025
8294.2994,-26.1080,-23.4281,148.0806,0.0024
8295.3016,-25.1180,-23.5687,148.0831,0.0024
8296.3039,-24.1275,-23.7063,148.0854,0.0024
8297.3062,-23.1364,-23.8398,148.0878,0.0023
8298.3084,-22.1448,-23.9686,148.0901,0.0023
8299.3107,-21.1529,-24.0957,148.0923,0.0022
8300.3130,-20.1602,-24.2166,148.0946,0.0022
8301.3152,-19.1673,-24.3352,148.0968,0.0022
8302.3174,-18.1744,-24.4539,148.0990,0.0022
8303.3198,-17.1809,-24.5682,148.1012,0.0022
8304.3220,-16.1869,-24.6775,148.1034,0.0022
8305.3243,-15.1928,-24.7857,148.1057,0.0023
8306.3266,-14.1986,-24.8933,148.1080,0.0023
8307.3289,-13.2037,-24.9943,148.1103,0.0024
8308.3311,-12.2086,-25.0931,148.1127,0.0025
8309.3334,-11.2135,-25.1919,148.1152,0.0025
8310.3358,-10.2183,-25.2902,148.1178,0.0026
8311.3381,-9.2226,-25.3830,148.1205,0.0027
8312.3403,-8.2268,-25.4740,148.1233,0.0028
8313.3426,-7.2309,-25.5650,148.1261,0.0029
8314.3449,-6.2351,-25.6561,148.1291,0.0030
8315.3472,-5.2392,-25.7467,148.1321,0.0031
8316.3494,-4.2429,-25.8319,148.1353,0.0032
8317.3517,-3.2464,-25.9156,148.1385,0.0032
8318.3540,-2.2499,-25.9993,148.1417,0.0033
8319.3563,-1.2534,-26.0829,148.1451,0.0033
8320.3586,-0.2569,-26.1666,148.1484,0.0034
8321.3609,0.7398,-26.2477,148.1518,0.0034
8322.3631,1.7367,-26.3262,148.1552,0.0034
8323.3655,2.7337,-26.4041,148.1586,0.0034
8324.3678,3.7307,-26.4820,148.1619,0.0033
8325.3700,4.7276,-26.5599,148.1652,0.0033
8326.3724,5.7246,-26.6378,148.1685,0.0032
8327.3746,6.7215,-26.7157,148.1717,0.0032
8328.3769,7.7185,-26.7936,148.1749,0.0031
8329.3792,8.7155,-26.8713,148.1779,0.0030
8330.3815,9.7127,-26.9457,148.1809,0.0029
8331.3838,10.7100,-27.0193,148.1838,0.0028
8332.3861,11.7073,-27.0929,148.1865,0.0027
8333.3884,12.7046,-27.1665,148.1892,0.0026
8334.3907,13.7019,-27.2401,148.1917,0.0025
8335.3929,14.6991,-27.3137,148.1942,0.0024
8336.3952,15.6964,-27.3873,148.1965,0.0023
8337.3975,16.6937,-27.4609,148.1988,0.0022
8338.3999,17.6912,-27.5323,148.2009,0.0021
8339.4022,18.6888,-27.6014,148.2030,0.0020
8340.4044,19.6864,-27.6702,148.2050,0.0020
8341.4067,20.6840,-27.7389,148.2069,0.0019
8342.4090,21.6817,-27.8076,148.2088,0.0018
8343.4113,22.6793,-27.8764,148.2106,0.0018
8344.4136,23.6770,-27.9448,148.2123,0.0017
8345.4159,24.6749,-28.0089,148.2140,0.0016
8346.4182,25.6729,-28.0720,148.2156,0.0016
8347.4205,26.6709,-28.1352,148.2171,0.0015
8348.4228,27.6689,-28.1983,148.2186,0.0014
8349.4250,28.6669,-28.2615,148.2200,0.0014
8350.4273,29.6649,-28.3247,148.2214,0.0013
8351.4297,30.6630,-28.3875,148.2226,0.0012
8352.4320,31.6613,-28.4458,148.2238,0.0011
8353.4343,32.6596,-28.5034,148.2249,0.0011
8354.4365,33.6579,-28.5609,148.2259,0.0010
8355.4389,34.6563,-28.6184,148.2269,0.0009
8356.4411,35.6546,-28.6759,148.2277,0.0008
8357.4435,36.6530,-28.7334,148.2284,0.0007
8358.4457,37.6515,-28.7877,148.2291,0.0006
8359.4481,38.6502,-28.8391,148.2297,0.0005
8360.4504,39.6489,-28.8900,148.2302,0.0005
8361.4527,40.6476,-28.9410,148.2307,0.0004
8362.4550,41.6463,-28.9919,148.2310,0.0003
8363.4572,42.6450,-29.0424,148.2313,0.0003
8364.4595,43.6440,-29.0874,148.2316,0.0002
8365.4618,44.6430,-29.1314,148.2318,0.0002
8366.4642,45.6421,-29.1754,148.2319,0.0001
8367.4665,46.6411,-29.2194,148.2320,0.0001
8368.4687,47.6401,-29.2634,148.2321,0.0001
8369.4711,48.6393,-29.3043,148.2322,0.0000
8370.4734,49.6386,-29.3423,148.2322,0.0000
8371.4756,50.6378,-29.3800,148.2322,0.0000
8372.4779,51.6371,-29.4176,148.2322,-0.0000
8373.4802,52.6364,-29.4553,148.2322,-0.0000
8374.4825,53.6357,-29.4930,148.2322,0.0000
8375.4848,54.6350,-29.5303,148.2322,0.0000
8376.4872,55.6345,-29.5634,148.2322,0.0000
8377.4894,56.6339,-29.5959,148.2323,0.0001
8378.4917,57.6334,-29.6284,148.2324,0.0001
8379.4941,58.6329,-29.6609,148.2325,0.0001
8380.4964,59.6324,-29.6934,148.2326,0.0002
8381.4986,60.6318,-29.7259,148.2329,0.0003
8382.5010,61.6313,-29.7585,148.2332,0.0003
8383.5033,62.6308,-29.7910,148.2335,0.0004
8384.5056,63.6303,-29.8218,148.2340,0.0005
8385.5079,64.6299,-29.8511,148.2345,0.0006
8386.5101,65.6294,-29.8803,148.2351,0.0007
8387.5125,66.6290,-29.9095,148.2359,0.0008
8388.5148,67.6286,-29.9387,148.2368,0.0009
8389.5171,68.6282,-29.9678,148.2377,0.0011
8390.5194,69.6277,-29.9970,148.2389,0.0012
8391.5217,70.6273,-30.0262,148.2401,0.0013
8392.5240,71.6269,-30.0554,148.2415,0.0015
8393.5263,72.6265,-30.0845,148.2430,0.0016
8394.5286,73.6261,-30.1129,148.2447,0.0017
8395.5309,74.6257,-30.1412,148.2465,0.0018
8396.5332,75.6253,-30.1695,148.2483,0.0019
8397.5356,76.6249,-30.1978,148.2503,0.0020
8398.5379,77.6245,-30.2261,148.2524,0.0021
8399.5402,78.6241,-30.2543,148.2544,0.0021
8400.5425,79.6237,-30.2826,148.2566,0.0021
8401.5448,80.6233,-30.3109,148.2587,0.0021
8402.5471,81.6229,-30.3392,148.2608,0.0021
8403.5494,82.6225,-30.3671,148.2628,0.0020
8404.5516,83.6221,-30.3946,148.2648,0.0020
8405.5539,84.6217,-30.4221,148.2668,0.0019
8406.5562,85.6213,-30.4497,148.2686,0.0018
8407.5586,86.6210,-30.4772,148.2703,0.0017
8408.5609,87.6206,-30.5047,148.2720,0.0016
8409.5632,88.6202,-30.5322,148.2735,0.0015
8410.5654,89.6198,-30.5597,148.2749,0.0014
8411.5677,90.6194,-30.5872,148.2762,0.0013
8412.5701,91.6191,-30.6147,148.2774,0.0012
8413.5724,92.6187,-30.6417,148.2785,0.0011
8414.5746,93.6183,-30.6687,148.2796,0.0010
8415.5770,94.6180,-30.6957,148.2806,0.0010
8416.5793,95.6176,-30.7226,148.2815,0.0009
8417.5815,96.6172,-30.7496,148.2824,0.0009
8418.5839,97.6169,-30.7766,148.2833,0.0009
8419.5862,98.6165,-30.8036,148.2842,0.0009
8420.5884,99.6161,-30.8305,148.2850,0.0009
8421.5908,100.6158,-30.8575,148.2859,0.0009
8422.5931,101.6154,-30.8849,148.2868,0.0009
8423.5954,102.6150,-30.9126,148.2877,0.0009
8424.5977,103.6146,-30.9403,148.2887,0.0010
8425.6000,104.6143,-30.9680,148.2897,0.0010
8426.6023,105.6139,-30.9957,148.2908,0.0011
8427.6046,106.6135,-31.0234,148.2919,0.0012
8428.6069,107.6131,-31.0511,148.2932,0.0013
8429.6092,108.6127,-31.0787,148.2945,0.0014
8430.6115,109.6123,-31.1064,148.2960,0.0016
8431.6139,110.6120,-31.1341,148.2977,0.0018
8432.6161,111.6116,-31.1614,148.2996,0.0019
8433.6184,112.6112,-31.1887,148.3016,0.0022
8434.6207,113.6108,-31.2160,148.3039,0.0024
8435.6231,114.6105,-31.2433,148.3065,0.0027
8436.6253,115.6101,-31.2706,148.3093,0.0030
8437.6276,116.6097,-31.2979,148.3124,0.0033
8438.6299,117.6093,-31.3253,148.3159,0.0036
8439.6323,118.6090,-31.3526,148.3196,0.0039
8440.6345,119.6086,-31.3799,148.3237,0.0043
8441.6368,120.6082,-31.4071,148.3282,0.0046
8442.6392,121.6079,-31.4344,148.3329,0.0049
8443.6415,122.6075,-31.4616,148.3380,0.0052
8444.6437,123.6071,-31.4888,148.3434,0.0055
8445.6460,124.6067,-31.5160,148.3490,0.0057
8446.6484,125.6064,-31.5433,148.3549,0.0060
8447.6507,126.6060,-31.5705,148.3610,0.0061
8448.6529,127.6056,-31.5978,148.3672,0.0063
8449.6552,128.6052,-31.6256,148.3735,0.0064
8450.6575,129.6048,-31.6540,148.3799,0.0064
8451.6599,130.6045,-31.6807,148.3864,0.0064
8452.6622,131.6041,-31.7075,148.3928,0.0064
8453.6645,132.6038,-31.7343,148.3992,0.0063
8454.6668,133.6034,-31.7611,148.4056,0.0063
8455.6692,134.6031,-31.7879,148.4118,0.0061
8456.6714,135.6027,-31.8146,148.4179,0.0060
8457.6737,136.6024,-31.8403,148.4238,0.0058
8458.6760,137.6022,-31.8579,148.4296,0.0057
8459.6784,138.6021,-31.8754,148.4352,0.0055
8460.6806,139.6019,-31.8926,148.4406,0.0053
8461.6829,140.6018,-31.9033,148.4459,0.0052
8462.6852,141.6018,-31.9092,148.4510,0.0050
8463.6875,142.6018,-31.9136,148.4559,0.0049
8464.6898,143.6018,-31.9080,148.4607,0.0047
8465.6922,144.6018,-31.9019,148.4653,0.0046
8466.6945,145.6017,-31.8888,148.4699,0.0045
8467.6967,146.6015,-31.8707,148.4743,0.0043
8468.6990,147.6013,-31.8510,148.4785,0.0042
8469.7014,148.6009,-31.8206,148.4827,0.0041
8470.7037,149.6004,-31.7896,148.4868,0.0040
8471.7060,150.5997,-31.7515,148.4907,0.0038
8472.7082,151.5987,-31.7083,148.4945,0.0037
8473.7106,152.5978,-31.6646,148.4981,0.0035
8474.7129,153.5965,-31.6141,148.5016,0.0034
8475.7152,154.5950,-31.5588,148.5049,0.0032
8476.7175,155.5934,-31.5029,148.5079,0.0030
8477.7198,156.5915,-31.4408,148.5108,0.0027
8478.7220,157.5892,-31.3742,148.5134,0.0025
8479.7244,158.5870,-31.3069,148.5157,0.0022
8480.7266,159.5842,-31.2331,148.5178,0.0019
8481.7289,160.5812,-31.1547,148.5195,0.0015
8482.7312,161.5780,-31.0757,148.5209,0.0012
8483.7335,162.5744,-30.9902,148.5219,0.0008
8484.7358,163.5703,-30.9003,148.5225,0.0004
8485.7380,164.5662,-30.8098,148.5227,-0.0000
8486.7403,165.5615,-30.7132,148.5224,-0.0005
8487.7427,166.5565,-30.6124,148.5217,-0.0010
8488.7450,167.5514,-30.5116,148.5205,-0.0015
8489.7472,168.5461,-30.4091,148.5187,-0.0021
8490.7495,169.5400,-30.2986,148.5163,-0.0027
8491.7517,170.5338,-30.1881,148.5134,-0.0033
8492.7540,171.5275,-30.0760,148.5098,-0.0039
8493.7563,172.5204,-29.9566,148.5055,-0.0046
8494.7586,173.5130,-29.8350,148.5005,-0.0053
8495.7608,174.5055,-29.7133,148.4949,-0.0060
8496.7631,175.4978,-29.5895,148.4885,-0.0067
8497.7654,176.4890,-29.4568,148.4815,-0.0074
8498.7676,177.4801,-29.3240,148.4737,-0.0081
8499.7699,178.4710,-29.1890,148.4653,-0.0087
8500.7722,179.4605,-29.0444,148.4563,-0.0093
8501.7744,180.4498,-28.8988,148.4467,-0.0098
8502.7766,181.4380,-28.7459,148.4366,-0.0103
8503.7789,182.4255,-28.5880,148.4260,-0.0108
8504.7812,183.4125,-28.4273,148.4150,-0.0111
8505.7834,184.3976,-28.2554,148.4036,-0.0114
8506.7857,185.3825,-28.0822,148.3920,-0.0117
8507.7879,186.3660,-27.9013,148.3802,-0.0118
8508.7901,187.3485,-27.7151,148.3683,-0.0119
8509.7923,188.3305,-27.5263,148.3563,-0.0120
8510.7946,189.3106,-27.3276,148.3443,-0.0120
8511.7968,190.2904,-27.1278,148.3323,-0.0119
8512.7990,191.2689,-26.9216,148.3204,-0.0118
8513.8011,192.2465,-26.7114,148.3086,-0.0117
8514.8034,193.2240,-26.5001,148.2969,-0.0115
8515.8056,194.2001,-26.2830,148.2855,-0.0113
8516.8078,195.1754,-26.0621,148.2742,-0.0111
8517.8100,196.1505,-25.8402,148.2632,-0.0109
8518.8122,197.1243,-25.6128,148.2524,-0.0106
8519.8144,198.0973,-25.3820,148.2419,-0.0104
8520.8165,199.0700,-25.1501,148.2316,-0.0101
8521.8187,200.0414,-24.9126,148.2217,-0.0098
8522.8209,201.0119,-24.6716,148.2120,-0.0095
8523.8231,201.9824,-24.4304,148.2026,-0.0092
8524.8252,202.9523,-24.1870,148.1935,-0.0089
8525.8275,203.9204,-23.9362,148.1847,-0.0086
8526.8296,204.8884,-23.6854,148.1762,-0.0083
8527.8318,205.8562,-23.4336,148.1680,-0.0080
8528.8339,206.8227,-23.1770,148.1601,-0.0077
8529.8361,207.7884,-22.9174,148.1526,-0.0074
8530.8382,208.7541,-22.6578,148.1453,-0.0071
8531.8404,209.7198,-22.3981,148.1383,-0.0068
8532.8426,210.6851,-22.1367,148.1316,-0.0065
8533.8447,211.6490,-21.8706,148.1252,-0.0063
8534.8469,212.6129,-21.6044,148.1191,-0.0060
8535.8490,213.5768,-21.3382,148.1132,-0.0058
8536.8511,214.5407,-21.0720,148.1075,-0.0055
8537.8534,215.5047,-20.8058,148.1021,-0.0053
8538.8555,216.4686,-20.5396,148.0969,-0.0051
8539.8576,217.4325,-20.2734,148.0920,-0.0048
8540.8598,218.3964,-20.0072,148.0872,-0.0046
8541.8619,219.3603,-19.7409,148.0827,-0.0044
8542.8641,220.3241,-19.4742,148.0784,-0.0042
8543.8663,221.2879,-19.2075,148.0742,-0.0040
8544.8683,222.2516,-18.9408,148.0703,-0.0038
8545.8705,223.2154,-18.6740,148.0665,-0.0037
8546.8727,224.1792,-18.4073,148.0629,-0.0035
8547.8749,225.1430,-18.1406,148.0596,-0.0033
8548.8769,226.1067,-17.8739,148.0564,-0.0031
8549.8791,227.0705,-17.6072,148.0534,-0.0029
8550.8813,228.0344,-17.3407,148.0506,-0.0027
8551.8834,228.9984,-17.0751,148.0479,-0.0025
8552.8855,229.9626,-16.8100,148.0455,-0.0023
8553.8878,230.9269,-16.5449,148.0432,-0.0022
8554.8899,231.8911,-16.2798,148.0412,-0.0020
8555.8920,232.8553,-16.0147,148.0393,-0.0018
8556.8941,233.8195,-15.7496,148.0375,-0.0016
8557.8964,234.7838,-15.4845,148.0360,-0.0015
8558.8985,235.7480,-15.2194,148.0346,-0.0013
8559.9006,236.7122,-14.9543,148.0334,-0.0012
8560.9028,237.6764,-14.6892,148.0323,-0.0010
8561.9050,238.6407,-14.4242,148.0314,-0.0009
8562.9071,239.6049,-14.1591,148.0306,-0.0007
8563.9092,240.5691,-13.8940,148.0299,-0.0006
8564.9115,241.5334,-13.6289,148.0294,-0.0005
8565.9136,242.4976,-13.3639,148.0290,-0.0003
8566.9157,243.4618,-13.0988,148.0287,-0.0002
8567.9178,244.4260,-12.8337,148.0285,-0.0001
8568.9200,245.3903,-12.5687,148.0284,-0.0000
8569.9222,246.3545,-12.3035,148.0284,0.0000
8570.9243,247.3185,-12.0379,148.0285,0.0001
8571.9265,248.2826,-11.7720,148.0287,0.0002
8572.9287,249.2466,-11.5061,148.0289,0.0003
8573.9308,250.2106,-11.2403,148.0292,0.0003
8574.9329,251.1746,-10.9744,148.0296,0.0004
8575.9351,252.1386,-10.7085,148.0300,0.0004
8576.9372,253.1026,-10.4427,148.0304,0.0004
8577.9393,254.0666,-10.1768,148.0308,0.0005
8578.9415,255.0306,-9.9109,148.0313,0.0005
8579.9436,255.9945,-9.6447,148.0318,0.0005
8580.9458,256.9582,-9.3777,148.0323,0.0005
8581.9480,257.9219,-9.1106,148.0328,0.0005
8582.9501,258.8856,-8.8436,148.0334,0.0005
8583.9523,259.8493,-8.5766,148.0339,0.0005
8584.9544,260.8130,-8.3096,148.0344,0.0005
8585.9566,261.7767,-8.0426,148.0350,0.0006
8586.9587,262.7404,-7.7756,148.0356,0.0006
8587.9609,263.7041,-7.5086,148.0362,0.0006
8588.9630,264.6678,-7.2415,148.0368,0.0006
8589.9651,265.6314,-6.9744,148.0375,0.0007
8590.9672,266.5950,-6.7072,148.0382,0.0008
8591.9695,267.5587,-6.4399,148.0390,0.0008
8592.9716,268.5223,-6.1727,148.0398,0.0009
8593.9737,269.4859,-5.9055,148.0408,0.0010
8594.9759,270.4496,-5.6382,148.0418,0.0011
8595.9780,271.4132,-5.3710,148.0430,0.0012
8596.9801,272.3768,-5.1038,148.0443,0.0014
8597.9823,273.3405,-4.8366,148.0457,0.0015
8598.9845,274.3041,-4.5693,148.0473,0.0016
8599.9866,275.2677,-4.3020,148.0490,0.0018
8600.9888,276.2313,-4.0346,148.0508,0.0019
8601.9909,277.1949,-3.7673,148.0528,0.0020
8602.9930,278.1585,-3.5000,148.0549,0.0022
8603.9952,279.1221,-3.2327,148.0571,0.0023
8604.9973,280.0857,-2.9653,148.0594,0.0024
8605.9994,281.0493,-2.6980,148.0619,0.0025
8607.0016,282.0129,-2.4307,148.0644,0.0026
8608.0037,282.9765,-2.1633,148.0670,0.0026
8609.0060,283.9401,-1.8957,148.0697,0.0027
8610.0080,284.9035,-1.6279,148.0724,0.0027
8611.0102,285.8670,-1.3602,148.0751,0.0028
8612.0123,286.8305,-1.0925,148.0779,0.0028
8613.0145,287.7940,-0.8247,148.0808,0.0028
8614.0166,288.7575,-0.5570,148.0836,0.0028
8615.0188,289.7210,-0.2893,148.0865,0.0029
8616.0209,290.6845,-0.0216,148.0893,0.0029
8617.0231,291.6480,0.2461,148.0922,0.0029
8618.0252,292.6117,0.5130,148.0951,0.0029
8619.0274,293.5758,0.7787,148.0981,0.0029
8620.0295,294.5398,1.0445,148.1010,0.0030
8621.0317,295.5039,1.3102,148.1040,0.0030
8622.0339,296.4680,1.5759,148.1071,0.0031
8623.0360,297.4320,1.8416,148.1102,0.0031
8624.0382,298.3961,2.1073,148.1133,0.0032
8625.0402,299.3601,2.3730,148.1165,0.0032
8626.0425,300.3242,2.6388,148.1198,0.0033
8627.0445,301.2881,2.9048,148.1231,0.0033
8628.0467,302.2519,3.1716,148.1265,0.0034
8629.0488,303.2155,3.4388,148.1299,0.0035
8630.0510,304.1791,3.7061,148.1334,0.0035
8631.0532,305.1428,3.9733,148.1370,0.0036
8632.0553,306.1064,4.2405,148.1406,0.0037
8633.0574,307.0700,4.5077,148.1443,0.0037
8634.0596,308.0337,4.7749,148.1481,0.0038
8635.0617,308.9973,5.0422,148.1519,0.0038
8636.0638,309.9609,5.3094,148.1557,0.0039
8637.0660,310.9246,5.5766,148.1596,0.0039
8638.0682,311.8883,5.8437,148.1636,0.0039
8639.0703,312.8519,6.1108,148.1675,0.0040
8640.0725,313.8156,6.3780,148.1715,0.0040
8641.0746,314.7792,6.6451,148.1755,0.0040
8642.0767,315.7429,6.9122,148.1796,0.0040
8643.0789,316.7066,7.1794,148.1836,0.0041
8644.0810,317.6702,7.4465,148.1877,0.0041
8645.0832,318.6339,7.7136,148.1918,0.0041
8646.0853,319.5975,7.9807,148.1959,0.0041
8647.0874,320.5612,8.2477,148.2000,0.0041
8648.0896,321.5249,8.5148,148.2042,0.0041
8649.0917,322.4886,8.7818,148.2083,0.0042
8650.0939,323.4523,9.0488,148.2125,0.0042
8651.0960,324.4160,9.3158,148.2167,0.0042
8652.0982,325.3797,9.5828,148.2210,0.0043
8653.1003,326.3434,9.8498,148.2253,0.0043
8654.1025,327.3071,10.1168,148.2296,0.0043
8655.1046,328.2708,10.3838,148.2340,0.0044
8656.1067,329.2344,10.6510,148.2384,0.0045
8657.1089,330.1980,10.9186,148.2429,0.0045
8658.1110,331.1615,11.1861,148.2475,0.0046
8659.1132,332.1251,11.4537,148.2521,0.0047
8660.1153,333.0886,11.7212,148.2569,0.0048
8661.1174,334.0521,11.9888,148.2617,0.0048
8662.1196,335.0157,12.2563,148.2666,0.0049
8663.1217,335.9792,12.5239,148.2715,0.0050
8664.1239,336.9428,12.7914,148.2766,0.0051
8665.1261,337.9064,13.0588,148.2817,0.0052
8666.1282,338.8700,13.3261,148.2869,0.0052
8667.1303,339.8336,13.5933,148.2922,0.0053
8668.1325,340.7973,13.8604,148.2975,0.0053
8669.1346,341.7609,14.1276,148.3029,0.0054
8670.1368,342.7246,14.3948,148.3083,0.0054
8671.1389,343.6882,14.6620,148.3137,0.0054
8672.1411,344.6519,14.9291,148.3192,0.0055
8673.1432,345.6155,15.1963,148.3247,0.0055
8674.1453,346.5792,15.4634,148.3302,0.0055
8675.1475,347.5430,15.7301,148.3356,0.0055
8676.1496,348.5069,15.9963,148.3411,0.0054
8677.1517,349.4708,16.2624,148.3466,0.0054
8678.1538,350.4347,16.5286,148.3520,0.0054
8679.1561,351.3987,16.7948,148.3573,0.0053
8680.1582,352.3626,17.0610,148.3627,0.0053
8681.1603,353.3265,17.3271,148.3680,0.0053
8682.1624,354.2904,17.5933,148.3732,0.0052
8683.1646,355.2544,17.8595,148.3785,0.0052
8684.1668,356.2183,18.1258,148.3836,0.0051
8685.1689,357.1821,18.3924,148.3887,0.0051
8686.1710,358.1458,18.6591,148.3938,0.0050
8687.1732,359.1096,18.9258,148.3988,0.0050
8688.1753,360.0734,19.1925,148.4038,0.0049
8689.1775,361.0372,19.4592,148.4087,0.0049
8690.1796,362.0010,19.7259,148.4136,0.0048
8691.1817,362.9647,19.9926,148.4184,0.0048
8692.1839,363.9285,20.2593,148.4231,0.0047
8693.1860,364.8923,20.5260,148.4278,0.0046
8694.1881,365.8560,20.7928,148.4325,0.0046
8695.1904,366.8198,21.0598,148.4370,0.0045
8696.1925,367.7835,21.3268,148.4415,0.0044
8697.1946,368.7472,21.5937,148.4459,0.0043
8698.1968,369.7109,21.8607,148.4502,0.0043
8699.1989,370.6746,22.1277,148.4544,0.0042
8700.2010,371.6383,22.3946,148.4585,0.0041
8701.2032,372.6020,22.6616,148.4626,0.0040
8702.2053,373.5657,22.9286,148.4665,0.0038
8703.2074,374.5294,23.1955,148.4703,0.0037
8704.2096,375.4931,23.4625,148.4740,0.0036
8705.2117,376.4568,23.7294,148.4775,0.0035
8706.2139,377.4205,23.9964,148.4810,0.0034
8707.2160,378.3842,24.2633,148.4844,0.0033
8708.2182,379.3480,24.5303,148.4877,0.0032
8709.2203,380.3117,24.7972,148.4908,0.0031
8710.2225,381.2754,25.0642,148.4939,0.0031
8711.2246,382.2391,25.3311,148.4970,0.0030
8712.2267,383.2028,25.5980,148.4999,0.0029
8713.2289,384.1666,25.8647,148.5028,0.0029
8714.2310,385.1304,26.1312,148.5057,0.0028
8715.2332,386.0943,26.3976,148.5085,0.0028
8716.2353,387.0581,26.6641,148.5113,0.0028
8717.2374,388.0220,26.9305,148.5141,0.0028
8718.2395,388.9858,27.1970,148.5169,0.0028
8719.2418,389.9497,27.4635,148.5198,0.0028
8720.2438,390.9135,27.7299,148.5226,0.0029
8721.2460,391.8774,27.9964,148.5255,0.0029
8722.2481,392.8413,28.2624,148.5285,0.0030
8723.2503,393.8055,28.5278,148.5314,0.0030
8724.2524,394.7697,28.7929,148.5345,0.0031
8725.2546,395.7339,29.0581,148.5376,0.0031
8726.2567,396.6981,29.3232,148.5408,0.0032
8727.2588,397.6623,29.5883,148.5440,0.0033
8728.2609,398.6265,29.8534,148.5473,0.0033
8729.2631,399.5907,30.1186,148.5506,0.0034
8730.2653,400.5550,30.3837,148.5540,0.0034
8731.2674,401.5192,30.6488,148.5574,0.0034
8732.2695,402.4833,30.9141,148.5609,0.0035
8733.2717,403.4475,31.1795,148.5644,0.0035
8734.2738,404.4116,31.4448,148.5679,0.0035
8735.2760,405.3758,31.7102,148.5714,0.0035
8736.2781,406.3399,31.9756,148.5748,0.0035
8737.2803,407.3041,32.2409,148.5783,0.0034
8738.2824,408.2682,32.5063,148.5817,0.0034
8739.2845,409.2324,32.7716,148.5850,0.0033
8740.2866,410.1965,33.0370,148.5883,0.0033
8741.2888,411.1607,33.3022,148.5916,0.0032
8742.2909,412.1249,33.5673,148.5947,0.0031
8743.2931,413.0892,33.8324,148.5978,0.0030
8744.2952,414.0534,34.0974,148.6008,0.0029
8745.2974,415.0177,34.3624,148.6037,0.0029
8746.2995,415.9819,34.6274,148.6065,0.0028
8747.3016,416.9461,34.8925,148.6092,0.0027
8748.3038,417.9104,35.1575,148.6119,0.0026
8749.3059,418.8746,35.4225,148.6145,0.0026
8750.3081,419.8389,35.6875,148.6171,0.0025
8751.3103,420.8033,35.9520,148.6195,0.0025
8752.3123,421.7677,36.2162,148.6220,0.0024
8753.3145,422.7322,36.4804,148.6244,0.0024
8754.3167,423.6967,36.7446,148.6268,0.0024
8755.3189,424.6612,37.0088,148.6292,0.0024
8756.3209,425.6256,37.2729,148.6316,0.0024
8757.3231,426.5901,37.5371,148.6340,0.0024
8758.3253,427.5546,37.8013,148.6365,0.0024
8759.3273,428.5190,38.0655,148.6389,0.0025
8760.3295,429.4834,38.3301,148.6414,0.0025
8761.3316,430.4476,38.5952,148.6439,0.0025
8762.3338,431.4118,38.8606,148.6465,0.0026
8763.3359,432.3759,39.1259,148.6490,0.0026
8764.3381,433.3401,39.3912,148.6517,0.0026
8765.3402,434.3042,39.6565,148.6543,0.0026
8766.3424,435.2684,39.9219,148.6570,0.0027
8767.3445,436.2326,40.1872,148.6596,0.0027
8768.3466,437.1967,40.4525,148.6623,0.0027
8769.3488,438.1609,40.7179,148.6650,0.0027
8770.3509,439.1249,40.9838,148.6676,0.0026
8771.3531,440.0888,41.2501,148.6703,0.0026
8772.3552,441.0527,41.5164,148.6729,0.0026
8773.3574,442.0166,41.7826,148.6755,0.0025
8774.3595,442.9805,42.0489,148.6780,0.0025
8775.3616,443.9444,42.3152,148.6805,0.0024
8776.3638,444.9083,42.5814,148.6829,0.0024
8777.3658,445.8721,42.8477,148.6852,0.0023
8778.3680,446.8360,43.1140,148.6874,0.0022
8779.3702,447.8000,43.3802,148.6896,0.0021
8780.3723,448.7639,43.6465,148.6917,0.0020
8781.3745,449.7278,43.9127,148.6936,0.0019
8782.3766,450.6917,44.1789,148.6955,0.0018
8783.3787,451.6556,44.4451,148.6973,0.0017
8784.3808,452.6195,44.7114,148.6990,0.0016
8785.3830,453.5834,44.9776,148.7005,0.0015
8786.3851,454.5473,45.2438,148.7020,0.0014
8787.3872,455.5112,45.5101,148.7033,0.0013
8788.3893,456.4751,45.7763,148.7046,0.0012
8789.3915,457.4390,46.0428,148.7057,0.0011
8790.3937,458.4028,46.3095,148.7067,0.0010
8791.3958,459.3666,46.5761,148.7077,0.0009
8792.3980,460.3304,46.8427,148.7085,0.0008
8793.4001,461.2942,47.1094,148.7093,0.0007
8794.4022,462.2580,47.3760,148.7099,0.0006
8795.4043,463.2217,47.6426,148.7105,0.0005
8796.4064,464.1855,47.9093,148.7110,0.0005
8797.4086,465.1493,48.1759,148.7114,0.0004
8798.4108,466.1131,48.4428,148.7118,0.0003
8799.4129,467.0767,48.7101,148.7121,0.0003
8800.4150,468.0403,48.9774,148.7123,0.0002
8801.4172,469.0039,49.2448,148.7125,0.0001
8802.4193,469.9675,49.5121,148.7126,0.0001
8803.4214,470.9311,49.7795,148.7126,0.0000
8804.4236,471.8947,50.0468,148.7126,-0.0000
8805.4257,472.8583,50.3142,148.7125,-0.0001
8806.4278,473.8219,50.5815,148.7124,-0.0002
8807.4300,474.7855,50.8489,148.7122,-0.0002
8808.4321,475.7492,51.1158,148.7119,-0.0003
8809.4342,476.7130,51.3825,148.7115,-0.0004
8810.4363,477.6767,51.6493,148.7111,-0.0005
8811.4385,478.6405,51.9160,148.7106,-0.0005
8812.4406,479.6043,52.1827,148.7100,-0.0006
8813.4428,480.5681,52.4495,148.7094,-0.0007
8814.4449,481.5318,52.7162,148.7086,-0.0008
8815.4470,482.4956,52.9829,148.7078,-0.0009
8816.4492,483.4594,53.2497,148.7069,-0.0009
8817.4513,484.4231,53.5165,148.7059,-0.0010
8818.4534,485.3868,53.7834,148.7049,-0.0011
8819.4556,486.3506,54.0503,148.7037,-0.0012
8820.4577,487.3143,54.3172,148.7025,-0.0012
8821.4598,488.2780,54.5841,148.7013,-0.0013
8822.4620,489.2417,54.8510,148.6999,-0.0014
8823.4641,490.2054,55.1180,148.6985,-0.0014
8824.4663,491.1692,55.3849,148.6971,-0.0015
8825.4684,492.1329,55.6518,148.6956,-0.0015
8826.4705,493.0966,55.9187,148.6940,-0.0016
8827.4727,494.0604,56.1854,148.6923,-0.0017
8828.4748,495.0242,56.4520,148.6906,-0.0017
8829.4769,495.9880,56.7186,148.6888,-0.0018
8830.4791,496.9518,56.9852,148.6870,-0.0019
8831.4812,497.9156,57.2518,148.6850,-0.0020
8832.4833,498.8794,57.5184,148.6830,-0.0021
8833.4854,499.8432,57.7850,148.6808,-0.0022
8834.4876,500.8070,58.0516,148.6785,-0.0023
8835.4897,501.7708,58.3182,148.6762,-0.0024
8836.4919,502.7346,58.5849,148.6736,-0.0026
8837.4940,503.6984,58.8517,148.6710,-0.0027
8838.4961,504.6621,59.1185,148.6682,-0.0029
8839.4983,505.6259,59.3853,148.6652,-0.0030
8840.5004,506.5896,59.6521,148.6621,-0.0032
8841.5026,507.5534,59.9189,148.6589,-0.0034
8842.5046,508.5171,60.1857,148.6554,-0.0035
8843.5068,509.4809,60.4525,148.6518,-0.0037
8844.5089,510.4446,60.7192,148.6480,-0.0039
8845.5111,511.4084,60.9860,148.6440,-0.0041
8846.5132,512.3721,61.2531,148.6399,-0.0042
8847.5153,513.3357,61.5202,148.6356,-0.0044
8848.5175,514.2994,61.7873,148.6311,-0.0046
8849.5196,515.2631,62.0544,148.6264,-0.0048
8850.5217,516.2267,62.3215,148.6215,-0.0049
8851.5238,517.1904,62.5886,148.6165,-0.0051
8852.5260,518.1541,62.8557,148.6114,-0.0052
8853.5281,519.1177,63.1228,148.6060,-0.0054
8854.5303,520.0814,63.3900,148.6006,-0.0055
8855.5324,521.0451,63.6569,148.5950,-0.0056
8856.5346,522.0089,63.9238,148.5893,-0.0057
8857.5367,522.9726,64.1906,148.5835,-0.0058
8858.5388,523.9363,64.4575,148.5776,-0.0059
8859.5409,524.9001,64.7243,148.5716,-0.0060
8860.5431,525.8638,64.9912,148.5655,-0.0061
8861.5452,526.8276,65.2580,148.5595,-0.0061
8862.5473,527.7913,65.5249,148.5534,-0.0061
8863.5494,528.7550,65.7917,148.5472,-0.0061
8864.5516,529.7188,66.0585,148.5411,-0.0061
8865.5537,530.6826,66.3250,148.5351,-0.0060
8866.5558,531.6465,66.5913,148.5291,-0.0060
8867.5580,532.6104,66.8577,148.5231,-0.0059
8868.5601,533.5742,67.1241,148.5173,-0.0058
8869.5622,534.5381,67.3904,148.5116,-0.0057
8870.5644,535.5020,67.6568,148.5060,-0.0055
8871.5666,536.4659,67.9232,148.5005,-0.0054
8872.5686,537.4297,68.1895,148.4951,-0.0052
8873.5708,538.3936,68.4559,148.4900,-0.0051
8874.5729,539.3576,68.7217,148.4849,-0.0049
8875.5750,540.3218,68.9870,148.4801,-0.0047
8876.5772,541.2860,69.2521,148.4754,-0.0046
8877.5793,542.2502,69.5173,148.4709,-0.0044
8878.5814,543.2144,69.7824,148.4666,-0.0042
8879.5836,544.1786,70.0476,148.4624,-0.0041
8880.5857,545.1428,70.3128,148.4584,-0.0039
8881.5878,546.1070,70.5779,148.4546,-0.0038
8882.5899,547.0712,70.8431,148.4509,-0.0036
8883.5922,548.0355,71.1082,148.4473,-0.0035
8884.5942,548.9998,71.3728,148.4438,-0.0034
8885.5964,549.9642,71.6373,148.4404,-0.0033
8886.5985,550.9286,71.9018,148.4371,-0.0033
8887.6007,551.8930,72.1662,148.4339,-0.0032
8888.6028,552.8574,72.4307,148.4306,-0.0032
8889.6049,553.8218,72.6952,148.4274,-0.0032
8890.6070,554.7861,72.9597,148.4242,-0.0033
8891.6091,555.7505,73.2242,148.4209,-0.0033
8892.6113,556.7149,73.4887,148.4175,-0.0034
8893.6134,557.6793,73.7531,148.4141,-0.0035
8894.6156,558.6438,74.0175,148.4105,-0.0036
8895.6177,559.6082,74.2819,148.4068,-0.0038
8896.6198,560.5726,74.5462,148.4030,-0.0039
8897.6220,561.5370,74.8106,148.3990,-0.0041
8898.6241,562.5014,75.0750,148.3948,-0.0043
8899.6263,563.4659,75.3393,148.3904,-0.0045
8900.6284,564.4303,75.6037,148.3858,-0.0047
8901.6305,565.3947,75.8681,148.3810,-0.0049
8902.6327,566.3591,76.1326,148.3759,-0.0052
8903.6347,567.3230,76.3987,148.3706,-0.0054
8904.6369,568.2869,76.6650,148.3651,-0.0056
8905.6390,569.2508,76.9313,148.3593,-0.0059
8906.6412,570.2147,77.1976,148.3534,-0.0061
8907.6433,571.1786,77.4639,148.3472,-0.0063
8908.6455,572.1425,77.7303,148.3407,-0.0065
8909.6475,573.1063,77.9966,148.3341,-0.0067
8910.6497,574.0702,78.2629,148.3274,-0.0068
8911.6518,575.0341,78.5292,148.3204,-0.0070
8912.6540,575.9981,78.7952,148.3134,-0.0071
8913.6561,576.9621,79.0610,148.3062,-0.0072
8914.6582,577.9262,79.3267,148.2989,-0.0073
8915.6603,578.8902,79.5924,148.2916,-0.0073
8916.6625,579.8543,79.8582,148.2843,-0.0073
8917.6646,580.8183,80.1239,148.2769,-0.0073
8918.6668,581.7824,80.3896,148.2696,-0.0073
8919.6688,582.7464,80.6553,148.2623,-0.0072
8920.6710,583.7106,80.9207,148.2551,-0.0072
8921.6731,584.6762,81.1805,148.2479,-0.0071
8922.6752,585.6420,81.4398,148.2409,-0.0070
8923.6774,586.6078,81.6992,148.2339,-0.0069
8924.6795,587.5736,81.9585,148.2270,-0.0068
8925.6817,588.5404,82.2139,148.2202,-0.0067
8926.6838,589.5081,82.4660,148.2136,-0.0066
8927.6860,590.4759,82.7178,148.2070,-0.0065
8928.6882,591.4437,82.9697,148.2005,-0.0064
8929.6903,592.4126,83.2172,148.1941,-0.0063
8930.6924,593.3824,83.4610,148.1878,-0.0063
8931.6945,594.3522,83.7047,148.1816,-0.0062
8932.6967,595.3221,83.9484,148.1754,-0.0062
8933.6989,596.2931,84.1874,148.1692,-0.0061
8934.7011,597.2651,84.4225,148.1631,-0.0061
8935.7032,598.2371,84.6575,148.1570,-0.0061
8936.7054,599.2091,84.8925,148.1509,-0.0061
8937.7075,600.1812,85.1269,148.1449,-0.0061
8938.7097,601.1549,85.3546,148.1388,-0.0061
8939.7118,602.1287,85.5819,148.1327,-0.0061
8940.7141,603.1026,85.8092,148.1266,-0.0061
8941.7162,604.0764,86.0366,148.1205,-0.0061
8942.7184,605.0503,86.2634,148.1143,-0.0062
8943.7205,606.0256,86.4843,148.1081,-0.0062
8944.7227,607.0010,86.7049,148.1019,-0.0062
8945.7249,607.9763,86.9256,148.0957,-0.0062
8946.7271,608.9517,87.1462,148.0895,-0.0062
8947.7292,609.9271,87.3664,148.0832,-0.0063
8948.7314,610.9041,87.5799,148.0769,-0.0063
8949.7336,611.8811,87.7932,148.0706,-0.0063
8950.7358,612.8581,88.0065,148.0643,-0.0063
8951.7379,613.8350,88.2198,148.0580,-0.0063
8952.7402,614.8130,88.4287,148.0516,-0.0063
8953.7423,615.7916,88.6342,148.0453,-0.0063
8954.7445,616.7703,88.8396,148.0389,-0.0063
8955.7467,617.7490,89.0450,148.0326,-0.0063
8956.7489,618.7278,89.2499,148.0262,-0.0063
8957.7511,619.7080,89.4477,148.0199,-0.0063
8958.7533,620.6883,89.6453,148.0136,-0.0063
8959.7555,621.6686,89.8430,148.0073,-0.0063
8960.7577,622.6488,90.0407,148.0010,-0.0062
8961.7599,623.6292,90.2378,147.9948,-0.0062
8962.7621,624.6110,90.4277,147.9887,-0.0061
8963.7643,625.5928,90.6175,147.9826,-0.0060
8964.7665,626.5746,90.8074,147.9766,-0.0059
8965.7687,627.5565,90.9972,147.9708,-0.0058
8966.7709,628.5393,91.1819,147.9651,-0.0056
8967.7731,629.5227,91.3629,147.9595,-0.0055
8968.7753,630.5062,91.5439,147.9541,-0.0053
8969.7775,631.4897,91.7248,147.9489,-0.0051
8970.7797,632.4742,91.9004,147.9439,-0.0049
8971.7819,633.4593,92.0721,147.9391,-0.0047
8972.7842,634.4445,92.2438,147.9345,-0.0045
8973.7864,635.4297,92.4153,147.9301,-0.0042
8974.7886,636.4157,92.5817,147.9260,-0.0040
8975.7908,637.4024,92.7443,147.9222,-0.0037
8976.7930,638.3891,92.9068,147.9185,-0.0035
8977.7953,639.3760,93.0685,147.9151,-0.0033
8978.7975,640.3641,93.2224,147.9120,-0.0030
8979.7998,641.3522,93.3762,147.9090,-0.0028
8980.8019,642.3403,93.5298,147.9063,-0.0026
8981.8042,643.3292,93.6785,147.9038,-0.0024
8982.8064,644.3186,93.8236,147.9014,-0.0023
8983.8086,645.3080,93.9686,147.8992,-0.0021
8984.8109,646.2976,94.1127,147.8972,-0.0020
8985.8131,647.2883,94.2489,147.8953,-0.0018
8986.8153,648.2789,94.3850,147.8935,-0.0017
8987.8175,649.2696,94.5212,147.8919,-0.0016
8988.8198,650.2605,94.6564,147.8903,-0.0015
8989.8220,651.2522,94.7843,147.8888,-0.0015
8990.8243,652.2440,94.9122,147.8874,-0.0014
8991.8265,653.2358,95.0401,147.8860,-0.0013
8992.8287,654.2276,95.1677,147.8847,-0.0013
8993.8310,655.2200,95.2909,147.8835,-0.0012
8994.8333,656.2128,95.4110,147.8822,-0.0012
8995.8355,657.2056,95.5310,147.8811,-0.0011
8996.8377,658.1983,95.6511,147.8799,-0.0011
8997.8400,659.1912,95.7701,147.8789,-0.0011
8998.8423,660.1849,95.8824,147.8778,-0.0010
8999.8444,661.1785,95.9948,147.8768,-0.0010
9000.8467,662.1722,96.1072,147.8758,-0.0010
9001.8490,663.1659,96.2192,147.8748,-0.0009
9002.8512,664.1601,96.3269,147.8739,-0.0009
9003.8535,665.1546,96.4315,147.8730,-0.0009
9004.8557,666.1491,96.5362,147.8721,-0.0009
9005.8580,667.1437,96.6404,147.8713,-0.0008
9006.8602,668.1387,96.7397,147.8705,-0.0008
9007.8625,669.1341,96.8356,147.8697,-0.0008
9008.8647,670.1295,96.9315,147.8689,-0.0007
9009.8670,671.1249,97.0270,147.8682,-0.0007
9010.8692,672.1208,97.1175,147.8675,-0.0006
9011.8715,673.1170,97.2045,147.8669,-0.0006
9012.8737,674.1132,97.2916,147.8663,-0.0005
9013.8761,675.1095,97.3786,147.8658,-0.0005
9014.8783,676.1058,97.4644,147.8654,-0.0004
9015.8806,677.1026,97.5438,147.8650,-0.0003
9016.8828,678.0994,97.6232,147.8647,-0.0002
9017.8851,679.0963,97.7027,147.8645,-0.0002
9018.8873,680.0931,97.7821,147.8644,-0.0000
9019.8897,681.0901,97.8603,147.8644,0.0001
9020.8918,682.0874,97.9327,147.8645,0.0002
9021.8941,683.0848,98.0051,147.8648,0.0004
9022.8964,684.0822,98.0774,147.8652,0.0005
9023.8987,685.0796,98.1498,147.8659,0.0007
9024.9010,686.0770,98.2218,147.8666,0.0009
9025.9032,687.0746,98.2907,147.8677,0.0011
9026.9055,688.0724,98.3576,147.8689,0.0014
9027.9077,689.0701,98.4244,147.8704,0.0016
9028.9100,690.0679,98.4912,147.8722,0.0019
9029.9123,691.0657,98.5580,147.8742,0.0022
9030.9145,692.0634,98.6248,147.8766,0.0025
9031.9168,693.0612,98.6913,147.8793,0.0028
9032.9191,694.0592,98.7552,147.8823,0.0032
9033.9213,695.0572,98.8173,147.8857,0.0035
9034.9236,696.0553,98.8795,147.8894,0.0039
9035.9259,697.0534,98.9416,147.8935,0.0043
9036.9281,698.0514,99.0038,147.8979,0.0046
9037.9304,699.0495,99.0660,147.9027,0.0050
9038.9327,700.0476,99.1281,147.9079,0.0053
9039.9349,701.0456,99.1903,147.9134,0.0057
9040.9372,702.0437,99.2524,147.9193,0.0061
9041.9395,703.0418,99.3143,147.9256,0.0064
9042.9417,704.0399,99.3752,147.9322,0.0068
9043.9440,705.0381,99.4361,147.9391,0.0071
9044.9462,706.0362,99.4970,147.9465,0.0075
9045.9486,707.0344,99.5579,147.9541,0.0078
9046.9508,708.0325,99.6188,147.9622,0.0082
9047.9530,709.0306,99.6797,147.9706,0.0086
9048.9553,710.0288,99.7406,147.9794,0.0090
9049.9576,711.0269,99.8015,147.9887,0.0094
9050.9599,712.0251,99.8623,147.9983,0.0098
9051.9622,713.0233,99.9226,148.0083,0.0103
9052.9644,714.0215,99.9825,148.0189,0.0107
9053.9667,715.0197,100.0425,148.0298,0.0112
9054.9690,716.0179,100.1024,148.0413,0.0117
9055.9712,717.0161,100.1623,148.0532,0.0122
9056.9735,718.0143,100.2222,148.0657,0.0127
9057.9758,719.0125,100.2822,148.0786,0.0132
9058.9780,720.0107,100.3421,148.0921,0.0137
9059.9803,721.0089,100.4020,148.1061,0.0142
9060.9826,722.0071,100.4621,148.1207,0.0148
9061.9848,723.0052,100.5228,148.1357,0.0153
9062.9871,724.0034,100.5835,148.1513,0.0158
9063.9893,725.0015,100.6442,148.1675,0.0163
9064.9916,725.9997,100.7049,148.1841,0.0168
9065.9939,726.9979,100.7656,148.2012,0.0173
9066.9961,727.9960,100.8263,148.2188,0.0178
9067.9984,728.9942,100.8870,148.2369,0.0183
9069.0006,729.9923,100.9477,148.2554,0.0187
9070.0029,730.9905,101.0083,148.2744,0.0191
9071.0052,731.9887,101.0688,148.2937,0.0195
9072.0074,732.9868,101.1291,148.3135,0.0199
9073.0097,733.9850,101.1895,148.3336,0.0203
9074.0120,734.9832,101.2499,148.3541,0.0206
9075.0143,735.9814,101.3102,148.3749,0.0209
9076.0165,736.9795,101.3706,148.3960,0.0212
9077.0188,737.9777,101.4309,148.4175,0.0215
9078.0211,738.9759,101.4913,148.4392,0.0218
9079.0234,739.9741,101.5516,148.4612,0.0221
9080.0256,740.9723,101.6117,148.4835,0.0224
9081.0279,741.9705,101.6712,148.5060,0.0226
9082.0301,742.9687,101.7306,148.5288,0.0229
9083.0324,743.9670,101.7901,148.5519,0.0231
9084.0347,744.9652,101.8495,148.5752,0.0234
9085.0369,745.9634,101.9090,148.5987,0.0236
9086.0393,746.9617,101.9684,148.6225,0.0239
9087.0415,747.9599,102.0279,148.6465,0.0241
9088.0437,748.9581,102.0873,148.6708,0.0243
9089.0461,749.9564,102.1467,148.6953,0.0246
9090.0483,750.9546,102.2057,148.7201,0.0248
9091.0506,751.9529,102.2644,148.7451,0.0250
9092.0529,752.9512,102.3232,148.7703,0.0253
9093.0550,753.9494,102.3820,148.7957,0.0255
9094.0573,754.9477,102.4408,148.8214,0.0257
9095.0596,755.9460,102.4996,148.8473,0.0260
9096.0618,756.9442,102.5584,148.8735,0.0262
9097.0641,757.9425,102.6171,148.8999,0.0264
9098.0664,758.9408,102.6759,148.9265,0.0267
9099.0686,759.9390,102.7350,148.9533,0.0269
9100.0710,760.9373,102.7945,148.9804,0.0271
9101.0732,761.9355,102.8540,149.0077,0.0274
9102.0755,762.9337,102.9136,149.0352,0.0276
9103.0777,763.9319,102.9731,149.0630,0.0278
9104.0800,764.9302,103.0327,149.0910,0.0281
9105.0823,765.9284,103.0922,149.1192,0.0283
9106.0845,766.9266,103.1518,149.1478,0.0286
9107.0868,767.9248,103.2113,149.1765,0.0288
9108.0891,768.9231,103.2708,149.2056,0.0291
9109.0913,769.9213,103.3301,149.2349,0.0294
9110.0937,770.9196,103.3893,149.2644,0.0296
9111.0959,771.9178,103.4486,149.2942,0.0299
9112.0981,772.9160,103.5078,149.3243,0.0301
9113.1004,773.9143,103.5670,149.3546,0.0304
9114.1026,774.9125,103.6262,149.3852,0.0306
9115.1050,775.9108,103.6854,149.4160,0.0309
9116.1072,776.9090,103.7446,149.4470,0.0311
9117.1095,777.9073,103.8038,149.4783,0.0313
9118.1117,778.9055,103.8632,149.5097,0.0315
9119.1140,779.9037,103.9227,149.5414,0.0317
9120.1163,780.9020,103.9821,149.5732,0.0318
9121.1185,781.9002,104.0416,149.6052,0.0320
9122.1208,782.8984,104.1011,149.6373,0.0321
9123.1231,783.8967,104.1606,149.6695,0.0322
9124.1254,784.8949,104.2201,149.7018,0.0323
9125.1276,785.8931,104.2796,149.7342,0.0323
9126.1298,786.8913,104.3391,149.7666,0.0324
9127.1322,787.8896,104.3988,149.7991,0.0324
9128.1344,788.8877,104.4593,149.8315,0.0324
9129.1367,789.8859,104.5201,149.8640,0.0324
9130.1389,790.8840,104.5809,149.8964,0.0323
9131.1412,791.8822,104.6417,149.9288,0.0323
9132.1434,792.8803,104.7025,149.9611,0.0322
9133.1458,793.8785,104.7633,149.9933,0.0321
9134.1480,794.8766,104.8241,150.0255,0.0321
9135.1503,795.8748,104.8849,150.0576,0.0320
9136.1525,796.8729,104.9457,150.0897,0.0319
9137.1548,797.8711,105.0061,150.1217,0.0319
9138.1570,798.8693,105.0658,150.1536,0.0318
9139.1593,799.8675,105.1256,150.1855,0.0318
9140.1616,800.8657,105.1854,150.2173,0.0318
9141.1638,801.8639,105.2452,150.2491,0.0317
9142.1662,802.8622,105.3049,150.2809,0.0317
9143.1684,803.8604,105.3647,150.3127,0.0317
9144.1707,804.8586,105.4245,150.3445,0.0318
9145.1729,805.8568,105.4843,150.3764,0.0318
9146.1752,806.8550,105.5439,150.4083,0.0319
9147.1775,807.8533,105.6032,150.4403,0.0320
9148.1797,808.8515,105.6622,150.4724,0.0320
9149.1820,809.8498,105.7213,150.5045,0.0321
9150.1842,810.8480,105.7804,150.5368,0.0323
9151.1865,811.8463,105.8395,150.5692,0.0324
9152.1888,812.8445,105.8985,150.6017,0.0325
9153.1911,813.8428,105.9576,150.6343,0.0326
9154.1933,814.8410,106.0167,150.6671,0.0328
9155.1956,815.8393,106.0757,150.7000,0.0329
9156.1979,816.8376,106.1343,150.7331,0.0330
9157.2001,817.8359,106.1923,150.7662,0.0331
9158.2024,818.8342,106.2503,150.7995,0.0332
9159.2046,819.8325,106.3083,150.8329,0.0333
9160.2069,820.8308,106.3663,150.8663,0.0334
9161.2092,821.8292,106.4242,150.8999,0.0335
9162.2115,822.8275,106.4822,150.9335,0.0335
9163.2137,823.8258,106.5402,150.9671,0.0336
9164.2160,824.8241,106.5982,151.0008,0.0336
9165.2182,825.8224,106.6564,151.0344,0.0336
9166.2205,826.8207,106.7150,151.0681,0.0336
9167.2228,827.8190,106.7739,151.1018,0.0336
9168.2250,828.8172,106.8328,151.1355,0.0336
9169.2273,829.8155,106.8917,151.1692,0.0336
9170.2296,830.8138,106.9506,151.2028,0.0336
9171.2318,831.8120,107.0095,151.2365,0.0336
9172.2341,832.8103,107.0684,151.2701,0.0336
9173.2363,833.8085,107.1273,151.3038,0.0336
9174.2386,834.8068,107.1862,151.3376,0.0337
9175.2409,835.8050,107.2456,151.3714,0.0338
9176.2431,836.8032,107.3055,151.4052,0.0338
9177.2455,837.8015,107.3654,151.4392,0.0340
9178.2477,838.7997,107.4253,151.4733,0.0341
9179.2500,839.7979,107.4852,151.5075,0.0342
9180.2523,840.7961,107.5451,151.5419,0.0344
9181.2545,841.7943,107.6051,151.5765,0.0346
9182.2568,842.7925,107.6650,151.6113,0.0348
9183.2591,843.7907,107.7249,151.6462,0.0350
9184.2613,844.7889,107.7851,151.6813,0.0351
9185.2635,845.7870,107.8458,151.7166,0.0353
9186.2659,846.7852,107.9068,151.7521,0.0355
9187.2681,847.7833,107.9678,151.7878,0.0357
9188.2703,848.7814,108.0288,151.8236,0.0358
9189.2727,849.7796,108.0898,151.8596,0.0359
9190.2749,850.7777,108.1508,151.8956,0.0360
9191.2771,851.7758,108.2118,151.9318,0.0361
9192.2794,852.7740,108.2728,151.9680,0.0362
9193.2817,853.7721,108.3337,152.0043,0.0362
9194.2840,854.7703,108.3944,152.0406,0.0362
9195.2862,855.7685,108.4546,152.0768,0.0362
9196.2884,856.7666,108.5149,152.1131,0.0362
9197.2907,857.7648,108.5751,152.1493,0.0361
9198.2930,858.7630,108.6354,152.1855,0.0360
9199.2953,859.7612,108.6957,152.2215,0.0359
9200.2976,860.7594,108.7559,152.2575,0.0358
9201.2998,861.7576,108.8162,152.2934,0.0357
9202.3020,862.7557,108.8764,152.3291,0.0356
9203.3043,863.7540,108.9356,152.3647,0.0354
9204.3066,864.7524,108.9928,152.4001,0.0353
9205.3089,865.7508,109.0490,152.4354,0.0351
9206.3111,866.7492,109.1053,152.4705,0.0349
9207.3134,867.7476,109.1616,152.5055,0.0348
9208.3156,868.7460,109.2178,152.5402,0.0346
9209.3179,869.7444,109.2741,152.5747,0.0344
9210.3202,870.7429,109.3304,152.6091,0.0342
9211.3225,871.7413,109.3866,152.6433,0.0340
9212.3247,872.7397,109.4430,152.6773,0.0338
9213.3270,873.7380,109.5007,152.7111,0.0337
9214.3293,874.7363,109.5598,152.7447,0.0335
9215.3315,875.7345,109.6189,152.7783,0.0334
9216.3338,876.7328,109.6780,152.8117,0.0333
9217.3360,877.7310,109.7370,152.8450,0.0332
9218.3383,878.7293,109.7961,152.8782,0.0331
9219.3406,879.7275,109.8553,152.9114,0.0331
9220.3428,880.7256,109.9164,152.9445,0.0331
9221.3451,881.7237,109.9792,152.9777,0.0331
9222.3474,882.7217,110.0420,153.0108,0.0331
9223.3496,883.7197,110.1048,153.0440,0.0331
9224.3519,884.7178,110.1676,153.0771,0.0330
9225.3542,885.7158,110.2304,153.1102,0.0330
9226.3564,886.7138,110.2932,153.1432,0.0329
9227.3587,887.7118,110.3560,153.1761,0.0327
9228.3610,888.7099,110.4188,153.2087,0.0324
9229.3632,889.7079,110.4807,153.2411,0.0321
9230.3655,890.7061,110.5412,153.2731,0.0317
9231.3677,891.7043,110.6010,153.3046,0.0311
9232.3700,892.7025,110.6609,153.3355,0.0305
9233.3722,893.7007,110.7207,153.3657,0.0297
9234.3745,894.6989,110.7806,153.3950,0.0288
9235.3769,895.6972,110.8404,153.4234,0.0278
9236.3791,896.6954,110.9002,153.4508,0.0268
9237.3814,897.6936,110.9601,153.4771,0.0257
9238.3836,898.6918,111.0198,153.5023,0.0245
9239.3858,899.6901,111.0775,153.5262,0.0233
9240.3881,900.6885,111.1337,153.5490,0.0221
9241.3904,901.6870,111.1899,153.5706,0.0210
9242.3927,902.6854,111.2462,153.5911,0.0199
9243.3949,903.6838,111.3024,153.6105,0.0189
9244.3972,904.6822,111.3586,153.6290,0.0181
9245.3994,905.6806,111.4148,153.6468,0.0174
9246.4017,906.6790,111.4710,153.6638,0.0168
9247.4040,907.6775,111.5272,153.6804,0.0164
9248.4062,908.6759,111.5828,153.6967,0.0162
9249.4085,909.6744,111.6374,153.7129,0.0163
9250.4107,910.6729,111.6917,153.7293,0.0165
9251.4131,911.6715,111.7460,153.7460,0.0170
9252.4153,912.6700,111.8003,153.7634,0.0177
9253.4176,913.6685,111.8547,153.7815,0.0187
9254.4198,914.6670,111.9090,153.8008,0.0199
9255.4221,915.6656,111.9633,153.8215,0.0214
9256.4244,916.6641,112.0176,153.8438,0.0232
9257.4266,917.6626,112.0720,153.8680,0.0252
9258.4289,918.6611,112.1276,153.8942,0.0273
9259.4312,919.6595,112.1842,153.9228,0.0297
9260.4335,920.6579,112.2407,153.9538,0.0322
9261.4357,921.6563,112.2972,153.9874,0.0348
9262.4380,922.6547,112.3537,154.0236,0.0374
9263.4403,923.6531,112.4103,154.0624,0.0400
9264.4425,924.6515,112.4670,154.1037,0.0425
9265.4448,925.6497,112.5266,154.1475,0.0447
9266.4470,926.6478,112.5880,154.1934,0.0468
9267.4493,927.6459,112.6494,154.2412,0.0485
9268.4515,928.6440,112.7108,154.2907,0.0499
9269.4538,929.6421,112.7723,154.3413,0.0509
9270.4560,930.6402,112.8337,154.3928,0.0516
9271.4584,931.6384,112.8951,154.4447,0.0518
9272.4606,932.6365,112.9565,154.4967,0.0517
9273.4629,933.6346,113.0180,154.5484,0.0513
9274.4651,934.6326,113.0807,154.5994,0.0505
9275.4674,935.6306,113.1441,154.6496,0.0495
9276.4697,936.6286,113.2074,154.6987,0.0484
9277.4720,937.6266,113.2708,154.7466,0.0471
9278.4742,938.6246,113.3342,154.7932,0.0458
9279.4765,939.6226,113.3976,154.8384,0.0445
9280.4787,940.6205,113.4610,154.8824,0.0432
9281.4810,941.6185,113.5244,154.9251,0.0420
9282.4832,942.6165,113.5877,154.9666,0.0409
9283.4855,943.6145,113.6517,155.0071,0.0400
9284.4878,944.6124,113.7165,155.0468,0.0392
9285.4901,945.6103,113.7815,155.0856,0.0385
9286.4923,946.6081,113.8466,155.1239,0.0379
9287.4945,947.6060,113.9116,155.1616,0.0375
9288.4968,948.6039,113.9767,155.1990,0.0372
9289.4991,949.6018,114.0417,155.2361,0.0369
9290.5014,950.5997,114.1067,155.2730,0.0368
9291.5036,951.5975,114.1718,155.3098,0.0367
9292.5058,952.5954,114.2367,155.3465,0.0366
9293.5081,953.5934,114.3008,155.3832,0.0366
9294.5104,954.5914,114.3643,155.4199,0.0366
9295.5126,955.5893,114.4278,155.4566,0.0367
9296.5149,956.5873,114.4914,155.4934,0.0367
9297.5172,957.5853,114.5549,155.5302,0.0367
9298.5195,958.5833,114.6185,155.5671,0.0368
9299.5217,959.5813,114.6820,155.6039,0.0368
9300.5239,960.5792,114.7455,155.6409,0.0368
9301.5262,961.5772,114.8091,155.6778,0.0369
9302.5285,962.5752,114.8729,155.7147,0.0369
9303.5307,963.5731,114.9369,155.7517,0.0368
9304.5331,964.5711,115.0011,155.7886,0.0368
9305.5353,965.5690,115.0653,155.8255,0.0368
9306.5375,966.5669,115.1294,155.8624,0.0368
9307.5398,967.5649,115.1936,155.8992,0.0368
9308.5420,968.5628,115.2577,155.9361,0.0367
9309.5444,969.5608,115.3219,155.9729,0.0367
9310.5466,970.5587,115.3861,156.0097,0.0367
9311.5488,971.5566,115.4504,156.0464,0.0367
9312.5511,972.5544,115.5176,156.0832,0.0367
9313.5534,973.5520,115.5861,156.1200,0.0367
9314.5557,974.5497,115.6545,156.1568,0.0368
9315.5579,975.5473,115.7229,156.1937,0.0368
9316.5602,976.5450,115.7913,156.2306,0.0369
9317.5624,977.5426,115.8598,156.2676,0.0369
9318.5647,978.5403,115.9282,156.3046,0.0370
9319.5670,979.5380,115.9966,156.3418,0.0371
9320.5692,980.5356,116.0650,156.3791,0.0372
9321.5715,981.5333,116.1336,156.4165,0.0374
9322.5737,982.5309,116.2023,156.4540,0.0375
9323.5760,983.5285,116.2710,156.4916,0.0376
9324.5783,984.5262,116.3397,156.5293,0.0377
9325.5805,985.5238,116.4084,156.5672,0.0378
9326.5828,986.5215,116.4771,156.6051,0.0379
9327.5850,987.5191,116.5458,156.6431,0.0380
9328.5873,988.5167,116.6145,156.6812,0.0380
9329.5896,989.5144,116.6832,156.7193,0.0381
9330.5918,990.5120,116.7519,156.7575,0.0381
9331.5941,991.5097,116.8203,156.7957,0.0381
9332.5963,992.5073,116.8886,156.8338,0.0381
9333.5986,993.5050,116.9569,156.8720,0.0380
9334.6009,994.5027,117.0252,156.9100,0.0380
9335.6031,995.5003,117.0936,156.9481,0.0379
9336.6054,996.4980,117.1619,156.9860,0.0378
9337.6076,997.4956,117.2302,157.0238,0.0377
9338.6099,998.4933,117.2985,157.0616,0.0376
9339.6122,999.4910,117.3668,157.0992,0.0375
9340.6144,1000.4886,117.4352,157.1368,0.0374
9341.6167,1001.4863,117.5037,157.1742,0.0373
9342.6189,1002.4839,117.5723,157.2115,0.0372
9343.6212,1003.4816,117.6409,157.2487,0.0371
9344.6235,1004.4792,117.7095,157.2859,0.0370
9345.6258,1005.4769,117.7781,157.3229,0.0369
9346.6280,1006.4745,117.8467,157.3598,0.0368
9347.6302,1007.4721,117.9153,157.3967,0.0368
9348.6325,1008.4698,117.9838,157.4335,0.0367
9349.6347,1009.4674,118.0524,157.4703,0.0366
9350.6370,1010.4651,118.1206,157.5069,0.0366
9351.6393,1011.4628,118.1887,157.5436,0.0365
9352.6416,1012.4605,118.2568,157.5802,0.0365
9353.6439,1013.4582,118.3249,157.6167,0.0364
9354.6460,1014.4558,118.3929,157.6532,0.0364
9355.6483,1015.4535,118.4610,157.6897,0.0364
9356.6506,1016.4512,118.5291,157.7261,0.0363
9357.6529,1017.4489,118.5972,157.7625,0.0363
9358.6551,1018.4465,118.6653,157.7988,0.0362
9359.6574,1019.4443,118.7329,157.8351,0.0362
9360.6596,1020.4420,118.7999,157.8714,0.0361
9361.6619,1021.4398,118.8668,157.9075,0.0361
9362.6641,1022.4375,118.9338,157.9437,0.0360
9363.6664,1023.4353,119.0007,157.9798,0.0360
9364.6686,1024.4330,119.0676,158.0158,0.0359
9365.6710,1025.4308,119.1346,158.0517,0.0358
9366.6733,1026.4286,119.2015,158.0876,0.0357
9367.6755,1027.4263,119.2684,158.1234,0.0357
9368.6778,1028.4241,119.3355,158.1591,0.0356
9369.6800,1029.4217,119.4042,158.1947,0.0355
9370.6822,1030.4193,119.4733,158.2303,0.0355
9371.6845,1031.4169,119.5425,158.2658,0.0354
9372.6868,1032.4145,119.6116,158.3012,0.0353
9373.6890,1033.4121,119.6807,158.3366,0.0353
9374.6913,1034.4097,119.7498,158.3719,0.0352
9375.6935,1035.4073,119.8189,158.4072,0.0352
9376.6959,1036.4050,119.8881,158.4425,0.0352
9377.6981,1037.4026,119.9572,158.4777,0.0352
9378.7003,1038.4002,120.0258,158.5129,0.0352
9379.7026,1039.3979,120.0939,158.5482,0.0352
9380.7049,1040.3956,120.1619,158.5834,0.0352
9381.7072,1041.3933,120.2299,158.6187,0.0352
9382.7093,1042.3909,120.2979,158.6540,0.0352
9383.7116,1043.3886,120.3659,158.6893,0.0352
9384.7139,1044.3863,120.4339,158.7246,0.0353
9385.7162,1045.3840,120.5019,158.7600,0.0353
9386.7184,1046.3817,120.5699,158.7953,0.0353
9387.7207,1047.3794,120.6379,158.8307,0.0353
9388.7229,1048.3770,120.7065,158.8662,0.0353
9389.7252,1049.3747,120.7752,158.9016,0.0353
9390.7275,1050.3723,120.8439,158.9370,0.0353
9391.7297,1051.3699,120.9126,158.9724,0.0353
9392.7320,1052.3676,120.9813,159.0078,0.0353
9393.7342,1053.3652,121.0500,159.0432,0.0353
9394.7365,1054.3628,121.1187,159.0785,0.0352
9395.7388,1055.3605,121.1874,159.1138,0.0352
9396.7410,1056.3581,121.2561,159.1491,0.0351
9397.7433,1057.3558,121.3244,159.1843,0.0351
9398.7456,1058.3535,121.3924,159.2194,0.0350
9399.7478,1059.3512,121.4603,159.2545,0.0350
9400.7500,1060.3488,121.5282,159.2895,0.0349
9401.7523,1061.3465,121.5962,159.3245,0.0349
9402.7546,1062.3442,121.6641,159.3595,0.0348
9403.7568,1063.3419,121.7320,159.3944,0.0348
9404.7591,1064.3396,121.7999,159.4292,0.0347
9405.7614,1065.3373,121.8679,159.4640,0.0347
9406.7636,1066.3350,121.9358,159.4988,0.0346
9407.7659,1067.3327,122.0031,159.5334,0.0345
9408.7681,1068.3304,122.0705,159.5680,0.0344
9409.7704,1069.3282,122.1378,159.6025,0.0343
9410.7726,1070.3259,122.2051,159.6368,0.0342
9411.7749,1071.3236,122.2724,159.6710,0.0340
9412.7772,1072.3214,122.3398,159.7050,0.0338
9413.7794,1073.3191,122.4071,159.7388,0.0336
9414.7817,1074.3168,122.4744,159.7724,0.0333
9415.7840,1075.3146,122.5417,159.8057,0.0331
9416.7863,1076.3123,122.6097,159.8387,0.0327
9417.7885,1077.3099,122.6782,159.8713,0.0324
9418.7908,1078.3076,122.7467,159.9036,0.0321
9419.7930,1079.3052,122.8153,159.9356,0.0317
9420.7952,1080.3028,122.8839,159.9672,0.0313
9421.7975,1081.3005,122.9524,159.9984,0.0309
9422.7997,1082.2981,123.0210,160.0292,0.0306
9423.8020,1083.2958,123.0895,160.0596,0.0302
9424.8043,1084.2934,123.1581,160.0897,0.0299
9425.8066,1085.2911,123.2267,160.1195,0.0295
9426.8088,1086.2887,123.2958,160.1489,0.0292
9427.8111,1087.2863,123.3649,160.1781,0.0290
9428.8133,1088.2839,123.4341,160.2070,0.0287
9429.8156,1089.2815,123.5032,160.2356,0.0285
9430.8178,1090.2791,123.5724,160.2641,0.0283
9431.8201,1091.2767,123.6415,160.2923,0.0281
9432.8223,1092.2743,123.7107,160.3204,0.0279
9433.8246,1093.2719,123.7798,160.3483,0.0278
9434.8268,1094.2695,123.8490,160.3761,0.0277
9435.8291,1095.2671,123.9182,160.4038,0.0276
9436.8314,1096.2647,123.9875,160.4313,0.0275
9437.8336,1097.2623,124.0568,160.4588,0.0274
9438.8359,1098.2599,124.1262,160.4862,0.0273
9439.8382,1099.2575,124.1955,160.5134,0.0272
9440.8404,1100.2551,124.2648,160.5406,0.0271
9441.8427,1101.2527,124.3341,160.5677,0.0270
9442.8450,1102.2503,124.4035,160.5947,0.0269
9443.8472,1103.2479,124.4728,160.6216,0.0268
9444.8495,1104.2455,124.5420,160.6484,0.0267
9445.8518,1105.2432,124.6101,160.6751,0.0266
9446.8540,1106.2409,124.6781,160.7018,0.0265
9447.8562,1107.2385,124.7461,160.7283,0.0265
9448.8585,1108.2362,124.8141,160.7548,0.0264
9449.8608,1109.2339,124.8822,160.7813,0.0264
9450.8630,1110.2316,124.9502,160.8077,0.0264
9451.8653,1111.2293,125.0182,160.8341,0.0263
9452.8676,1112.2270,125.0862,160.8605,0.0263
9453.8699,1113.2247,125.1542,160.8869,0.0263
9454.8720,1114.2223,125.2224,160.9133,0.0263
9455.8743,1115.2200,125.2908,160.9397,0.0264
9456.8765,1116.2176,125.3592,160.9661,0.0264
9457.8789,1117.2153,125.4276,160.9926,0.0264
9458.8812,1118.2130,125.4960,161.0191,0.0264
9459.8834,1119.2106,125.5644,161.0456,0.0265
9460.8856,1120.2083,125.6327,161.0721,0.0265
9461.8878,1121.2059,125.7011,161.0986,0.0265
9462.8901,1122.2036,125.7695,161.1251,0.0265
9463.8924,1123.2013,125.8379,161.1516,0.0264
9464.8947,1124.1989,125.9066,161.1781,0.0264
9465.8969,1125.1965,125.9753,161.2045,0.0263
9466.8992,1126.1942,126.0440,161.2308,0.0262
9467.9014,1127.1918,126.1127,161.2570,0.0261
9468.9037,1128.1894,126.1814,161.2831,0.0260
9469.9060,1129.1871,126.2501,161.3091,0.0258
9470.9082,1130.1847,126.3188,161.3349,0.0256
9471.9105,1131.1824,126.3875,161.3604,0.0254
9472.9127,1132.1800,126.4562,161.3858,0.0252
9473.9150,1133.1776,126.5250,161.4108,0.0249
9474.9172,1134.1752,126.5938,161.4357,0.0246
9475.9195,1135.1729,126.6627,161.4602,0.0243
9476.9218,1136.1705,126.7315,161.4844,0.0240
9477.9240,1137.1681,126.8004,161.5083,0.0237
9478.9263,1138.1658,126.8692,161.5319,0.0234
9479.9286,1139.1634,126.9381,161.5551,0.0230
9480.9308,1140.1610,127.0069,161.5780,0.0227
9481.9330,1141.1586,127.0758,161.6006,0.0224
9482.9353,1142.1563,127.1445,161.6229,0.0221
9483.9376,1143.1540,127.2121,161.6449,0.0218
9484.9398,1144.1517,127.2797,161.6666,0.0215
9485.9421,1145.1494,127.3473,161.6880,0.0213
9486.9443,1146.1471,127.4149,161.7092,0.0211
9487.9466,1147.1448,127.4824,161.7302,0.0209
9488.9489,1148.1426,127.5500,161.7511,0.0207
9489.9512,1149.1403,127.6176,161.7718,0.0206
9490.9534,1150.1380,127.6852,161.7924,0.0205
9491.9557,1151.1357,127.7528,161.8129,0.0204
9492.9579,1152.1334,127.8200,161.8334,0.0204
9493.9602,1153.1312,127.8870,161.8538,0.0204
9494.9624,1154.1289,127.9540,161.8742,0.0204
9495.9647,1155.1267,128.0210,161.8947,0.0204
9496.9669,1156.1244,128.0879,161.9151,0.0204
9497.9692,1157.1222,128.1549,161.9355,0.0204
9498.9715,1158.1200,128.2219,161.9559,0.0204
9499.9737,1159.1177,128.2889,161.9763,0.0204
9500.9760,1160.1155,128.3559,161.9967,0.0203
9501.9782,1161.1132,128.4232,162.0171,0.0203
9502.9805,1162.1108,128.4923,162.0374,0.0202
9503.9827,1163.1084,128.5614,162.0576,0.0201
9504.9850,1164.1060,128.6305,162.0777,0.0200
9505.9872,1165.1036,128.6996,162.0977,0.0199
9506.9895,1166.1012,128.7687,162.1175,0.0197
9507.9918,1167.0989,128.8378,162.1372,0.0195
9508.9941,1168.0965,128.9069,162.1566,0.0193
9509.9963,1169.0941,128.9760,162.1759,0.0191
9510.9986,1170.0917,129.0451,162.1950,0.0189
9512.0008,1171.0893,129.1139,162.2138,0.0187
9513.0031,1172.0870,129.1823,162.2324,0.0185
9514.0053,1173.0846,129.2508,162.2508,0.0182
9515.0076,1174.0823,129.3193,162.2689,0.0180
9516.0098,1175.0799,129.3878,162.2869,0.0178
9517.0121,1176.0776,129.4563,162.3046,0.0176
9518.0143,1177.0752,129.5248,162.3221,0.0174
9519.0166,1178.0729,129.5932,162.3394,0.0172
9520.0188,1179.0705,129.6617,162.3565,0.0170
9521.0211,1180.0682,129.7301,162.3734,0.0168
9522.0234,1181.0659,129.7982,162.3902,0.0166
9523.0257,1182.0636,129.8663,162.4067,0.0164
9524.0279,1183.0612,129.9344,162.4230,0.0162
9525.0302,1184.0589,130.0024,162.4391,0.0160
9526.0324,1185.0566,130.0705,162.4550,0.0157
9527.0347,1186.0543,130.1386,162.4706,0.0155
9528.0370,1187.0520,130.2067,162.4860,0.0152
9529.0392,1188.0496,130.2748,162.5011,0.0149
9530.0414,1189.0473,130.3428,162.5159,0.0146
9531.0437,1190.0450,130.4104,162.5304,0.0143
9532.0460,1191.0428,130.4777,162.5446,0.0139
9533.0482,1192.0405,130.5451,162.5583,0.0136
9534.0505,1193.0382,130.6124,162.5717,0.0132
9535.0527,1194.0359,130.6798,162.5847,0.0127
9536.0550,1195.0337,130.7471,162.5973,0.0123
9537.0573,1196.0314,130.8144,162.6094,0.0119
9538.0595,1197.0291,130.8818,162.6210,0.0114
9539.0618,1198.0269,130.9491,162.6323,0.0109
9540.0641,1199.0246,131.0170,162.6430,0.0105
9541.0663,1200.0221,131.0867,162.6533,0.0100
9542.0686,1201.0197,131.1565,162.6631,0.0096
9543.0709,1202.0173,131.2262,162.6724,0.0091
9544.0731,1203.0148,131.2960,162.6814,0.0087
9545.0753,1204.0124,131.3657,162.6898,0.0083
9546.0775,1205.0099,131.4355,162.6979,0.0078
9547.0798,1206.0075,131.5053,162.7056,0.0074
9548.0821,1207.0051,131.5750,162.7128,0.0071
9549.0843,1208.0026,131.6447,162.7197,0.0067
9550.0866,1209.0002,131.7139,162.7262,0.0064
9551.0889,1209.9979,131.7828,162.7325,0.0060
9552.0911,1210.9955,131.8517,162.7384,0.0057
9553.0934,1211.9931,131.9207,162.7440,0.0055
9554.0956,1212.9907,131.9896,162.7493,0.0052
9555.0979,1213.9884,132.0585,162.7544,0.0050
9556.1002,1214.9860,132.1274,162.7593,0.0048
9557.1024,1215.9836,132.1963,162.7641,0.0047
9558.1046,1216.9812,132.2652,162.7687,0.0045
9559.1070,1217.9789,132.3337,162.7732,0.0045
9560.1092,1218.9766,132.4008,162.7776,0.0044
9561.1115,1219.9744,132.4679,162.7820,0.0044
9562.1137,1220.9721,132.5350,162.7864,0.0045
9563.1160,1221.9699,132.6020,162.7909,0.0045
9564.1182,1222.9676,132.6691,162.7956,0.0047
9565.1205,1223.9654,132.7362,162.8003,0.0049
9566.1227,1224.9631,132.8033,162.8053,0.0051
9567.1250,1225.9609,132.8704,162.8106,0.0054
9568.1273,1226.9586,132.9376,162.8161,0.0057
9569.1295,1227.9563,133.0053,162.8220,0.0061
9570.1318,1228.9540,133.0732,162.8283,0.0065
9571.1340,1229.9517,133.1412,162.8350,0.0069
9572.1363,1230.9494,133.2092,162.8422,0.0074
9573.1386,1231.9471,133.2772,162.8499,0.0080
9574.1408,1232.9447,133.3451,162.8582,0.0085
9575.1430,1233.9424,133.4131,162.8670,0.0091
9576.1453,1234.9401,133.4811,162.8763,0.0096
9577.1476,1235.9378,133.5491,162.8863,0.0102
9578.1498,1236.9355,133.6170,162.8969,0.0108
9579.1521,1237.9332,133.6850,162.9080,0.0115
9580.1544,1238.9309,133.7529,162.9198,0.0121
9581.1566,1239.9286,133.8209,162.9322,0.0127
9582.1588,1240.9262,133.8888,162.9452,0.0133
9583.1611,1241.9239,133.9568,162.9588,0.0138
9584.1633,1242.9216,134.0247,162.9729,0.0144
9585.1656,1243.9193,134.0927,162.9876,0.0149
9586.1679,1244.9170,134.1606,163.0029,0.0154
9587.1701,1245.9147,134.2285,163.0186,0.0159
9588.1724,1246.9124,134.2962,163.0347,0.0163
9589.1746,1247.9101,134.3636,163.0513,0.0167
9590.1769,1248.9078,134.4311,163.0682,0.0171
9591.1792,1249.9056,134.4985,163.0855,0.0173
9592.1814,1250.9033,134.5660,163.1030,0.0176
9593.1837,1251.9010,134.6335,163.1207,0.0178
9594.1859,1252.8987,134.7009,163.1386,0.0179
9595.1882,1253.8965,134.7684,163.1566,0.0179
9596.1905,1254.8942,134.8358,163.1746,0.0180
9597.1927,1255.8919,134.9036,163.1925,0.0179
9598.1949,1256.8895,134.9722,163.2105,0.0178
9599.1973,1257.8872,135.0407,163.2282,0.0176
9600.1995,1258.8848,135.1093,163.2458,0.0174
9601.2018,1259.8825,135.1778,163.2631,0.0171
9602.2040,1260.8801,135.2464,163.2801,0.0168
9603.2063,1261.8778,135.3149,163.2968,0.0165
9604.2085,1262.8754,135.3835,163.3131,0.0161
9605.2108,1263.8731,135.4520,163.3290,0.0156
9606.2130,1264.8707,135.5204,163.3445,0.0152
9607.2153,1265.8684,135.5883,163.3595,0.0147
9608.2175,1266.8661,135.6558,163.3740,0.0142
9609.2197,1267.8638,135.7233,163.3880,0.0137
9610.2221,1268.8616,135.7908,163.4015,0.0132
9611.2243,1269.8593,135.8583,163.4145,0.0127
9612.2266,1270.8570,135.9258,163.4270,0.0122
9613.2288,1271.8547,135.9934,163.4390,0.0118
9614.2310,1272.8524,136.0609,163.4505,0.0113
9615.2334,1273.8502,136.1284,163.4616,0.0109
9616.2356,1274.8479,136.1962,163.4723,0.0105
9617.2378,1275.8455,136.2644,163.4826,0.0101
9618.2401,1276.8432,136.3327,163.4925,0.0097
9619.2424,1277.8409,136.4009,163.5021,0.0094
9620.2446,1278.8385,136.4692,163.5114,0.0091
9621.2469,1279.8362,136.5374,163.5205,0.0089
9622.2492,1280.8339,136.6057,163.5293,0.0087
9623.2513,1281.8315,136.6739,163.5379,0.0085
9624.2536,1282.8292,136.7422,163.5464,0.0084
9625.2559,1283.8269,136.8104,163.5547,0.0083
9626.2582,1284.8246,136.8785,163.5629,0.0082
9627.2604,1285.8222,136.9465,163.5711,0.0081
9628.2626,1286.8199,137.0145,163.5792,0.0081
9629.2649,1287.8176,137.0825,163.5873,0.0081
9630.2672,1288.8153,137.1505,163.5954,0.0081
9631.2695,1289.8130,137.2184,163.6034,0.0081
9632.2717,1290.8107,137.2864,163.6115,0.0081
9633.2740,1291.8084,137.3544,163.6196,0.0081
9634.2762,1292.8060,137.4224,163.6278,0.0081
9635.2784,1293.8037,137.4905,163.6359,0.0082
9636.2807,1294.8014,137.5589,163.6441,0.0082
9637.2829,1295.7990,137.6272,163.6523,0.0082
9638.2852,1296.7967,137.6955,163.6606,0.0082
9639.2875,1297.7944,137.7639,163.6688,0.0082
9640.2897,1298.7920,137.8322,163.6771,0.0082
9641.2920,1299.7897,137.9005,163.6853,0.0082
9642.2943,1300.7874,137.9688,163.6935,0.0082
9643.2965,1301.7850,138.0372,163.7018,0.0082
9644.2988,1302.7827,138.1054,163.7100,0.0082
9645.3011,1303.7804,138.1734,163.7181,0.0081
9646.3033,1304.7781,138.2412,163.7263,0.0081
9647.3056,1305.7758,138.3090,163.7344,0.0081
9648.3078,1306.7735,138.3769,163.7425,0.0080
9649.3101,1307.7712,138.4447,163.7505,0.0080
9650.3123,1308.7689,138.5125,163.7585,0.0080
9651.3146,1309.7666,138.5804,163.7665,0.0079
9652.3169,1310.7643,138.6482,163.7744,0.0079
9653.3190,1311.7619,138.7160,163.7823,0.0079
9654.3213,1312.7596,138.7838,163.7902,0.0079
9655.3235,1313.7573,138.8516,163.7981,0.0078
9656.3258,1314.7550,138.9194,163.8060,0.0078
9657.3281,1315.7527,138.9872,163.8138,0.0078
9658.3303,1316.7504,139.0550,163.8217,0.0078
9659.3326,1317.7481,139.1228,163.8295,0.0078
9660.3348,1318.7458,139.1906,163.8374,0.0079
9661.3371,1319.7435,139.2583,163.8453,0.0079
9662.3393,1320.7412,139.3261,163.8531,0.0079
9663.3416,1321.7389,139.3942,163.8611,0.0079
9664.3439,1322.7366,139.4629,163.8690,0.0079
9665.3462,1323.7342,139.5320,163.8769,0.0079
9666.3484,1324.7318,139.6010,163.8848,0.0079
9667.3507,1325.7294,139.6701,163.8928,0.0079
9668.3529,1326.7270,139.7391,163.9007,0.0079
9669.3551,1327.7246,139.8082,163.9086,0.0079
9670.3574,1328.7222,139.8773,163.9165,0.0078
9671.3597,1329.7199,139.9463,163.9243,0.0078
9672.3620,1330.7175,140.0153,163.9321,0.0078
9673.3642,1331.7151,140.0836,163.9399,0.0077
9674.3665,1332.7129,140.1511,163.9475,0.0076
9675.3687,1333.7106,140.2185,163.9551,0.0076
9676.3710,1334.7083,140.2859,163.9627,0.0075
9677.3732,1335.7060,140.3533,163.9701,0.0074
9678.3755,1336.7038,140.4207,163.9775,0.0073
9679.3777,1337.7015,140.4881,163.9847,0.0072
9680.3800,1338.6992,140.5555,163.9919,0.0071
9681.3822,1339.6969,140.6229,163.9990,0.0071
9682.3845,1340.6946,140.6908,164.0061,0.0070
9683.3868,1341.6923,140.7597,164.0131,0.0069
9684.3890,1342.6898,140.8290,164.0200,0.0069
9685.3912,1343.6874,140.8983,164.0269,0.0069
9686.3935,1344.6850,140.9677,164.0338,0.0069
9687.3957,1345.6826,141.0370,164.0407,0.0069
9688.3980,1346.6802,141.1064,164.0476,0.0069
9689.4003,1347.6778,141.1757,164.0546,0.0070
9690.4025,1348.6754,141.2451,164.0616,0.0070
9691.4048,1349.6730,141.3144,164.0687,0.0071
9692.4070,1350.6706,141.3829,164.0759,0.0072
9693.4093,1351.6683,141.4507,164.0832,0.0073
9694.4116,1352.6661,141.5184,164.0906,0.0075
9695.4139,1353.6638,141.5861,164.0981,0.0076
9696.4161,1354.6615,141.6539,164.1058,0.0077
9697.4184,1355.6592,141.7216,164.1136,0.0078
9698.4206,1356.6569,141.7893,164.1215,0.0079
9699.4229,1357.6546,141.8571,164.1295,0.0081
9700.4251,1358.6523,141.9248,164.1376,0.0082
9701.4274,1359.6500,141.9926,164.1459,0.0082
9702.4295,1360.6476,142.0607,164.1542,0.0083
9703.4318,1361.6453,142.1289,164.1625,0.0084
9704.4341,1362.6430,142.1972,164.1710,0.0084
9705.4364,1363.6407,142.2654,164.1794,0.0084
9706.4386,1364.6383,142.3336,164.1878,0.0084
9707.4409,1365.6360,142.4018,164.1963,0.0084
9708.4432,1366.6337,142.4700,164.2046,0.0083
9709.4453,1367.6313,142.5382,164.2130,0.0083
9710.4476,1368.6290,142.6064,164.2212,0.0082
9711.4499,1369.6267,142.6738,164.2294,0.0081
9712.4521,1370.6245,142.7404,164.2375,0.0080
9713.4544,1371.6223,142.8071,164.2454,0.0079
9714.4567,1372.6201,142.8737,164.2533,0.0078
9715.4590,1373.6179,142.9404,164.2611,0.0077
9716.4611,1374.6156,143.0070,164.2687,0.0076
9717.4634,1375.6134,143.0737,164.2763,0.0075
9718.4657,1376.6112,143.1403,164.2839,0.0075
9719.4680,1377.6090,143.2070,164.2913,0.0074
9720.4702,1378.6067,143.2740,164.2987,0.0074
9721.4724,1379.6044,143.3418,164.3062,0.0074
9722.4747,1380.6021,143.4099,164.3136,0.0074
9723.4770,1381.5998,143.4780,164.3210,0.0074
9724.4792,1382.5974,143.5461,164.3285,0.0075
9725.4815,1383.5951,143.6142,164.3360,0.0076
9726.4837,1384.5928,143.6823,164.3436,0.0076
9727.4860,1385.5905,143.7504,164.3513,0.0077
9728.4883,1386.5882,143.8185,164.3591,0.0078
9729.4905,1387.5858,143.8866,164.3670,0.0079
9730.4927,1388.5835,143.9544,164.3750,0.0081
9731.4950,1389.5812,144.0221,164.3832,0.0082
9732.4973,1390.5790,144.0897,164.3914,0.0083
9733.4995,1391.5767,144.1573,164.3998,0.0084
9734.5018,1392.5744,144.2250,164.4082,0.0085
9735.5040,1393.5721,144.2926,164.4168,0.0086
9736.5063,1394.5698,144.3602,164.4255,0.0087
9737.5085,1395.5675,144.4279,164.4342,0.0088
9738.5108,1396.5652,144.4955,164.4431,0.0089
9739.5130,1397.5629,144.5632,164.4520,0.0089
9740.5153,1398.5606,144.6309,164.4610,0.0090
9741.5175,1399.5583,144.6987,164.4701,0.0091
9742.5198,1400.5560,144.7665,164.4792,0.0091
9743.5220,1401.5537,144.8343,164.4883,0.0092
9744.5243,1402.5514,144.9021,164.4975,0.0092
9745.5265,1403.5491,144.9699,164.5067,0.0092
9746.5288,1404.5468,145.0377,164.5160,0.0092
9747.5311,1405.5445,145.1063,164.5252,0.0092
9748.5333,1406.5420,145.1761,164.5345,0.0092
9749.5355,1407.5395,145.2464,164.5437,0.0092
9750.5379,1408.5371,145.3167,164.5529,0.0092
9751.5401,1409.5346,145.3871,164.5621,0.0091
9752.5423,1410.5321,145.4574,164.5712,0.0091
9753.5446,1411.5296,145.5277,164.5803,0.0090
9754.5469,1412.5272,145.5980,164.5894,0.0090
9755.5491,1413.5247,145.6683,164.5983,0.0089
9756.5513,1414.5222,145.7386,164.6073,0.0088
9757.5536,1415.5198,145.8079,164.6161,0.0088
9758.5559,1416.5175,145.8765,164.6248,0.0087
9759.5581,1417.5151,145.9452,164.6335,0.0086
9760.5603,1418.5127,146.0138,164.6420,0.0085
9761.5626,1419.5104,146.0824,164.6505,0.0084
9762.5649,1420.5080,146.1510,164.6588,0.0083
9763.5672,1421.5057,146.2197,164.6671,0.0082
9764.5694,1422.5033,146.2883,164.6753,0.0081
9765.5717,1423.5010,146.3569,164.6833,0.0080
9766.5739,1424.4986,146.4255,164.6913,0.0079
9767.5762,1425.4963,146.4938,164.6992,0.0078
9768.5784,1426.4939,146.5622,164.7070,0.0077
9769.5807,1427.4916,146.6305,164.7147,0.0077
9770.5830,1428.4893,146.6988,164.7224,0.0076
9771.5852,1429.4869,146.7671,164.7300,0.0076
9772.5875,1430.4846,146.8355,164.7376,0.0076
9773.5896,1431.4822,146.9038,164.7452,0.0076
9774.5919,1432.4799,146.9721,164.7528,0.0076
9775.5942,1433.4776,147.0405,164.7604,0.0076
9776.5964,1434.4752,147.1091,164.7680,0.0077
9777.5987,1435.4728,147.1780,164.7758,0.0078
9778.6010,1436.4705,147.2468,164.7836,0.0079
9779.6032,1437.4681,147.3157,164.7916,0.0080
9780.6054,1438.4657,147.3845,164.7997,0.0082
9781.6077,1439.4633,147.4534,164.8080,0.0084
9782.6100,1440.4610,147.5222,164.8165,0.0086
9783.6122,1441.4586,147.5910,164.8252,0.0088
9784.6145,1442.4562,147.6599,164.8342,0.0091
9785.6167,1443.4538,147.7289,164.8434,0.0093
9786.6189,1444.4514,147.7980,164.8529,0.0096
9787.6213,1445.4491,147.8673,164.8626,0.0099
9788.6235,1446.4467,147.9365,164.8726,0.0101
9789.6258,1447.4443,148.0058,164.8829,0.0104
9790.6280,1448.4419,148.0750,164.8935,0.0107
9791.6303,1449.4395,148.1442,164.9043,0.0110
9792.6326,1450.4371,148.2135,164.9155,0.0112
9793.6348,1451.4347,148.2827,164.9269,0.0115
9794.6371,1452.4323,148.3519,164.9385,0.0117
9795.6393,1453.4299,148.4203,164.9504,0.0120
9796.6415,1454.4276,148.4882,164.9625,0.0122
9797.6438,1455.4253,148.5562,164.9749,0.0124
9798.6460,1456.4230,148.6241,164.9874,0.0126
9799.6483,1457.4207,148.6921,165.0002,0.0128
9800.6506,1458.4184,148.7600,165.0131,0.0130
9801.6527,1459.4160,148.8279,165.0262,0.0131
9802.6550,1460.4137,148.8959,165.0394,0.0133
9803.6573,1461.4114,148.9638,165.0528,0.0134
9804.6595,1462.4091,149.0318,165.0663,0.0135
9805.6618,1463.4068,149.0997,165.0799,0.0136
9806.6641,1464.4045,149.1676,165.0936,0.0137
9807.6663,1465.4022,149.2355,165.1073,0.0138
9808.6686,1466.3999,149.3034,165.1212,0.0139
9809.6708,1467.3976,149.3713,165.1351,0.0139
9810.6731,1468.3953,149.4392,165.1491,0.0140
9811.6754,1469.3930,149.5071,165.1631,0.0140
9812.6776,1470.3907,149.5750,165.1771,0.0140
9813.6798,1471.3883,149.6429,165.1912,0.0140
9814.6821,1472.3860,149.7111,165.2053,0.0140
9815.6844,1473.3837,149.7793,165.2193,0.0140
9816.6866,1474.3814,149.8476,165.2334,0.0140
9817.6888,1475.3790,149.9159,165.2474,0.0140
9818.6911,1476.3767,149.9842,165.2614,0.0140
9819.6933,1477.3743,150.0525,165.2754,0.0139
9820.6956,1478.3720,150.1208,165.2893,0.0138
9821.6979,1479.3697,150.1890,165.3031,0.0138
9822.7001,1480.3673,150.2573,165.3169,0.0137
9823.7024,1481.3650,150.3262,165.3306,0.0136
9824.7046,1482.3625,150.3958,165.3441,0.0135
9825.7069,1483.3601,150.4656,165.3576,0.0134
9826.7092,1484.3577,150.5354,165.3709,0.0132
9827.7114,1485.3552,150.6052,165.3841,0.0131
9828.7136,1486.3528,150.6750,165.3971,0.0129
9829.7158,1487.3503,150.7448,165.4100,0.0127
9830.7181,1488.3479,150.8146,165.4227,0.0125
9831.7204,1489.3455,150.8844,165.4352,0.0123
9832.7226,1490.3430,150.9542,165.4474,0.0121
9833.7249,1491.3407,151.0230,165.4595,0.0119
9834.7271,1492.3383,151.0914,165.4713,0.0116
9835.7294,1493.3360,151.1598,165.4828,0.0114
9836.7316,1494.3336,151.2282,165.4941,0.0111
9837.7339,1495.3313,151.2966,165.5051,0.0108
9838.7362,1496.3290,151.3650,165.5158,0.0105
9839.7384,1497.3266,151.4334,165.5262,0.0103
9840.7407,1498.3243,151.5018,165.5364,0.0099
9841.7429,1499.3219,151.5702,165.5462,0.0096
9842.7452,1500.3196,151.6389,165.5557,0.0093
9843.7474,1501.3172,151.7078,165.5649,0.0090
9844.7497,1502.3148,151.7768,165.5738,0.0087
9845.7519,1503.3124,151.8458,165.5824,0.0084
9846.7541,1504.3100,151.9148,165.5907,0.0081
9847.7565,1505.3077,151.9838,165.5987,0.0079
9848.7587,1506.3053,152.0528,165.6064,0.0076
9849.7610,1507.3029,152.1218,165.6139,0.0074
9850.7632,1508.3005,152.1908,165.6212,0.0071
9851.7654,1509.2981,152.2598,165.6282,0.0069
9852.7677,1510.2957,152.3296,165.6351,0.0068
9853.7699,1511.2932,152.3995,165.6417,0.0066
9854.7722,1512.2908,152.4695,165.6483,0.0065
9855.7744,1513.2883,152.5394,165.6547,0.0064
9856.7767,1514.2859,152.6094,165.6611,0.0063
9857.7789,1515.2834,152.6793,165.6673,0.0062
9858.7812,1516.2810,152.7492,165.6736,0.0062
9859.7834,1517.2785,152.8192,165.6798,0.0062
9860.7857,1518.2761,152.8891,165.6860,0.0062
9861.7880,1519.2737,152.9590,165.6922,0.0062
9862.7902,1520.2712,153.0287,165.6985,0.0063
9863.7925,1521.2688,153.0983,165.7048,0.0063
9864.7948,1522.2664,153.1680,165.7112,0.0064
9865.7970,1523.2639,153.2377,165.7177,0.0065
9866.7992,1524.2615,153.3074,165.7243,0.0066
9867.8015,1525.2591,153.3770,165.7309,0.0067
9868.8037,1526.2566,153.4467,165.7376,0.0068
9869.8060,1527.2542,153.5164,165.7445,0.0069
9870.8083,1528.2518,153.5860,165.7514,0.0069
9871.8105,1529.2494,153.6544,165.7584,0.0070
9872.8127,1530.2471,153.7225,165.7654,0.0071
9873.8150,1531.2448,153.7906,165.7725,0.0071
9874.8173,1532.2425,153.8587,165.7796,0.0071
9875.8196,1533.2402,153.9268,165.7868,0.0071
9876.8217,1534.2378,153.9949,165.7939,0.0071
9877.8240,1535.2355,154.0631,165.8011,0.0071
9878.8263,1536.2332,154.1312,165.8081,0.0070
9879.8286,1537.2309,154.1993,165.8152,0.0070
9880.8307,1538.2285,154.2674,165.8221,0.0069
9881.8330,1539.2262,154.3354,165.8289,0.0067
9882.8353,1540.2239,154.4035,165.8356,0.0066
9883.8375,1541.2216,154.4716,165.8421,0.0064
9884.8398,1542.2193,154.5396,165.8485,0.0063
9885.8420,1543.2169,154.6077,165.8547,0.0061
9886.8443,1544.2146,154.6758,165.8607,0.0059
9887.8465,1545.2123,154.7438,165.8665,0.0057
9888.8488,1546.2100,154.8119,165.8721,0.0055
9889.8511,1547.2077,154.8800,165.8775,0.0053
9890.8533,1548.2053,154.9483,165.8827,0.0050
9891.8556,1549.2030,155.0167,165.8876,0.0048
9892.8578,1550.2007,155.0850,165.8923,0.0046
9893.8600,1551.1983,155.1534,165.8968,0.0043
9894.8623,1552.1960,155.2217,165.9010,0.0041
9895.8645,1553.1936,155.2901,165.9050,0.0038
9896.8668,1554.1913,155.3585,165.9087,0.0036
9897.8691,1555.1890,155.4268,165.9122,0.0033
9898.8713,1556.1866,155.4952,165.9154,0.0030
9899.8735,1557.1842,155.5641,165.9183,0.0028
9900.8758,1558.1818,155.6336,165.9209,0.0025
9901.8781,1559.1794,155.7032,165.9233,0.0022
9902.8803,1560.1770,155.7727,165.9254,0.0019
9903.8826,1561.1746,155.8423,165.9272,0.0017
9904.8848,1562.1721,155.9119,165.9287,0.0014
9905.8871,1563.1697,155.9814,165.9300,0.0011
9906.8894,1564.1673,156.0512,165.9310,0.0008
9907.8916,1565.1646,156.1245,165.9317,0.0006
9908.8938,1566.1618,156.1984,165.9321,0.0003
9909.8961,1567.1591,156.2722,165.9323,0.0001
9910.8983,1568.1564,156.3460,165.9322,-0.0002
9911.9006,1569.1537,156.4198,165.9319,-0.0004
9912.9028,1570.1509,156.4936,165.9313,-0.0007
9913.9051,1571.1482,156.5674,165.9305,-0.0009
9914.9073,1572.1455,156.6412,165.9295,-0.0011
9915.9096,1573.1428,156.7151,165.9283,-0.0013
9916.9119,1574.1401,156.7884,165.9270,-0.0015
9917.9141,1575.1374,156.8615,165.9254,-0.0016
9918.9163,1576.1347,156.9344,165.9238,-0.0017
9919.9186,1577.1321,157.0074,165.9220,-0.0018
9920.9208,1578.1294,157.0804,165.9201,-0.0019
9921.9231,1579.1267,157.1533,165.9182,-0.0019
9922.9254,1580.1241,157.2263,165.9163,-0.0019
9923.9276,1581.1214,157.2993,165.9143,-0.0019
9924.9298,1582.1187,157.3723,165.9125,-0.0018
9925.9321,1583.1161,157.4452,165.9106,-0.0018
9926.9344,1584.1135,157.5172,165.9089,-0.0017
9927.9366,1585.1109,157.5891,165.9073,-0.0015
9928.9388,1586.1083,157.6610,165.9058,-0.0014
9929.9411,1587.1057,157.7329,165.9045,-0.0012
9930.9433,1588.1031,157.8048,165.9034,-0.0011
9931.9456,1589.1005,157.8767,165.9024,-0.0009
9932.9478,1590.0979,157.9486,165.9016,-0.0007
9933.9501,1591.0954,158.0205,165.9010,-0.0005
9934.9524,1592.0928,158.0923,165.9006,-0.0003
9935.9546,1593.0901,158.1657,165.9003,-0.0002
9936.9568,1594.0873,158.2402,165.9003,0.0000
9937.9591,1595.0845,158.3148,165.9004,0.0002
9938.9613,1596.0817,158.3895,165.9006,0.0004
9939.9636,1597.0789,158.4641,165.9011,0.0005
9940.9658,1598.0761,158.5387,165.9017,0.0007
9941.9680,1599.0733,158.6134,165.9024,0.0008
9942.9704,1600.0706,158.6880,165.9033,0.0009
9943.9726,1601.0678,158.7627,165.9043,0.0011
9944.9748,1602.0649,158.8383,165.9055,0.0012
9945.9770,1603.0620,158.9140,165.9067,0.0013
9946.9794,1604.0592,158.9897,165.9080,0.0014
9947.9816,1605.0563,159.0654,165.9094,0.0014
9948.9838,1606.0534,159.1411,165.9109,0.0015
9949.9861,1607.0506,159.2167,165.9124,0.0015
9950.9883,1608.0477,159.2924,165.9140,0.0016
9951.9906,1609.0448,159.3681,165.9156,0.0016
9952.9929,1610.0420,159.4438,165.9172,0.0016
9953.9951,1611.0392,159.5186,165.9189,0.0016
9954.9973,1612.0364,159.5927,165.9205,0.0016
9955.9996,1613.0337,159.6667,165.9221,0.0016
9957.0018,1614.0309,159.7407,165.9237,0.0016
9958.0041,1615.0282,159.8148,165.9253,0.0016
9959.0063,1616.0254,159.8888,165.9269,0.0016
9960.0086,1617.0227,159.9629,165.9284,0.0015
9961.0108,1618.0199,160.0369,165.9300,0.0015
9962.0131,1619.0172,160.1110,165.9315,0.0015
9963.0153,1620.0147,160.1816,165.9330,0.0015
9964.0176,1621.0124,160.2496,165.9345,0.0016
9965.0199,1622.0101,160.3175,165.9361,0.0016
9966.0221,1623.0078,160.3855,165.9378,0.0017
9967.0244,1624.0055,160.4534,165.9396,0.0018
9968.0265,1625.0031,160.5213,165.9415,0.0020
9969.0288,1626.0008,160.5892,165.9435,0.0022
9970.0311,1626.9985,160.6571,165.9458,0.0024
9971.0333,1627.9962,160.7251,165.9483,0.0027
9972.0356,1628.9939,160.7937,165.9511,0.0030
9973.0379,1629.9915,160.8628,165.9543,0.0033
9974.0401,1630.9891,160.9318,165.9577,0.0036
9975.0423,1631.9867,161.0009,165.9615,0.0040
9976.0446,1632.9843,161.0700,165.9657,0.0044
9977.0468,1633.9819,161.1391,165.9703,0.0048
9978.0491,1634.9795,161.2082,165.9753,0.0052
9979.0513,1635.9771,161.2773,165.9807,0.0055
9980.0536,1636.9747,161.3468,165.9864,0.0059
9981.0559,1637.9720,161.4207,165.9925,0.0062
9982.0580,1638.9692,161.4947,165.9988,0.0065
9983.0603,1639.9665,161.5687,166.0055,0.0067
9984.0626,1640.9638,161.6426,166.0123,0.0069
9985.0648,1641.9610,161.7166,166.0193,0.0071
9986.0670,1642.9582,161.7911,166.0265,0.0072
9987.0693,1643.9549,161.8722,166.0337,0.0072
9988.0716,1644.9517,161.9532,166.0410,0.0072
9989.0739,1645.9484,162.0343,166.0482,0.0072
9990.0761,1646.9450,162.1162,166.0554,0.0071
9991.0783,1647.9409,162.2067,166.0624,0.0069
9992.0805,1648.9368,162.2971,166.0693,0.0068
9993.0828,1649.9327,162.3876,166.0760,0.0066
9994.0850,1650.9285,162.4787,166.0825,0.0064
9995.0873,1651.9239,162.5754,166.0887,0.0062
9996.0895,1652.9192,162.6721,166.0948,0.0059
9997.0918,1653.9145,162.7688,166.1006,0.0057
9998.0940,1654.9098,162.8656,166.1063,0.0055
9999.0962,1655.9051,162.9623,166.1117,0.0053
10000.0985,1656.9004,163.0590,166.1169,0.0052
10001.1007,1657.8957,163.1557,166.1220,0.0050
10002.1029,1658.8910,163.2524,166.1270,0.0049
10003.1052,1659.8863,163.3493,166.1318,0.0048
10004.1075,1660.8814,163.4490,166.1366,0.0047
10005.1097,1661.8762,163.5509,166.1413,0.0047
10006.1120,1662.8710,163.6527,166.1460,0.0047
10007.1141,1663.8657,163.7546,166.1507,0.0047
10008.1164,1664.8605,163.8566,166.1553,0.0047
10009.1186,1665.8550,163.9612,166.1600,0.0047
10010.1209,1666.8494,164.0677,166.1647,0.0047
10011.1231,1667.8437,164.1742,166.1695,0.0047
10012.1254,1668.8380,164.2807,166.1743,0.0048
10013.1276,1669.8323,164.3872,166.1791,0.0048
10014.1298,1670.8266,164.4936,166.1839,0.0048
10015.1320,1671.8209,164.6001,166.1887,0.0048
10016.1343,1672.8152,164.7067,166.1936,0.0049
10017.1365,1673.8094,164.8146,166.1985,0.0049
10018.1388,1674.8026,164.9312,166.2033,0.0049
10019.1410,1675.7958,165.0478,166.2082,0.0049
10020.1432,1676.7889,165.1648,166.2131,0.0049
10021.1454,1677.7814,165.2868,166.2180,0.0049
10022.1477,1678.7735,165.4125,166.2229,0.0049
10023.1499,1679.7656,165.5381,166.2278,0.0049
10024.1521,1680.7576,165.6637,166.2328,0.0050
10025.1543,1681.7497,165.7893,166.2378,0.0050
10026.1566,1682.7417,165.9157,166.2428,0.0051
10027.1588,1683.7331,166.0463,166.2479,0.0052
10028.1610,1684.7246,166.1769,166.2532,0.0053
10029.1632,1685.7160,166.3074,166.2585,0.0054
10030.1655,1686.7075,166.4380,166.2640,0.0056
10031.1677,1687.6989,166.5686,166.2697,0.0058
10032.1699,1688.6903,166.6991,166.2756,0.0060
10033.1721,1689.6817,166.8301,166.2818,0.0063
10034.1743,1690.6726,166.9647,166.2882,0.0065
10035.1766,1691.6632,167.1018,166.2949,0.0068
10036.1788,1692.6537,167.2389,166.3019,0.0072
10037.1810,1693.6443,167.3761,166.3092,0.0075
10038.1832,1694.6348,167.5132,166.3169,0.0079
10039.1855,1695.6254,167.6504,166.3250,0.0082
10040.1877,1696.6158,167.7888,166.3334,0.0086
10041.1898,1697.6060,167.9278,166.3422,0.0090
10042.1921,1698.5963,168.0669,166.3514,0.0094
10043.1943,1699.5866,168.2060,166.3610,0.0098
10044.1966,1700.5769,168.3451,166.3710,0.0101
10045.1988,1701.5672,168.4842,166.3813,0.0105
10046.2009,1702.5576,168.6218,166.3920,0.0108
10047.2033,1703.5490,168.7534,166.4029,0.0111
10048.2055,1704.5403,168.8850,166.4142,0.0114
10049.2077,1705.5316,169.0166,166.4258,0.0116
10050.2098,1706.5229,169.1476,166.4376,0.0119
10051.2121,1707.5148,169.2752,166.4496,0.0121
10052.2143,1708.5069,169.4005,166.4617,0.0122
10053.2165,1709.4990,169.5257,166.4741,0.0124
10054.2187,1710.4911,169.6510,166.4865,0.0125
10055.2211,1711.4833,169.7763,166.4991,0.0126
10056.2232,1712.4754,169.9015,166.5117,0.0126
10057.2255,1713.4675,170.0268,166.5244,0.0127
10058.2277,1714.4596,170.1521,166.5371,0.0127
10059.2299,1715.4517,170.2774,166.5498,0.0127
10060.2322,1716.4437,170.4042,166.5626,0.0127
10061.2344,1717.4349,170.5366,166.5754,0.0127
10062.2366,1718.4261,170.6689,166.5882,0.0128
10063.2388,1719.4173,170.8013,166.6009,0.0128
10064.2410,1720.4085,170.9336,166.6138,0.0128
10065.2432,1721.3996,171.0662,166.6266,0.0128
10066.2454,1722.3907,171.1995,166.6395,0.0129
10067.2477,1723.3817,171.3335,166.6524,0.0129
10068.2499,1724.3727,171.4674,166.6654,0.0130
10069.2521,1725.3637,171.6013,166.6785,0.0131
10070.2544,1726.3547,171.7353,166.6917,0.0132
10071.2566,1727.3457,171.8692,166.7050,0.0133
10072.2588,1728.3367,172.0032,166.7184,0.0134
10073.2610,1729.3276,172.1371,166.7319,0.0136
10074.2632,1730.3186,172.2710,166.7456,0.0137
10075.2655,1731.3097,172.4046,166.7594,0.0138
10076.2676,1732.3008,172.5373,166.7733,0.0140
10077.2699,1733.2920,172.6699,166.7874,0.0141
10078.2722,1734.2832,172.8026,166.8016,0.0142
10079.2743,1735.2743,172.9353,166.8160,0.0144
10080.2766,1736.2655,173.0679,166.8304,0.0145
10081.2787,1737.2566,173.2006,166.8450,0.0146
10082.2810,1738.2478,173.3332,166.8597,0.0147
10083.2833,1739.2390,173.4659,166.8745,0.0148
10084.2855,1740.2301,173.5989,166.8894,0.0149
10085.2876,1741.2209,173.7340,166.9043,0.0150
10086.2899,1742.2116,173.8702,166.9194,0.0151
10087.2921,1743.2023,174.0065,166.9345,0.0151
10088.2943,1744.1929,174.1427,166.9497,0.0152
10089.2965,1745.1836,174.2790,166.9650,0.0153
10090.2988,1746.1743,174.4152,166.9803,0.0153
10091.3010,1747.1650,174.5515,166.9957,0.0154
10092.3032,1748.1556,174.6878,167.0112,0.0155
10093.3054,1749.1463,174.8240,167.0268,0.0156
10094.3077,1750.1371,174.9597,167.0424,0.0156
10095.3098,1751.1280,175.0940,167.0581,0.0157
10096.3120,1752.1189,175.2283,167.0739,0.0158
10097.3143,1753.1099,175.3626,167.0897,0.0159
10098.3165,1754.1008,175.4969,167.1057,0.0159
10099.3188,1755.0918,175.6312,167.1217,0.0160
10100.3209,1756.0828,175.7644,167.1377,0.0161
10101.3232,1757.0745,175.8935,167.1539,0.0161
10102.3254,1758.0665,176.0199,167.1700,0.0162
10103.3276,1759.0584,176.1463,167.1863,0.0162
10104.3298,1760.0504,176.2728,167.2026,0.0163
10105.3321,1761.0424,176.3992,167.2189,0.0163
10106.3343,1762.0344,176.5255,167.2352,0.0163
10107.3365,1763.0264,176.6518,167.2516,0.0164
10108.3388,1764.0184,176.7781,167.2680,0.0164
10109.3409,1765.0102,176.9055,167.2844,0.0164
10110.3432,1766.0016,177.0364,167.3009,0.0164
10111.3454,1766.9927,177.1694,167.3173,0.0164
10112.3476,1767.9838,177.3025,167.3338,0.0164
10113.3498,1768.9749,177.4356,167.3503,0.0164
10114.3520,1769.9660,177.5686,167.3668,0.0165
10115.3542,1770.9571,177.7017,167.3833,0.0165
10116.3565,1771.9483,177.8348,167.3998,0.0165
10117.3587,1772.9394,177.9678,167.4163,0.0165
10118.3610,1773.9305,178.1009,167.4328,0.0165
10119.3632,1774.9216,178.2339,167.4493,0.0165
10120.3654,1775.9127,178.3669,167.4659,0.0165
10121.3676,1776.9038,178.4998,167.4824,0.0165
10122.3699,1777.8950,178.6327,167.4989,0.0165
10123.3720,1778.8861,178.7656,167.5154,0.0165
10124.3742,1779.8772,178.8986,167.5320,0.0165
10125.3764,1780.8683,179.0315,167.5485,0.0165
10126.3787,1781.8595,179.1644,167.5650,0.0165
10127.3809,1782.8506,179.2974,167.5815,0.0165
10128.3831,1783.8417,179.4301,167.5980,0.0165
10129.3854,1784.8330,179.5621,167.6145,0.0165
10130.3876,1785.8243,179.6937,167.6310,0.0165
10131.3898,1786.8156,179.8254,167.6475,0.0165
10132.3920,1787.8069,179.9570,167.6640,0.0165
10133.3942,1788.7982,180.0886,167.6805,0.0165
10134.3965,1789.7895,180.2203,167.6970,0.0165
10135.3987,1790.7808,180.3519,167.7136,0.0165
10136.4009,1791.7721,180.4835,167.7301,0.0165
10137.4031,1792.7634,180.6151,167.7466,0.0165
10138.4053,1793.7548,180.7458,167.7631,0.0165
10139.4075,1794.7464,180.8748,167.7797,0.0165
10140.4098,1795.7381,181.0039,167.7962,0.0165
10141.4120,1796.7297,181.1329,167.8128,0.0165
10142.4142,1797.7214,181.2619,167.8293,0.0165
10143.4164,1798.7130,181.3909,167.8459,0.0165
10144.4186,1799.7046,181.5199,167.8624,0.0165
10145.4209,1800.6963,181.6490,167.8789,0.0165
10146.4231,1801.6879,181.7780,167.8955,0.0165
10147.4253,1802.6795,181.9075,167.9120,0.0165
10148.4275,1803.6709,182.0384,167.9286,0.0165
10149.4298,1804.6622,182.1702,167.9451,0.0165
10150.4320,1805.6535,182.3019,167.9617,0.0165
10151.4342,1806.6448,182.4336,167.9782,0.0165
10152.4365,1807.6361,182.5653,167.9948,0.0166
10153.4386,1808.6273,182.6970,168.0115,0.0166
10154.4408,1809.6186,182.8287,168.0281,0.0167
10155.4431,1810.6099,182.9604,168.0449,0.0168
10156.4453,1811.6012,183.0921,168.0618,0.0169
10157.4475,1812.5925,183.2239,168.0787,0.0170
10158.4498,1813.5838,183.3556,168.0958,0.0171
10159.4520,1814.5751,183.4874,168.1130,0.0173
10160.4541,1815.5663,183.6192,168.1304,0.0174
10161.4564,1816.5576,183.7509,168.1479,0.0176
10162.4586,1817.5489,183.8827,168.1657,0.0178
10163.4609,1818.5402,184.0145,168.1837,0.0181
10164.4631,1819.5315,184.1463,168.2019,0.0183
10165.4652,1820.5227,184.2780,168.2204,0.0186
10166.4674,1821.5140,184.4095,168.2391,0.0188
10167.4697,1822.5054,184.5405,168.2581,0.0191
10168.4720,1823.4969,184.6711,168.2774,0.0194
10169.4741,1824.4883,184.8017,168.2969,0.0196
10170.4763,1825.4797,184.9324,168.3168,0.0199
10171.4786,1826.4712,185.0630,168.3369,0.0202
10172.4808,1827.4626,185.1936,168.3573,0.0205
10173.4830,1828.4540,185.3242,168.3779,0.0207
10174.4853,1829.4455,185.4548,168.3988,0.0210
10175.4875,1830.4369,185.5855,168.4199,0.0212
10176.4897,1831.4282,185.7173,168.4413,0.0214
10177.4919,1832.4193,185.8505,168.4629,0.0216
10178.4941,1833.4103,185.9836,168.4846,0.0218
10179.4963,1834.4014,186.1168,168.5066,0.0220
10180.4985,1835.3925,186.2501,168.5287,0.0221
10181.5008,1836.3836,186.3834,168.5510,0.0223
10182.5030,1837.3747,186.5168,168.5734,0.0224
10183.5052,1838.3657,186.6503,168.5959,0.0225
10184.5075,1839.3568,186.7837,168.6184,0.0225
10185.5096,1840.3477,186.9180,168.6411,0.0226
10186.5119,1841.3384,187.0542,168.6637,0.0226
10187.5140,1842.3289,187.1914,168.6864,0.0226
10188.5163,1843.3195,187.3285,168.7090,0.0226
10189.5185,1844.3100,187.4656,168.7317,0.0226
10190.5207,1845.3006,187.6028,168.7543,0.0225
10191.5229,1846.2911,187.7401,168.7768,0.0224
10192.5251,1847.2812,187.8803,168.7992,0.0224
10193.5274,1848.2709,188.0240,168.8216,0.0223
10194.5296,1849.2605,188.1677,168.8438,0.0222
10195.5318,1850.2501,188.3113,168.8660,0.0221
10196.5340,1851.2397,188.4552,168.8881,0.0220
10197.5361,1852.2288,188.6022,168.9100,0.0219
10198.5384,1853.2174,188.7530,168.9319,0.0218
10199.5406,1854.2060,188.9038,168.9537,0.0217
10200.5428,1855.1945,189.0546,168.9753,0.0216
10201.5450,1856.1831,189.2055,168.9970,0.0215
10202.5472,1857.1711,189.3600,169.0185,0.0215
10203.5494,1858.1584,189.5184,169.0400,0.0214
10204.5516,1859.1458,189.6768,169.0615,0.0214
10205.5538,1860.1331,189.8355,169.0830,0.0214
10206.5560,1861.1198,189.9982,169.1044,0.0214
10207.5583,1862.1058,190.1653,169.1258,0.0214
10208.5604,1863.0917,190.3324,169.1473,0.0214
10209.5626,1864.0776,190.4996,169.1688,0.0214
10210.5648,1865.0632,190.6687,169.1902,0.0215
10211.5669,1866.0481,190.8417,169.2118,0.0215
10212.5691,1867.0327,191.0165,169.2333,0.0215
10213.5713,1868.0173,191.1913,169.2549,0.0216
10214.5735,1869.0019,191.3662,169.2766,0.0216
10215.5757,1869.9865,191.5412,169.2983,0.0217
10216.5780,1870.9706,191.7190,169.3201,0.0218
10217.5801,1871.9541,191.8999,169.3419,0.0218
10218.5823,1872.9376,192.0808,169.3638,0.0219
10219.5845,1873.9211,192.2617,169.3858,0.0220
10220.5867,1874.9046,192.4426,169.4079,0.0221
10221.5888,1875.8880,192.6236,169.4300,0.0222
10222.5910,1876.8710,192.8072,169.4523,0.0223
10223.5932,1877.8536,192.9933,169.4746,0.0224
10224.5954,1878.8361,193.1794,169.4971,0.0225
10225.5975,1879.8186,193.3655,169.5197,0.0226
10226.5998,1880.8012,193.5516,169.5424,0.0227
10227.6019,1881.7837,193.7377,169.5652,0.0228
10228.6041,1882.7662,193.9239,169.5881,0.0229
10229.6063,1883.7481,194.1133,169.6111,0.0230
10230.6084,1884.7294,194.3057,169.6341,0.0230
10231.6107,1885.7108,194.4980,169.6572,0.0231
10232.6128,1886.6921,194.6903,169.6804,0.0231
10233.6150,1887.6731,194.8842,169.7036,0.0231
10234.6171,1888.6532,195.0826,169.7267,0.0231
10235.6193,1889.6327,195.2840,169.7498,0.0230
10236.6215,1890.6123,195.4854,169.7729,0.0230
10237.6236,1891.5912,195.6893,169.7959,0.0229
10238.6259,1892.5693,195.8978,169.8187,0.0228
10239.6280,1893.5469,196.1081,169.8415,0.0226
10240.6301,1894.5244,196.3188,169.8641,0.0225
10241.6323,1895.5009,196.5347,169.8865,0.0223
10242.6345,1896.4763,196.7551,169.9088,0.0221
10243.6366,1897.4516,196.9759,169.9309,0.0220
10244.6387,1898.4255,197.2026,169.9529,0.0218
10245.6409,1899.3983,197.4345,169.9746,0.0217
10246.6430,1900.3709,197.6667,169.9963,0.0215
10247.6451,1901.3420,197.9053,170.0178,0.0214
10248.6473,1902.3119,198.1491,170.0392,0.0213
10249.6493,1903.2808,198.3963,170.0604,0.0212
10250.6515,1904.2484,198.6490,170.0816,0.0211
10251.6536,1905.2152,198.9044,170.1027,0.0210
10252.6557,1906.1804,199.1658,170.1236,0.0209
10253.6578,1907.1443,199.4320,170.1445,0.0208
10254.6599,1908.1073,199.7017,170.1653,0.0207
10255.6619,1909.0686,199.9770,170.1860,0.0206
10256.6641,1910.0292,200.2550,170.2065,0.0204
10257.6661,1910.9880,200.5391,170.2270,0.0203
10258.6682,1911.9453,200.8280,170.2472,0.0201
10259.6702,1912.9016,201.1204,170.2673,0.0199
10260.6723,1913.8562,201.4183,170.2871,0.0197
10261.6745,1914.8101,201.7187,170.3067,0.0194
10262.6765,1915.7619,202.0253,170.3259,0.0191
10263.6785,1916.7122,202.3366,170.3449,0.0187
10264.6806,1917.6624,202.6483,170.3635,0.0184
10265.6826,1918.6106,202.9659,170.3817,0.0180
10266.6846,1919.5573,203.2879,170.3995,0.0176
10267.6866,1920.5039,203.6103,170.4169,0.0171
10268.6886,1921.4485,203.9384,170.4339,0.0167
10269.6907,1922.3917,204.2708,170.4504,0.0163
10270.6927,1923.3348,204.6032,170.4665,0.0158
10271.6947,1924.2769,204.9386,170.4822,0.0154
10272.6967,1925.2172,205.2789,170.4974,0.0150
10273.6987,1926.1569,205.6209,170.5122,0.0146
10274.7008,1927.0965,205.9633,170.5267,0.0142
10275.7027,1928.0342,206.3105,170.5408,0.0139
10276.7047,1928.9707,206.6612,170.5545,0.0136
10277.7067,1929.9072,207.0119,170.5680,0.0133
10278.7087,1930.8436,207.3628,170.5811,0.0130
10279.7106,1931.7781,207.7187,170.5940,0.0128
10280.7127,1932.7114,208.0779,170.6067,0.0125
10281.7147,1933.6447,208.4371,170.6191,0.0123
10282.7166,1934.5778,208.7965,170.6314,0.0121
10283.7186,1935.5093,209.1603,170.6434,0.0120
10284.7206,1936.4397,209.5269,170.6553,0.0118
10285.7226,1937.3701,209.8935,170.6671,0.0117
10286.7245,1938.3004,210.2601,170.6787,0.0115
10287.7265,1939.2307,210.6270,170.6902,0.0114
10288.7284,1940.1597,210.9970,170.7015,0.0112
10289.7304,1941.0879,211.3691,170.7127,0.0111
10290.7324,1942.0162,211.7411,170.7238,0.0110
10291.7344,1942.9444,212.1132,170.7347,0.0108
10292.7363,1943.8726,212.4852,170.7455,0.0107
10293.7383,1944.8008,212.8573,170.7561,0.0105
10294.7402,1945.7289,213.2295,170.7666,0.0104
10295.7422,1946.6560,213.6045,170.7770,0.0102
10296.7441,1947.5823,213.9811,170.7871,0.0101
10297.7461,1948.5087,214.3577,170.7971,0.0099
10298.7480,1949.4351,214.7343,170.8069,0.0097
10299.7500,1950.3615,215.1109,170.8165,0.0094
10300.7519,1951.2878,215.4875,170.8258,0.0092
10301.7538,1952.2141,215.8643,170.8350,0.0090
10302.7558,1953.1390,216.2445,170.8438,0.0087
10303.7578,1954.0632,216.6265,170.8524,0.0085
10304.7597,1954.9873,217.0086,170.8608,0.0082
10305.7616,1955.9114,217.3907,170.8688,0.0079
10306.7636,1956.8355,217.7730,170.8766,0.0076
10307.7656,1957.7576,218.1600,170.8840,0.0073
10308.7675,1958.6786,218.5495,170.8912,0.0070
10309.7694,1959.5996,218.9390,170.8980,0.0067
10310.7713,1960.5192,219.3319,170.9046,0.0064
10311.7733,1961.4368,219.7294,170.9108,0.0061
10312.7752,1962.3537,220.1285,170.9167,0.0058
10313.7770,1963.2690,220.5312,170.9224,0.0055
10314.7789,1964.1821,220.9388,170.9278,0.0053
10315.7809,1965.0946,221.3481,170.9330,0.0050
10316.7827,1966.0052,221.7612,170.9379,0.0048
10317.7847,1966.9136,222.1795,170.9426,0.0046
10318.7865,1967.8211,222.5994,170.9471,0.0044
10319.7884,1968.7269,223.0232,170.9514,0.0042
10320.7903,1969.6302,223.4522,170.9556,0.0041
10321.7921,1970.5327,223.8829,170.9597,0.0040
10322.7939,1971.4333,224.3174,170.9636,0.0039
10323.7958,1972.3315,224.7570,170.9675,0.0039
10324.7976,1973.2289,225.1982,170.9714,0.0039
10325.7994,1974.1246,225.6429,170.9753,0.0039
10326.8013,1975.0180,226.0922,170.9792,0.0039
10327.8031,1975.9107,226.5429,170.9831,0.0040
10328.8050,1976.8016,226.9971,170.9872,0.0041
10329.8067,1977.6902,227.4557,170.9914,0.0043
10330.8086,1978.5782,227.9156,170.9957,0.0044
10331.8103,1979.4660,228.3758,171.0003,0.0046
10332.8122,1980.3518,228.8399,171.0050,0.0048
10333.8139,1981.2351,229.3086,171.0100,0.0051
10334.8157,1982.1178,229.7786,171.0152,0.0053
10335.8175,1982.9991,230.2511,171.0206,0.0056
10336.8193,1983.8787,230.7269,171.0264,0.0058
10337.8210,1984.7577,231.2036,171.0323,0.0061
10338.8228,1985.6366,231.6807,171.0386,0.0064
10339.8246,1986.5125,232.1632,171.0451,0.0066
10340.8263,1987.3870,232.6481,171.0518,0.0068
10341.8281,1988.2616,233.1331,171.0587,0.0070
10342.8298,1989.1340,233.6217,171.0658,0.0072
10343.8316,1990.0040,234.1149,171.0731,0.0074
10344.8333,1990.8732,234.6094,171.0806,0.0075
10345.8350,1991.7401,235.1077,171.0882,0.0076
10346.8367,1992.6043,235.6109,171.0958,0.0077
10347.8384,1993.4675,236.1157,171.1035,0.0077
10348.8401,1994.3268,236.6272,171.1113,0.0078
10349.8419,1995.1845,237.1415,171.1191,0.0078
10350.8435,1996.0397,237.6597,171.1269,0.0078
10351.8452,1996.8919,238.1829,171.1347,0.0078
10352.8469,1997.7433,238.7075,171.1425,0.0077
10353.8485,1998.5920,239.2362,171.1503,0.0077
10354.8502,1999.4377,239.7700,171.1579,0.0076
10355.8518,2000.2824,240.3051,171.1656,0.0076
10356.8535,2001.1246,240.8444,171.1731,0.0075
10357.8551,2001.9635,241.3886,171.1806,0.0074
10358.8567,2002.8016,241.9342,171.1879,0.0073
10359.8583,2003.6368,242.4840,171.1951,0.0071
10360.8600,2004.4688,243.0389,171.2022,0.0070
10361.8615,2005.2998,243.5951,171.2092,0.0068
10362.8631,2006.1282,244.1553,171.2159,0.0067
10363.8647,2006.9533,244.7203,171.2225,0.0065
10364.8663,2007.7775,245.2865,171.2289,0.0063
10365.8678,2008.5993,245.8563,171.2351,0.0061
10366.8693,2009.4180,246.4304,171.2411,0.0059
10367.8709,2010.2361,247.0056,171.2468,0.0057
10368.8725,2011.0517,247.5842,171.2524,0.0055
10369.8740,2011.8645,248.1667,171.2577,0.0053
10370.8756,2012.6766,248.7503,171.2630,0.0051
10371.8770,2013.4860,249.3374,171.2680,0.0050
10372.8786,2014.2925,249.9287,171.2730,0.0049
10373.8801,2015.0981,250.5211,171.2778,0.0048
10374.8815,2015.9035,251.1138,171.2826,0.0048
10375.8831,2016.7045,251.7126,171.2874,0.0048
10376.8846,2017.5038,252.3135,171.2922,0.0048
10377.8861,2018.3032,252.9143,171.2971,0.0049
10378.8876,2019.1001,253.5184,171.3020,0.0049
10379.8891,2019.8943,254.1261,171.3069,0.0050
10380.8905,2020.6878,254.7346,171.3120,0.0051
10381.8920,2021.4813,255.3432,171.3171,0.0051
10382.8934,2022.2722,255.9551,171.3222,0.0052
10383.8949,2023.0602,256.5708,171.3274,0.0052
10384.8964,2023.8476,257.1873,171.3327,0.0053
10385.8978,2024.6346,257.8042,171.3380,0.0053
10386.8992,2025.4164,258.4277,171.3433,0.0053
10387.9006,2026.1966,259.0532,171.3486,0.0053
10388.9021,2026.9765,259.6792,171.3538,0.0052
10389.9035,2027.7510,260.3117,171.3591,0.0052
10390.9048,2028.5237,260.9464,171.3643,0.0052
10391.9063,2029.2933,261.5850,171.3694,0.0051
10392.9076,2030.0592,262.2279,171.3745,0.0051
10393.9090,2030.8239,262.8723,171.3796,0.0050
10394.9104,2031.5826,263.5238,171.3846,0.0049
10395.9117,2032.3394,264.1774,171.3895,0.0049
10396.9131,2033.0926,264.8352,171.3943,0.0048
10397.9144,2033.8419,265.4974,171.3991,0.0047
10398.9157,2034.5899,266.1611,171.4038,0.0046
10399.9170,2035.3320,266.8314,171.4084,0.0045
10400.9183,2036.0722,267.5037,171.4129,0.0044
10401.9196,2036.8121,268.1765,171.4172,0.0043
10402.9209,2037.5462,268.8555,171.4215,0.0041
10403.9222,2038.2785,269.5365,171.4255,0.0040
10404.9235,2039.0108,270.2175,171.4294,0.0038
10405.9247,2039.7401,270.9016,171.4331,0.0036
10406.9260,2040.4661,271.5894,171.4367,0.0035
10407.9272,2041.1914,272.2778,171.4401,0.0033
10408.9285,2041.9133,272.9698,171.4433,0.0031
10409.9297,2042.6315,273.6656,171.4463,0.0030
10410.9309,2043.3489,274.3622,171.4492,0.0028
10411.9321,2044.0627,275.0626,171.4519,0.0027
10412.9334,2044.7724,275.7671,171.4546,0.0026
10413.9346,2045.4809,276.4729,171.4571,0.0025
10414.9358,2046.1831,277.1848,171.4595,0.0024
10415.9370,2046.8836,277.8985,171.4619,0.0023
10416.9381,2047.5804,278.6157,171.4642,0.0023
10417.9393,2048.2735,279.3366,171.4665,0.0022
10418.9404,2048.9652,280.0587,171.4687,0.0022
10419.9415,2049.6504,280.7870,171.4709,0.0022
10420.9427,2050.3338,281.5171,171.4731,0.0022
10421.9438,2051.0168,282.2475,171.4753,0.0021
10422.9449,2051.6932,282.9841,171.4774,0.0021
10423.9460,2052.3677,283.7223,171.4795,0.0021
10424.9471,2053.0321,284.4697,171.4815,0.0020
10425.9481,2053.6936,285.2196,171.4835,0.0020
10426.9492,2054.3550,285.9696,171.4855,0.0020
10427.9503,2055.0109,286.7245,171.4874,0.0019
10428.9513,2055.6667,287.4794,171.4893,0.0019
10429.9524,2056.3216,288.2351,171.4912,0.0019
10430.9534,2056.9738,288.9932,171.4930,0.0018
10431.9545,2057.6259,289.7513,171.4949,0.0018
10432.9555,2058.2761,290.5111,171.4967,0.0018
10433.9565,2058.9240,291.2728,171.4985,0.0019
10434.9576,2059.5720,292.0345,171.5004,0.0019
10435.9586,2060.2167,292.7989,171.5023,0.0020
10436.9596,2060.8601,293.5644,171.5043,0.0020
10437.9606,2061.5034,294.3300,171.5064,0.0021
10438.9617,2062.1417,295.0998,171.5086,0.0023
10439.9627,2062.7795,295.8700,171.5109,0.0024
10440.9636,2063.4165,296.6408,171.5134,0.0026
10441.9647,2064.0488,297.4156,171.5161,0.0028
10442.9656,2064.6811,298.1903,171.5190,0.0030
10443.9666,2065.3110,298.9669,171.5221,0.0032
10444.9676,2065.9371,299.7467,171.5255,0.0035
10445.9686,2066.5631,300.5265,171.5291,0.0038
10446.9695,2067.1851,301.3095,171.5330,0.0040
10447.9705,2067.8046,302.0946,171.5372,0.0043
10448.9714,2068.4240,302.8796,171.5417,0.0046
10449.9722,2069.0214,303.6814,171.5464,0.0049
10450.9732,2069.6129,304.4878,171.5514,0.0051
10451.9741,2070.2023,305.2956,171.5567,0.0053
10452.9749,2070.7890,306.1054,171.5621,0.0056
10453.9758,2071.3728,306.9173,171.5678,0.0057
10454.9767,2071.9548,307.7305,171.5736,0.0059
10455.9776,2072.5354,308.5447,171.5795,0.0060
10456.9784,2073.1150,309.3596,171.5856,0.0061
10457.9792,2073.6944,310.1746,171.5917,0.0061
10458.9801,2074.2724,310.9907,171.5977,0.0061
10459.9810,2074.8496,311.8073,171.6038,0.0060
10460.9818,2075.4248,312.6253,171.6098,0.0060
10461.9827,2075.9980,313.4447,171.6158,0.0059
10462.9836,2076.5689,314.2658,171.6216,0.0057
10463.9843,2077.1371,315.0886,171.6272,0.0056
10464.9852,2077.7005,315.9148,171.6327,0.0054
10465.9860,2078.2602,316.7435,171.6381,0.0052
10466.9868,2078.8183,317.5733,171.6432,0.0050
10467.9876,2079.3761,318.4032,171.6482,0.0049
10468.9884,2079.9334,319.2336,171.6529,0.0047
10469.9892,2080.4905,320.0640,171.6575,0.0045
10470.9900,2081.0477,320.8944,171.6619,0.0043
10471.9908,2081.6046,321.7249,171.6662,0.0042
10472.9916,2082.1615,322.5555,171.6703,0.0040
10473.9925,2082.7185,323.3861,171.6742,0.0039
10474.9933,2083.2761,324.2162,171.6780,0.0037
10475.9941,2083.8339,325.0462,171.6816,0.0036
10476.9949,2084.3917,325.8761,171.6852,0.0035
10477.9957,2084.9500,326.7058,171.6887,0.0034
10478.9965,2085.5084,327.5353,171.6920,0.0033
10479.9973,2086.0663,328.3652,171.6953,0.0032
10480.9980,2086.6225,329.1962,171.6985,0.0032
10481.9989,2087.1786,330.0274,171.7017,0.0031
10482.9997,2087.7346,330.8586,171.7048,0.0031
10484.0005,2088.2906,331.6898,171.7078,0.0030
10485.0014,2088.8466,332.5210,171.7108,0.0030
10486.0021,2089.4025,333.3522,171.7138,0.0029
10487.0029,2089.9581,334.1836,171.7167,0.0029
10488.0037,2090.5137,335.0151,171.7195,0.0029
10489.0045,2091.0692,335.8466,171.7224,0.0028
10490.0053,2091.6246,336.6782,171.7252,0.0028
10491.0062,2092.1799,337.5099,171.7280,0.0028
10492.0070,2092.7351,338.3416,171.7307,0.0027
10493.0077,2093.2895,339.1738,171.7334,0.0027
10494.0085,2093.8439,340.0060,171.7361,0.0027
10495.0093,2094.3981,340.8384,171.7388,0.0026
10496.0101,2094.9509,341.6717,171.7414,0.0026
10497.0109,2095.5034,342.5052,171.7440,0.0026
10498.0117,2096.0559,343.3388,171.7466,0.0026
10499.0125,2096.6088,344.1720,171.7492,0.0025
10500.0133,2097.1618,345.0052,171.7517,0.0025
10501.0141,2097.7147,345.8385,171.7542,0.0025
10502.0149,2098.2686,346.6710,171.7566,0.0024
10503.0157,2098.8227,347.5035,171.7591,0.0024
10504.0165,2099.3769,348.3359,171.7615,0.0024
10505.0173,2099.9318,349.1678,171.7639,0.0024
10506.0182,2100.4871,349.9995,171.7662,0.0023
10507.0189,2101.0424,350.8311,171.7686,0.0023
10508.0198,2101.5983,351.6624,171.7709,0.0023
10509.0205,2102.1544,352.4934,171.7732,0.0023
10510.0213,2102.7107,353.3244,171.7754,0.0023
10511.0221,2103.2661,354.1560,171.7777,0.0023
10512.0229,2103.8211,354.9878,171.7800,0.0023
10513.0237,2104.3761,355.8197,171.7823,0.0023
10514.0245,2104.9307,356.6518,171.7845,0.0023
10515.0253,2105.4840,357.4848,171.7868,0.0023
10516.0261,2106.0354,358.3190,171.7891,0.0023
10517.0269,2106.5847,359.1547,171.7914,0.0023
10518.0277,2107.1365,359.9887,171.7937,0.0023
10519.0285,2107.6894,360.8219,171.7961,0.0024
10520.0293,2108.2413,361.6558,171.7985,0.0024
10521.0300,2108.7929,362.4899,171.8009,0.0024
10522.0308,2109.3438,363.3245,171.8033,0.0025
10523.0316,2109.8946,364.1591,171.8058,0.0025
10524.0324,2110.4448,364.9941,171.8083,0.0025
10525.0332,2110.9948,365.8293,171.8109,0.0026
10526.0340,2111.5456,366.6640,171.8135,0.0026
10527.0348,2112.0968,367.4983,171.8162,0.0027
10528.0355,2112.6496,368.3316,171.8189,0.0027
10529.0364,2113.2035,369.1642,171.8217,0.0028
10530.0372,2113.7573,369.9969,171.8245,0.0028
10531.0379,2114.3111,370.8295,171.8274,0.0029
10532.0388,2114.8643,371.6626,171.8303,0.0030
10533.0396,2115.4171,372.4959,171.8333,0.0030
10534.0403,2115.9693,373.3296,171.8364,0.0031
10535.0411,2116.5207,374.1638,171.8395,0.0032
10536.0419,2117.0720,374.9981,171.8427,0.0032
10537.0427,2117.6233,375.8324,171.8460,0.0033
10538.0435,2118.1750,376.6665,171.8493,0.0034
10539.0443,2118.7279,377.4998,171.8527,0.0034
10540.0450,2119.2810,378.3328,171.8561,0.0035
10541.0459,2119.8340,379.1660,171.8597,0.0035
10542.0467,2120.3870,379.9992,171.8632,0.0036
10543.0475,2120.9402,380.8323,171.8668,0.0036
10544.0483,2121.4934,381.6653,171.8705,0.0037
10545.0491,2122.0462,382.4987,171.8742,0.0037
10546.0498,2122.5989,383.3320,171.8779,0.0037
10547.0507,2123.1522,384.1650,171.8816,0.0037
10548.0515,2123.7058,384.9978,171.8853,0.0037
10549.0523,2124.2585,385.8312,171.8890,0.0036
10550.0531,2124.8113,386.6645,171.8926,0.0036
10551.0538,2125.3650,387.4972,171.8962,0.0035
10552.0546,2125.9187,388.3299,171.8996,0.0034
10553.0554,2126.4727,389.1624,171.9030,0.0033
10554.0562,2127.0268,389.9949,171.9062,0.0031
10555.0570,2127.5801,390.8278,171.9092,0.0029
10556.0577,2128.1332,391.6609,171.9121,0.0028
10557.0586,2128.6861,392.4942,171.9147,0.0025
10558.0594,2129.2389,393.3276,171.9171,0.0023
10559.0601,2129.7914,394.1610,171.9193,0.0021
10560.0610,2130.3441,394.9944,171.9213,0.0018
10561.0618,2130.8970,395.8277,171.9230,0.0016
10562.0625,2131.4496,396.6611,171.9244,0.0013
10563.0633,2132.0023,397.4945,171.9255,0.0010
10564.0641,2132.5551,398.3278,171.9264,0.0007
10565.0649,2133.1079,399.1611,171.9270,0.0004
10566.0657,2133.6603,399.9947,171.9273,0.0002
10567.0665,2134.2123,400.8285,171.9273,-0.0001
10568.0673,2134.7642,401.6624,171.9271,-0.0004
10569.0681,2135.3164,402.4962,171.9265,-0.0007
10570.0689,2135.8687,403.3298,171.9256,-0.0010
10571.0696,2136.4207,404.1636,171.9245,-0.0013
10572.0705,2136.9726,404.9976,171.9230,-0.0016
10573.0712,2137.5243,405.8316,171.9213,-0.0019
10574.0720,2138.0767,406.6652,171.9193,-0.0022
10575.0729,2138.6297,407.4984,171.9170,-0.0024
10576.0737,2139.1833,408.3312,171.9144,-0.0027
10577.0744,2139.7373,409.1636,171.9115,-0.0030
10578.0752,2140.2916,409.9960,171.9084,-0.0032
10579.0760,2140.8464,410.8280,171.9051,-0.0034
10580.0768,2141.4013,411.6599,171.9016,-0.0036
10581.0776,2141.9559,412.4920,171.8978,-0.0038
10582.0784,2142.5105,413.3241,171.8939,-0.0040
10583.0792,2143.0647,414.1565,171.8898,-0.0041
10584.0800,2143.6183,414.9893,171.8856,-0.0043
10585.0808,2144.1716,415.8223,171.8813,-0.0044
10586.0815,2144.7248,416.6553,171.8769,-0.0045
10587.0824,2145.2782,417.4883,171.8723,-0.0046
10588.0832,2145.8320,418.3209,171.8677,-0.0046
10589.0840,2146.3862,419.1533,171.8631,-0.0047
10590.0848,2146.9407,419.9855,171.8583,-0.0048
10591.0855,2147.4960,420.8171,171.8535,-0.0048
10592.0863,2148.0521,421.6482,171.8487,-0.0049
10593.0871,2148.6088,422.4789,171.8438,-0.0049
10594.0879,2149.1654,423.3097,171.8388,-0.0050
10595.0888,2149.7216,424.1408,171.8338,-0.0051
10596.0895,2150.2772,424.9722,171.8287,-0.0051
10597.0903,2150.8326,425.8038,171.8235,-0.0052
10598.0912,2151.3876,426.6357,171.8183,-0.0053
10599.0919,2151.9424,427.4676,171.8130,-0.0053
10600.0927,2152.4972,428.2996,171.8076,-0.0054
10601.0936,2153.0515,429.1320,171.8021,-0.0055
10602.0943,2153.6055,429.9644,171.7966,-0.0056
10603.0951,2154.1594,430.7970,171.7909,-0.0057
10604.0959,2154.7136,431.6294,171.7852,-0.0058
10605.0967,2155.2681,432.4616,171.7793,-0.0059
10606.0975,2155.8229,433.2936,171.7733,-0.0060
10607.0983,2156.3769,434.1261,171.7672,-0.0062
10608.0990,2156.9307,434.9587,171.7610,-0.0063
10609.0998,2157.4846,435.7913,171.7546,-0.0064
10610.1006,2158.0382,436.6241,171.7481,-0.0066
10611.1015,2158.5917,437.4570,171.7415,-0.0067
10612.1022,2159.1450,438.2899,171.7347,-0.0069
10613.1030,2159.6983,439.1229,171.7277,-0.0070
10614.1038,2160.2516,439.9559,171.7206,-0.0072
10615.1046,2160.8046,440.7891,171.7132,-0.0074
10616.1053,2161.3576,441.6222,171.7057,-0.0076
10617.1062,2161.9109,442.4553,171.6980,-0.0078
10618.1069,2162.4648,443.2878,171.6901,-0.0080
10619.1078,2163.0192,444.1201,171.6820,-0.0082
10620.1085,2163.5738,444.9522,171.6736,-0.0085
10621.1093,2164.1282,445.7844,171.6650,-0.0087
10622.1102,2164.6833,446.6163,171.6561,-0.0090
10623.1109,2165.2372,447.4488,171.6471,-0.0092
10624.1117,2165.7902,448.2820,171.6377,-0.0094
10625.1125,2166.3431,449.1153,171.6282,-0.0097
10626.1133,2166.8966,449.9481,171.6183,-0.0099
10627.1140,2167.4510,450.7803,171.6083,-0.0102
10628.1149,2168.0062,451.6121,171.5980,-0.0104
10629.1156,2168.5612,452.4439,171.5874,-0.0106
10630.1164,2169.1161,453.2758,171.5766,-0.0109
10631.1172,2169.6712,454.1076,171.5657,-0.0111
10632.1181,2170.2262,454.9395,171.5545,-0.0113
10633.1188,2170.7801,455.7720,171.5431,-0.0115
10634.1196,2171.3336,456.6049,171.5316,-0.0116
10635.1204,2171.8868,457.4379,171.5198,-0.0118
10636.1211,2172.4393,458.2714,171.5080,-0.0119
10637.1220,2172.9907,459.1057,171.4960,-0.0121
10638.1227,2173.5415,459.9403,171.4838,-0.0122
10639.1236,2174.0937,460.7741,171.4715,-0.0123
10640.1244,2174.6456,461.6080,171.4591,-0.0124
10641.1251,2175.1981,462.4415,171.4466,-0.0125
10642.1259,2175.7517,463.2742,171.4340,-0.0126
10643.1267,2176.3055,464.1069,171.4214,-0.0127
10644.1275,2176.8582,464.9403,171.4086,-0.0128
10645.1283,2177.4107,465.7738,171.3957,-0.0129
10646.1291,2177.9630,466.6075,171.3827,-0.0130
10647.1299,2178.5156,467.4409,171.3697,-0.0131
10648.1307,2179.0689,468.2739,171.3566,-0.0132
10649.1315,2179.6219,469.1071,171.3434,-0.0132
10650.1322,2180.1744,469.9406,171.3301,-0.0133
10651.1330,2180.7266,470.7743,171.3167,-0.0134
10652.1338,2181.2785,471.6082,171.3033,-0.0135
10653.1346,2181.8301,472.4423,171.2897,-0.0136
10654.1353,2182.3817,473.2764,171.2761,-0.0136
10655.1361,2182.9342,474.1099,171.2625,-0.0137
10656.1369,2183.4875,474.9429,171.2487,-0.0138
10657.1378,2184.0404,475.7762,171.2349,-0.0138
10658.1385,2184.5929,476.6097,171.2210,-0.0139
10659.1393,2185.1453,477.4433,171.2071,-0.0140
10660.1401,2185.6977,478.2768,171.1931,-0.0140
10661.1408,2186.2499,479.1105,171.1790,-0.0141
10662.1416,2186.8026,479.9439,171.1649,-0.0141
10663.1424,2187.3557,480.7770,171.1507,-0.0142
10664.1432,2187.9089,481.6101,171.1365,-0.0143
10665.1440,2188.4620,482.4432,171.1222,-0.0143
10666.1448,2189.0148,483.2765,171.1078,-0.0144
10667.1456,2189.5677,484.1098,171.0934,-0.0144
10668.1463,2190.1208,484.9428,171.0790,-0.0145
10669.1472,2190.6747,485.7755,171.0644,-0.0146
10670.1479,2191.2292,486.6076,171.0498,-0.0146
10671.1488,2191.7841,487.4396,171.0351,-0.0147
10672.1496,2192.3395,488.2712,171.0204,-0.0148
10673.1503,2192.8949,489.1027,171.0056,-0.0148
10674.1511,2193.4504,489.9342,170.9907,-0.0149
10675.1519,2194.0054,490.7661,170.9757,-0.0150
10676.1526,2194.5593,491.5986,170.9607,-0.0150
10677.1535,2195.1137,492.4309,170.9456,-0.0151
10678.1543,2195.6680,493.2633,170.9305,-0.0152
10679.1551,2196.2224,494.0955,170.9153,-0.0152
10680.1558,2196.7770,494.9276,170.9000,-0.0152
10681.1567,2197.3317,495.7597,170.8848,-0.0153
10682.1574,2197.8864,496.5917,170.8695,-0.0153
10683.1582,2198.4411,497.4238,170.8542,-0.0153
10684.1590,2198.9959,498.2557,170.8389,-0.0152
10685.1597,2199.5499,499.0882,170.8237,-0.0152
10686.1606,2200.1037,499.9209,170.8085,-0.0151
10687.1613,2200.6578,500.7533,170.7934,-0.0151
10688.1621,2201.2125,501.5854,170.7784,-0.0150
10689.1630,2201.7669,502.4177,170.7634,-0.0149
10690.1637,2202.3208,503.2502,170.7486,-0.0148
10691.1646,2202.8750,504.0827,170.7339,-0.0146
10692.1653,2203.4289,504.9152,170.7193,-0.0145
10693.1661,2203.9825,505.7480,170.7048,-0.0144
10694.1669,2204.5364,506.5806,170.6905,-0.0143
10695.1677,2205.0904,507.4131,170.6763,-0.0142
10696.1684,2205.6447,508.2454,170.6621,-0.0141
10697.1693,2206.1991,509.0777,170.6481,-0.0140
10698.1700,2206.7538,509.9097,170.6341,-0.0139
10699.1708,2207.3090,510.7414,170.6202,-0.0139
10700.1716,2207.8643,511.5731,170.6063,-0.0139
10701.1724,2208.4198,512.4046,170.5924,-0.0139
10702.1732,2208.9757,513.2359,170.5785,-0.0140
10703.1740,2209.5322,514.0667,170.5644,-0.0141
10704.1747,2210.0887,514.8975,170.5503,-0.0142
10705.1755,2210.6436,515.7294,170.5361,-0.0143
10706.1763,2211.1989,516.5611,170.5217,-0.0145
10707.1771,2211.7540,517.3929,170.5070,-0.0147
10708.1780,2212.3085,518.2251,170.4922,-0.0149
10709.1787,2212.8625,519.0576,170.4772,-0.0152
10710.1795,2213.4169,519.8898,170.4618,-0.0154
10711.1803,2213.9718,520.7218,170.4462,-0.0157
10712.1810,2214.5263,521.5539,170.4304,-0.0160
10713.1819,2215.0810,522.3860,170.4142,-0.0163
10714.1826,2215.6359,523.2179,170.3978,-0.0165
10715.1834,2216.1908,524.0498,170.3812,-0.0168
10716.1842,2216.7454,524.8819,170.3643,-0.0170
10717.1850,2217.3006,525.7137,170.3472,-0.0172
10718.1857,2217.8555,526.5455,170.3299,-0.0174
10719.1865,2218.4115,527.3767,170.3124,-0.0175
10720.1874,2218.9671,528.2082,170.2948,-0.0176
10721.1882,2219.5235,529.0391,170.2771,-0.0177
10722.1890,2220.0794,529.8704,170.2593,-0.0178
10723.1898,2220.6352,530.7017,170.2415,-0.0178
10724.1905,2221.1902,531.5335,170.2237,-0.0178
10725.1913,2221.7457,532.3650,170.2059,-0.0178
10726.1921,2222.3012,533.1966,170.1881,-0.0177
10727.1929,2222.8555,534.0289,170.1705,-0.0176
10728.1937,2223.4106,534.8607,170.1529,-0.0175
10729.1945,2223.9661,535.6922,170.1354,-0.0174
10730.1953,2224.5206,536.5244,170.1181,-0.0172
10731.1961,2225.0725,537.3583,170.1009,-0.0171
10732.1968,2225.6248,538.1919,170.0839,-0.0170
10733.1976,2226.1775,539.0253,170.0669,-0.0168
10734.1983,2226.7295,539.8591,170.0502,-0.0167
10735.1992,2227.2826,540.6923,170.0335,-0.0166
10736.1999,2227.8347,541.5260,170.0169,-0.0165
10737.2008,2228.3860,542.3604,170.0005,-0.0164
10738.2015,2228.9382,543.1940,169.9842,-0.0163
10739.2023,2229.4923,544.0265,169.9679,-0.0162
10740.2031,2230.0460,544.8592,169.9517,-0.0161
10741.2038,2230.6003,545.6915,169.9356,-0.0161
10742.2047,2231.1561,546.5229,169.9196,-0.0160
10743.2054,2231.7117,547.3543,169.9035,-0.0160
10744.2062,2232.2666,548.1862,169.8876,-0.0159
10745.2071,2232.8218,549.0180,169.8716,-0.0159
10746.2078,2233.3799,549.8477,169.8557,-0.0159
10747.2086,2233.9365,550.6785,169.8398,-0.0159
10748.2093,2234.4931,551.5092,169.8239,-0.0158
10749.2101,2235.0519,552.3385,169.8081,-0.0158
10750.2110,2235.6091,553.1690,169.7923,-0.0158
10751.2118,2236.1662,553.9994,169.7765,-0.0157
10752.2126,2236.7231,554.8300,169.7608,-0.0157
10753.2134,2237.2800,555.6606,169.7451,-0.0156
10754.2141,2237.8366,556.4913,169.7295,-0.0155
10755.2150,2238.3939,557.3217,169.7140,-0.0154
10756.2157,2238.9509,558.1522,169.6986,-0.0153
10757.2164,2239.5076,558.9828,169.6833,-0.0152
10758.2173,2240.0633,559.8143,169.6682,-0.0150
10759.2181,2240.6189,560.6457,169.6533,-0.0148
10760.2188,2241.1750,561.4768,169.6387,-0.0145
10761.2196,2241.7301,562.3086,169.6243,-0.0142
10762.2204,2242.2851,563.1404,169.6103,-0.0138
10763.2212,2242.8397,563.9726,169.5967,-0.0134
10764.2220,2243.3929,564.8056,169.5835,-0.0129
10765.2228,2243.9460,565.6388,169.5708,-0.0124
10766.2235,2244.4978,566.4727,169.5586,-0.0119
10767.2243,2245.0526,567.3047,169.5471,-0.0112
10768.2251,2245.6077,568.1365,169.5361,-0.0106
10769.2259,2246.1632,568.9680,169.5259,-0.0099
10770.2267,2246.7182,569.7999,169.5164,-0.0092
10771.2275,2247.2719,570.6326,169.5076,-0.0084
10772.2283,2247.8260,571.4650,169.4995,-0.0077
10773.2290,2248.3804,572.2972,169.4922,-0.0069
10774.2298,2248.9340,573.1300,169.4857,-0.0062
10775.2306,2249.4866,573.9635,169.4799,-0.0054
10776.2314,2250.0385,574.7974,169.4748,-0.0047
10777.2321,2250.5922,575.6301,169.4705,-0.0040
10778.2329,2251.1459,576.4628,169.4668,-0.0034
10779.2337,2251.6988,577.2961,169.4637,-0.0028
10780.2345,2252.2532,578.1283,169.4613,-0.0022
10781.2353,2252.8097,578.9592,169.4594,-0.0016
10782.2361,2253.3634,579.7919,169.4580,-0.0011
10783.2368,2253.9159,580.6254,169.4571,-0.0007
10784.2376,2254.4684,581.4589,169.4567,-0.0002
10785.2384,2255.0213,582.2922,169.4567,0.0002
10786.2392,2255.5763,583.1240,169.4571,0.0006
10787.2400,2256.1299,583.9568,169.4579,0.0010
10788.2407,2256.6845,584.7889,169.4591,0.0014
10789.2416,2257.2407,585.6200,169.4607,0.0018
10790.2424,2257.7964,586.4514,169.4626,0.0021
10791.2431,2258.3515,587.2831,169.4649,0.0025
10792.2439,2258.9060,588.1153,169.4676,0.0028
10793.2447,2259.4600,588.9478,169.4706,0.0032
10794.2454,2260.0144,589.7800,169.4740,0.0035
10795.2463,2260.5686,590.6125,169.4776,0.0038
10796.2470,2261.1221,591.4453,169.4816,0.0041
10797.2478,2261.6748,592.2787,169.4859,0.0044
10798.2486,2262.2285,593.1114,169.4905,0.0047
10799.2494,2262.7827,593.9438,169.4953,0.0049
10800.2501,2263.3370,594.7761,169.5003,0.0051
10801.2509,2263.8930,595.6073,169.5055,0.0053
10802.2517,2264.4498,596.4379,169.5109,0.0054
10803.2525,2265.0068,597.2684,169.5164,0.0055
10804.2532,2265.5647,598.0983,169.5219,0.0056
10805.2541,2266.1238,598.9275,169.5276,0.0056
10806.2549,2266.6842,599.7557,169.5332,0.0056
10807.2557,2267.2456,600.5832,169.5388,0.0055
10808.2565,2267.8112,601.4079,169.5443,0.0055
10809.2573,2268.3773,602.2322,169.5497,0.0053
10810.2581,2268.9432,603.0567,169.5549,0.0052
10811.2589,2269.5101,603.8805,169.5600,0.0050
10812.2597,2270.0774,604.7040,169.5649,0.0047
10813.2605,2270.6447,605.5275,169.5695,0.0045
10814.2614,2271.2124,606.3508,169.5738,0.0042
10815.2622,2271.7807,607.1736,169.5779,0.0039
10816.2629,2272.3475,607.9974,169.5817,0.0037
10817.2637,2272.9126,608.8224,169.5853,0.0034
10818.2645,2273.4755,609.6489,169.5885,0.0031
10819.2654,2274.0343,610.4783,169.5915,0.0028
10820.2661,2274.5880,611.3110,169.5942,0.0026
10821.2669,2275.1320,612.1501,169.5967,0.0024
10822.2676,2275.6680,612.9943,169.5989,0.0022
10823.2683,2276.1923,613.8458,169.6010,0.0020
10824.2690,2276.7007,614.7069,169.6029,0.0018
10825.2695,2277.1882,615.5799,169.6047,0.0017
10826.2701,2277.6500,616.4669,169.6063,0.0016
10827.2705,2278.0821,617.3686,169.6078,0.0015
10828.2709,2278.4839,618.2842,169.6092,0.0014
10829.2713,2278.8530,619.2135,169.6105,0.0013
10830.2717,2279.1908,620.1547,169.6118,0.0012
10831.2719,2279.4922,621.1081,169.6130,0.0011
10832.2722,2279.7633,622.0706,169.6141,0.0011
10833.2723,2280.0008,623.0418,169.6151,0.0010
10834.2725,2280.2033,624.0210,169.6160,0.0009
10835.2727,2280.3723,625.0066,169.6168,0.0007
10836.2728,2280.5095,625.9971,169.6175,0.0006
10837.2729,2280.6162,626.9913,169.6180,0.0004
10838.2730,2280.6950,627.9881,169.6182,0.0001
10839.2731,2280.7485,628.9866,169.6182,-0.0001
10840.2731,2280.7557,629.9864,169.6179,-0.0005
10841.2733,2280.7518,630.9864,169.6172,-0.0009
10842.2735,2280.7428,631.9864,169.6161,-0.0014
10843.2736,2280.6985,632.9853,169.6144,-0.0020
10844.2737,2280.6536,633.9843,169.6121,-0.0026
10845.2739,2280.6069,634.9832,169.6091,-0.0034
10846.2741,2280.5491,635.9815,169.6054,-0.0042
10847.2743,2280.5015,636.9804,169.6007,-0.0051
10848.2744,2280.4611,637.9795,169.5952,-0.0060
10849.2746,2280.4285,638.9790,169.5886,-0.0070
10850.2747,2280.4055,639.9787,169.5811,-0.0081
10851.2749,2280.3938,640.9787,169.5725,-0.0091
10852.2751,2280.3947,641.9787,169.5629,-0.0101
10853.2752,2280.4118,642.9785,169.5522,-0.0111
10854.2753,2280.4574,643.9774,169.5407,-0.0120
10855.2754,2280.5385,644.9740,169.5283,-0.0128
10856.2755,2280.6178,645.9708,169.5151,-0.0135
10857.2756,2280.7282,646.9646,169.5013,-0.0140
10858.2758,2280.8675,647.9548,169.4871,-0.0145
10859.2760,2281.0074,648.9450,169.4724,-0.0148
10860.2762,2281.1701,649.9316,169.4575,-0.0150
10861.2764,2281.3567,650.9140,169.4425,-0.0150
10862.2767,2281.5560,651.8940,169.4274,-0.0150
10863.2769,2281.7744,652.8698,169.4124,-0.0149
10864.2771,2282.0151,653.8403,169.3976,-0.0148
10865.2774,2282.2791,654.8048,169.3829,-0.0146
10866.2777,2282.5666,655.7626,169.3683,-0.0144
10867.2780,2282.8770,656.7131,169.3540,-0.0142
10868.2784,2283.2106,657.6558,169.3398,-0.0141
10869.2788,2283.5657,658.5906,169.3258,-0.0140
10870.2792,2283.9416,659.5172,169.3118,-0.0139
10871.2796,2284.3393,660.4347,169.2979,-0.0139
10872.2801,2284.7587,661.3425,169.2840,-0.0140
10873.2806,2285.2009,662.2393,169.2700,-0.0141
10874.2812,2285.6674,663.1238,169.2558,-0.0142
10875.2817,2286.1578,663.9952,169.2416,-0.0144
10876.2824,2286.6718,664.8529,169.2271,-0.0146
10877.2831,2287.2078,665.6971,169.2124,-0.0148
10878.2838,2287.7634,666.5285,169.1974,-0.0151
10879.2846,2288.3361,667.3482,169.1821,-0.0154
10880.2854,2288.9240,668.1571,169.1666,-0.0157
10881.2863,2289.5263,668.9554,169.1507,-0.0160
10882.2871,2290.1417,669.7435,169.1346,-0.0163
10883.2881,2290.7682,670.5230,169.1182,-0.0165
10884.2891,2291.4038,671.2950,169.1015,-0.0168
10885.2901,2292.0460,672.0615,169.0845,-0.0171
10886.2911,2292.6930,672.8240,169.0673,-0.0173
10887.2921,2293.3456,673.5817,169.0499,-0.0175
10888.2931,2294.0027,674.3355,169.0322,-0.0177
10889.2941,2294.6644,675.0853,169.0145,-0.0178
10890.2951,2295.3325,675.8293,168.9965,-0.0179
10891.2962,2296.0070,676.5676,168.9785,-0.0180
10892.2973,2296.6879,677.3000,168.9605,-0.0181
10893.2984,2297.3769,678.0247,168.9424,-0.0181
10894.2995,2298.0752,678.7405,168.9243,-0.0180
10895.3007,2298.7815,679.4484,168.9063,-0.0179
10896.3018,2299.4964,680.1476,168.8884,-0.0178
10897.3030,2300.2213,680.8364,168.8706,-0.0177
10898.3043,2300.9558,681.5151,168.8530,-0.0175
10899.3055,2301.7005,682.1824,168.8355,-0.0173
10900.3068,2302.4551,682.8386,168.8182,-0.0171
10901.3081,2303.2176,683.4856,168.8012,-0.0169
10902.3094,2303.9875,684.1237,168.7844,-0.0166
10903.3107,2304.7635,684.7544,168.7679,-0.0164
10904.3121,2305.5439,685.3797,168.7517,-0.0161
10905.3135,2306.3269,686.0017,168.7357,-0.0158
10906.3150,2307.1113,686.6221,168.7200,-0.0155
10907.3163,2307.8973,687.2402,168.7045,-0.0153
10908.3177,2308.6843,687.8572,168.6894,-0.0150
10909.3191,2309.4701,688.4757,168.6745,-0.0147
10910.3205,2310.2552,689.0951,168.6599,-0.0144
10911.3219,2311.0398,689.7151,168.6456,-0.0142
10912.3232,2311.8242,690.3352,168.6315,-0.0139
10913.3246,2312.6106,690.9530,168.6177,-0.0136
10914.3260,2313.3979,691.5696,168.6042,-0.0133
10915.3274,2314.1863,692.1848,168.5910,-0.0130
10916.3287,2314.9769,692.7970,168.5781,-0.0127
10917.3302,2315.7699,693.4063,168.5655,-0.0124
10918.3316,2316.5640,694.0141,168.5532,-0.0121
10919.3330,2317.3585,694.6213,168.5412,-0.0118
10920.3344,2318.1522,695.2297,168.5296,-0.0114
10921.3358,2318.9438,695.8407,168.5184,-0.0111
10922.3372,2319.7325,696.4554,168.5075,-0.0107
10923.3386,2320.5161,697.0768,168.4969,-0.0103
10924.3400,2321.2935,697.7058,168.4868,-0.0099
10925.3413,2322.0655,698.3413,168.4770,-0.0096
10926.3426,2322.8304,698.9855,168.4676,-0.0092
10927.3439,2323.5860,699.6405,168.4586,-0.0089
10928.3451,2324.3296,700.3091,168.4499,-0.0085
10929.3463,2325.0574,700.9948,168.4415,-0.0082
10930.3474,2325.7685,701.6978,168.4334,-0.0080
10931.3484,2326.4619,702.4183,168.4256,-0.0077
10932.3495,2327.1361,703.1568,168.4180,-0.0075
10933.3504,2327.7905,703.9129,168.4105,-0.0074
10934.3514,2328.4245,704.6862,168.4031,-0.0073
10935.3522,2329.0376,705.4761,168.3959,-0.0072
10936.3530,2329.6308,706.2811,168.3886,-0.0072
10937.3539,2330.2090,707.0970,168.3814,-0.0072
10938.3547,2330.7763,707.9205,168.3742,-0.0073
10939.3554,2331.3287,708.7541,168.3669,-0.0073
10940.3561,2331.8662,709.5973,168.3595,-0.0074
10941.3567,2332.3861,710.4514,168.3521,-0.0074
